0 verbose cli /opt/homebrew/Cellar/node@20/20.18.2/bin/node /opt/homebrew/bin/npm
1 info using npm@11.5.2
2 info using node@v20.18.2
3 silly config load:file:/opt/homebrew/lib/node_modules/npm/npmrc
4 silly config load:file:/Users/keremkirici/Projects/NextJS/portfolio-website/temp/.npmrc
5 silly config load:file:/Users/keremkirici/.npmrc
6 silly config load:file:/opt/homebrew/etc/npmrc
7 verbose title npm install
8 verbose argv "install"
9 verbose logfile logs-max:10 dir:/Users/keremkirici/Projects/NextJS/portfolio-website/.npm-cache/_logs/2025-10-30T19_33_52_717Z-
10 verbose logfile /Users/keremkirici/Projects/NextJS/portfolio-website/.npm-cache/_logs/2025-10-30T19_33_52_717Z-debug-0.log
11 silly logfile done cleaning log files
12 silly packumentCache heap:4345298944 maxSize:1086324736 maxEntrySize:543162368
13 silly idealTree buildDeps
14 silly fetch manifest react@19.2.0
15 silly packumentCache full:https://registry.npmjs.org/react cache-miss
16 http fetch GET 200 https://registry.npmjs.org/react 161ms (cache miss)
17 silly packumentCache full:https://registry.npmjs.org/react set size:undefined disposed:false
18 silly fetch manifest react-dom@19.2.0
19 silly packumentCache full:https://registry.npmjs.org/react-dom cache-miss
20 http fetch GET 200 https://registry.npmjs.org/react-dom 196ms (cache miss)
21 silly packumentCache full:https://registry.npmjs.org/react-dom set size:undefined disposed:false
22 silly fetch manifest next@16.0.1
23 silly packumentCache full:https://registry.npmjs.org/next cache-miss
24 http fetch GET 200 https://registry.npmjs.org/next 448ms (cache miss)
25 silly packumentCache full:https://registry.npmjs.org/next set size:undefined disposed:false
26 silly fetch manifest @opentelemetry/api@^1.1.0
27 silly packumentCache full:https://registry.npmjs.org/@opentelemetry%2fapi cache-miss
28 http fetch GET 200 https://registry.npmjs.org/@opentelemetry%2fapi 211ms (cache miss)
29 silly packumentCache full:https://registry.npmjs.org/@opentelemetry%2fapi set size:undefined disposed:false
30 silly fetch manifest @playwright/test@^1.51.1
31 silly packumentCache full:https://registry.npmjs.org/@playwright%2ftest cache-miss
32 http fetch GET 200 https://registry.npmjs.org/@playwright%2ftest 346ms (cache miss)
33 silly packumentCache full:https://registry.npmjs.org/@playwright%2ftest set size:undefined disposed:false
34 silly fetch manifest babel-plugin-react-compiler@*
35 silly packumentCache full:https://registry.npmjs.org/babel-plugin-react-compiler cache-miss
36 http fetch GET 200 https://registry.npmjs.org/babel-plugin-react-compiler 83ms (cache miss)
37 silly packumentCache full:https://registry.npmjs.org/babel-plugin-react-compiler set size:undefined disposed:false
38 silly fetch manifest sass@^1.3.0
39 silly packumentCache full:https://registry.npmjs.org/sass cache-miss
40 http fetch GET 200 https://registry.npmjs.org/sass 43ms (cache miss)
41 silly packumentCache full:https://registry.npmjs.org/sass set size:undefined disposed:false
42 silly fetch manifest typescript@^5
43 silly packumentCache full:https://registry.npmjs.org/typescript cache-miss
44 http fetch GET 200 https://registry.npmjs.org/typescript 238ms (cache miss)
45 silly packumentCache full:https://registry.npmjs.org/typescript set size:undefined disposed:false
46 silly fetch manifest @types/node@^20
47 silly packumentCache full:https://registry.npmjs.org/@types%2fnode cache-miss
48 http fetch GET 200 https://registry.npmjs.org/@types%2fnode 323ms (cache miss)
49 silly packumentCache full:https://registry.npmjs.org/@types%2fnode set size:undefined disposed:false
50 silly fetch manifest @types/react@^19
51 silly packumentCache full:https://registry.npmjs.org/@types%2freact cache-miss
52 http fetch GET 200 https://registry.npmjs.org/@types%2freact 111ms (cache miss)
53 silly packumentCache full:https://registry.npmjs.org/@types%2freact set size:undefined disposed:false
54 silly fetch manifest @types/react-dom@^19
55 silly packumentCache full:https://registry.npmjs.org/@types%2freact-dom cache-miss
56 http fetch GET 200 https://registry.npmjs.org/@types%2freact-dom 48ms (cache miss)
57 silly packumentCache full:https://registry.npmjs.org/@types%2freact-dom set size:undefined disposed:false
58 silly fetch manifest @tailwindcss/postcss@^4
59 silly packumentCache full:https://registry.npmjs.org/@tailwindcss%2fpostcss cache-miss
60 http fetch GET 200 https://registry.npmjs.org/@tailwindcss%2fpostcss 242ms (cache miss)
61 silly packumentCache full:https://registry.npmjs.org/@tailwindcss%2fpostcss set size:undefined disposed:false
62 silly fetch manifest tailwindcss@^4
63 silly packumentCache full:https://registry.npmjs.org/tailwindcss cache-miss
64 http fetch GET 200 https://registry.npmjs.org/tailwindcss 253ms (cache miss)
65 silly packumentCache full:https://registry.npmjs.org/tailwindcss set size:undefined disposed:false
66 silly fetch manifest eslint@^9
67 silly packumentCache full:https://registry.npmjs.org/eslint cache-miss
68 http fetch GET 200 https://registry.npmjs.org/eslint 44ms (cache miss)
69 silly packumentCache full:https://registry.npmjs.org/eslint set size:undefined disposed:false
70 silly fetch manifest jiti@*
71 silly packumentCache full:https://registry.npmjs.org/jiti cache-miss
72 http fetch GET 200 https://registry.npmjs.org/jiti 31ms (cache miss)
73 silly packumentCache full:https://registry.npmjs.org/jiti set size:undefined disposed:false
74 silly fetch manifest eslint-config-next@16.0.1
75 silly packumentCache full:https://registry.npmjs.org/eslint-config-next cache-miss
76 http fetch GET 200 https://registry.npmjs.org/eslint-config-next 150ms (cache miss)
77 silly packumentCache full:https://registry.npmjs.org/eslint-config-next set size:undefined disposed:false
78 silly placeDep ROOT @tailwindcss/postcss@4.1.16 OK for: temp@0.1.0 want: ^4
79 silly placeDep ROOT @types/node@20.19.24 OK for: temp@0.1.0 want: ^20
80 silly placeDep ROOT @types/react@19.2.2 OK for: temp@0.1.0 want: ^19
81 silly placeDep ROOT @types/react-dom@19.2.2 OK for: temp@0.1.0 want: ^19
82 silly placeDep ROOT eslint@9.38.0 OK for: temp@0.1.0 want: ^9
83 silly placeDep ROOT eslint-config-next@16.0.1 OK for: temp@0.1.0 want: 16.0.1
84 silly placeDep ROOT next@16.0.1 OK for: temp@0.1.0 want: 16.0.1
85 silly placeDep ROOT react@19.2.0 OK for: next@16.0.1 want: ^18.2.0 || 19.0.0-rc-de68d2f4-20241204 || ^19.0.0
86 silly placeDep ROOT react-dom@19.2.0 OK for: next@16.0.1 want: ^18.2.0 || 19.0.0-rc-de68d2f4-20241204 || ^19.0.0
87 silly placeDep ROOT tailwindcss@4.1.16 OK for: temp@0.1.0 want: ^4
88 silly placeDep ROOT typescript@5.9.3 OK for: temp@0.1.0 want: ^5
89 silly fetch manifest postcss@^8.4.41
90 silly packumentCache full:https://registry.npmjs.org/postcss cache-miss
91 silly fetch manifest tailwindcss@4.1.16
92 silly packumentCache full:https://registry.npmjs.org/tailwindcss cache-miss
93 silly fetch manifest @alloc/quick-lru@^5.2.0
94 silly packumentCache full:https://registry.npmjs.org/@alloc%2fquick-lru cache-miss
95 silly fetch manifest @tailwindcss/node@4.1.16
96 silly packumentCache full:https://registry.npmjs.org/@tailwindcss%2fnode cache-miss
97 silly fetch manifest @tailwindcss/oxide@4.1.16
98 silly packumentCache full:https://registry.npmjs.org/@tailwindcss%2foxide cache-miss
99 silly fetch manifest undici-types@~6.21.0
100 silly packumentCache full:https://registry.npmjs.org/undici-types cache-miss
101 silly fetch manifest csstype@^3.0.2
102 silly packumentCache full:https://registry.npmjs.org/csstype cache-miss
103 silly fetch manifest @eslint-community/eslint-utils@^4.8.0
104 silly packumentCache full:https://registry.npmjs.org/@eslint-community%2feslint-utils cache-miss
105 silly fetch manifest @eslint-community/regexpp@^4.12.1
106 silly packumentCache full:https://registry.npmjs.org/@eslint-community%2fregexpp cache-miss
107 silly fetch manifest @eslint/config-array@^0.21.1
108 silly packumentCache full:https://registry.npmjs.org/@eslint%2fconfig-array cache-miss
109 http cache https://registry.npmjs.org/tailwindcss 27ms (cache hit)
110 silly packumentCache full:https://registry.npmjs.org/tailwindcss set size:9804242 disposed:false
111 silly fetch manifest @eslint/config-helpers@^0.4.1
112 silly packumentCache full:https://registry.npmjs.org/@eslint%2fconfig-helpers cache-miss
113 http fetch GET 200 https://registry.npmjs.org/postcss 65ms (cache miss)
114 silly packumentCache full:https://registry.npmjs.org/postcss set size:undefined disposed:false
115 silly fetch manifest @eslint/core@^0.16.0
116 silly packumentCache full:https://registry.npmjs.org/@eslint%2fcore cache-miss
117 http fetch GET 200 https://registry.npmjs.org/csstype 94ms (cache miss)
118 silly packumentCache full:https://registry.npmjs.org/csstype set size:undefined disposed:false
119 silly fetch manifest @eslint/eslintrc@^3.3.1
120 silly packumentCache full:https://registry.npmjs.org/@eslint%2feslintrc cache-miss
121 http fetch GET 200 https://registry.npmjs.org/@eslint%2fconfig-helpers 55ms (cache miss)
122 silly packumentCache full:https://registry.npmjs.org/@eslint%2fconfig-helpers set size:undefined disposed:false
123 silly fetch manifest @eslint/js@9.38.0
124 silly packumentCache full:https://registry.npmjs.org/@eslint%2fjs cache-miss
125 http fetch GET 200 https://registry.npmjs.org/@eslint%2fconfig-array 109ms (cache miss)
126 silly packumentCache full:https://registry.npmjs.org/@eslint%2fconfig-array set size:undefined disposed:false
127 silly fetch manifest @eslint/plugin-kit@^0.4.0
128 silly packumentCache full:https://registry.npmjs.org/@eslint%2fplugin-kit cache-miss
129 http fetch GET 200 https://registry.npmjs.org/@eslint-community%2feslint-utils 115ms (cache miss)
130 silly packumentCache full:https://registry.npmjs.org/@eslint-community%2feslint-utils set size:undefined disposed:false
131 silly fetch manifest @humanfs/node@^0.16.6
132 silly packumentCache full:https://registry.npmjs.org/@humanfs%2fnode cache-miss
133 http fetch GET 200 https://registry.npmjs.org/@eslint-community%2fregexpp 117ms (cache miss)
134 silly packumentCache full:https://registry.npmjs.org/@eslint-community%2fregexpp set size:undefined disposed:false
135 silly fetch manifest @humanwhocodes/module-importer@^1.0.1
136 silly packumentCache full:https://registry.npmjs.org/@humanwhocodes%2fmodule-importer cache-miss
137 http fetch GET 200 https://registry.npmjs.org/@eslint%2fcore 61ms (cache miss)
138 silly packumentCache full:https://registry.npmjs.org/@eslint%2fcore set size:undefined disposed:false
139 silly fetch manifest @humanwhocodes/retry@^0.4.2
140 silly packumentCache full:https://registry.npmjs.org/@humanwhocodes%2fretry cache-miss
141 http fetch GET 200 https://registry.npmjs.org/@eslint%2feslintrc 40ms (cache miss)
142 silly packumentCache full:https://registry.npmjs.org/@eslint%2feslintrc set size:undefined disposed:false
143 silly fetch manifest @types/estree@^1.0.6
144 silly packumentCache full:https://registry.npmjs.org/@types%2festree cache-miss
145 http fetch GET 200 https://registry.npmjs.org/@eslint%2fjs 36ms (cache miss)
146 silly packumentCache full:https://registry.npmjs.org/@eslint%2fjs set size:undefined disposed:false
147 silly fetch manifest ajv@^6.12.4
148 silly packumentCache full:https://registry.npmjs.org/ajv cache-miss
149 http fetch GET 200 https://registry.npmjs.org/undici-types 143ms (cache miss)
150 silly packumentCache full:https://registry.npmjs.org/undici-types set size:undefined disposed:false
151 silly fetch manifest chalk@^4.0.0
152 silly packumentCache full:https://registry.npmjs.org/chalk cache-miss
153 http fetch GET 200 https://registry.npmjs.org/@eslint%2fplugin-kit 42ms (cache miss)
154 silly packumentCache full:https://registry.npmjs.org/@eslint%2fplugin-kit set size:undefined disposed:false
155 silly fetch manifest cross-spawn@^7.0.6
156 silly packumentCache full:https://registry.npmjs.org/cross-spawn cache-miss
157 http fetch GET 200 https://registry.npmjs.org/@humanfs%2fnode 51ms (cache miss)
158 silly packumentCache full:https://registry.npmjs.org/@humanfs%2fnode set size:undefined disposed:false
159 silly fetch manifest debug@^4.3.2
160 silly packumentCache full:https://registry.npmjs.org/debug cache-miss
161 http fetch GET 200 https://registry.npmjs.org/@types%2festree 36ms (cache miss)
162 silly packumentCache full:https://registry.npmjs.org/@types%2festree set size:undefined disposed:false
163 silly fetch manifest escape-string-regexp@^4.0.0
164 silly packumentCache full:https://registry.npmjs.org/escape-string-regexp cache-miss
165 http fetch GET 200 https://registry.npmjs.org/@humanwhocodes%2fretry 44ms (cache miss)
166 silly packumentCache full:https://registry.npmjs.org/@humanwhocodes%2fretry set size:undefined disposed:false
167 silly fetch manifest eslint-scope@^8.4.0
168 silly packumentCache full:https://registry.npmjs.org/eslint-scope cache-miss
169 http fetch GET 200 https://registry.npmjs.org/chalk 34ms (cache miss)
170 silly packumentCache full:https://registry.npmjs.org/chalk set size:undefined disposed:false
171 silly fetch manifest eslint-visitor-keys@^4.2.1
172 silly packumentCache full:https://registry.npmjs.org/eslint-visitor-keys cache-miss
173 http fetch GET 200 https://registry.npmjs.org/@humanwhocodes%2fmodule-importer 63ms (cache miss)
174 silly packumentCache full:https://registry.npmjs.org/@humanwhocodes%2fmodule-importer set size:undefined disposed:false
175 silly fetch manifest espree@^10.4.0
176 silly packumentCache full:https://registry.npmjs.org/espree cache-miss
177 http fetch GET 200 https://registry.npmjs.org/cross-spawn 30ms (cache miss)
178 silly packumentCache full:https://registry.npmjs.org/cross-spawn set size:undefined disposed:false
179 silly fetch manifest esquery@^1.5.0
180 silly packumentCache full:https://registry.npmjs.org/esquery cache-miss
181 http fetch GET 200 https://registry.npmjs.org/ajv 44ms (cache miss)
182 silly packumentCache full:https://registry.npmjs.org/ajv set size:undefined disposed:false
183 silly fetch manifest esutils@^2.0.2
184 silly packumentCache full:https://registry.npmjs.org/esutils cache-miss
185 http fetch GET 200 https://registry.npmjs.org/escape-string-regexp 28ms (cache miss)
186 silly packumentCache full:https://registry.npmjs.org/escape-string-regexp set size:undefined disposed:false
187 silly fetch manifest fast-deep-equal@^3.1.3
188 silly packumentCache full:https://registry.npmjs.org/fast-deep-equal cache-miss
189 http fetch GET 200 https://registry.npmjs.org/eslint-scope 28ms (cache miss)
190 silly packumentCache full:https://registry.npmjs.org/eslint-scope set size:undefined disposed:false
191 silly fetch manifest file-entry-cache@^8.0.0
192 silly packumentCache full:https://registry.npmjs.org/file-entry-cache cache-miss
193 http fetch GET 200 https://registry.npmjs.org/eslint-visitor-keys 29ms (cache miss)
194 silly packumentCache full:https://registry.npmjs.org/eslint-visitor-keys set size:undefined disposed:false
195 silly fetch manifest find-up@^5.0.0
196 silly packumentCache full:https://registry.npmjs.org/find-up cache-miss
197 http fetch GET 200 https://registry.npmjs.org/esquery 26ms (cache miss)
198 silly packumentCache full:https://registry.npmjs.org/esquery set size:undefined disposed:false
199 silly fetch manifest glob-parent@^6.0.2
200 silly packumentCache full:https://registry.npmjs.org/glob-parent cache-miss
201 http fetch GET 200 https://registry.npmjs.org/debug 43ms (cache miss)
202 silly packumentCache full:https://registry.npmjs.org/debug set size:undefined disposed:false
203 silly fetch manifest ignore@^5.2.0
204 silly packumentCache full:https://registry.npmjs.org/ignore cache-miss
205 http fetch GET 200 https://registry.npmjs.org/esutils 27ms (cache miss)
206 silly packumentCache full:https://registry.npmjs.org/esutils set size:undefined disposed:false
207 silly fetch manifest imurmurhash@^0.1.4
208 silly packumentCache full:https://registry.npmjs.org/imurmurhash cache-miss
209 http fetch GET 200 https://registry.npmjs.org/espree 44ms (cache miss)
210 silly packumentCache full:https://registry.npmjs.org/espree set size:undefined disposed:false
211 silly fetch manifest is-glob@^4.0.0
212 silly packumentCache full:https://registry.npmjs.org/is-glob cache-miss
213 http fetch GET 200 https://registry.npmjs.org/@alloc%2fquick-lru 233ms (cache miss)
214 silly packumentCache full:https://registry.npmjs.org/@alloc%2fquick-lru set size:undefined disposed:false
215 silly fetch manifest json-stable-stringify-without-jsonify@^1.0.1
216 silly packumentCache full:https://registry.npmjs.org/json-stable-stringify-without-jsonify cache-miss
217 http fetch GET 200 https://registry.npmjs.org/fast-deep-equal 32ms (cache miss)
218 silly packumentCache full:https://registry.npmjs.org/fast-deep-equal set size:undefined disposed:false
219 silly fetch manifest lodash.merge@^4.6.2
220 silly packumentCache full:https://registry.npmjs.org/lodash.merge cache-miss
221 http fetch GET 200 https://registry.npmjs.org/glob-parent 25ms (cache miss)
222 silly packumentCache full:https://registry.npmjs.org/glob-parent set size:undefined disposed:false
223 silly fetch manifest minimatch@^3.1.2
224 silly packumentCache full:https://registry.npmjs.org/minimatch cache-miss
225 http fetch GET 200 https://registry.npmjs.org/file-entry-cache 36ms (cache miss)
226 silly packumentCache full:https://registry.npmjs.org/file-entry-cache set size:undefined disposed:false
227 silly fetch manifest natural-compare@^1.4.0
228 silly packumentCache full:https://registry.npmjs.org/natural-compare cache-miss
229 http fetch GET 200 https://registry.npmjs.org/find-up 33ms (cache miss)
230 silly packumentCache full:https://registry.npmjs.org/find-up set size:undefined disposed:false
231 silly fetch manifest optionator@^0.9.3
232 silly packumentCache full:https://registry.npmjs.org/optionator cache-miss
233 http fetch GET 200 https://registry.npmjs.org/imurmurhash 29ms (cache miss)
234 silly packumentCache full:https://registry.npmjs.org/imurmurhash set size:undefined disposed:false
235 silly fetch manifest globals@16.4.0
236 silly packumentCache full:https://registry.npmjs.org/globals cache-miss
237 http fetch GET 200 https://registry.npmjs.org/ignore 41ms (cache miss)
238 silly packumentCache full:https://registry.npmjs.org/ignore set size:undefined disposed:false
239 silly fetch manifest typescript-eslint@^8.46.0
240 silly packumentCache full:https://registry.npmjs.org/typescript-eslint cache-miss
241 http fetch GET 200 https://registry.npmjs.org/json-stable-stringify-without-jsonify 26ms (cache miss)
242 silly packumentCache full:https://registry.npmjs.org/json-stable-stringify-without-jsonify set size:undefined disposed:false
243 silly fetch manifest eslint-plugin-react@^7.37.0
244 silly packumentCache full:https://registry.npmjs.org/eslint-plugin-react cache-miss
245 http fetch GET 200 https://registry.npmjs.org/is-glob 36ms (cache miss)
246 silly packumentCache full:https://registry.npmjs.org/is-glob set size:undefined disposed:false
247 silly fetch manifest eslint-plugin-import@^2.32.0
248 silly packumentCache full:https://registry.npmjs.org/eslint-plugin-import cache-miss
249 http fetch GET 200 https://registry.npmjs.org/lodash.merge 29ms (cache miss)
250 silly packumentCache full:https://registry.npmjs.org/lodash.merge set size:undefined disposed:false
251 silly fetch manifest eslint-plugin-jsx-a11y@^6.10.0
252 silly packumentCache full:https://registry.npmjs.org/eslint-plugin-jsx-a11y cache-miss
253 http fetch GET 200 https://registry.npmjs.org/natural-compare 31ms (cache miss)
254 silly packumentCache full:https://registry.npmjs.org/natural-compare set size:undefined disposed:false
255 silly fetch manifest @next/eslint-plugin-next@16.0.1
256 silly packumentCache full:https://registry.npmjs.org/@next%2feslint-plugin-next cache-miss
257 http fetch GET 200 https://registry.npmjs.org/optionator 32ms (cache miss)
258 silly packumentCache full:https://registry.npmjs.org/optionator set size:undefined disposed:false
259 silly fetch manifest eslint-plugin-react-hooks@^7.0.0
260 silly packumentCache full:https://registry.npmjs.org/eslint-plugin-react-hooks cache-miss
261 http fetch GET 200 https://registry.npmjs.org/minimatch 38ms (cache miss)
262 silly packumentCache full:https://registry.npmjs.org/minimatch set size:undefined disposed:false
263 silly fetch manifest eslint-import-resolver-node@^0.3.6
264 silly packumentCache full:https://registry.npmjs.org/eslint-import-resolver-node cache-miss
265 http fetch GET 200 https://registry.npmjs.org/@tailwindcss%2foxide 289ms (cache miss)
266 silly packumentCache full:https://registry.npmjs.org/@tailwindcss%2foxide set size:undefined disposed:false
267 silly fetch manifest eslint-import-resolver-typescript@^3.5.2
268 silly packumentCache full:https://registry.npmjs.org/eslint-import-resolver-typescript cache-miss
269 http fetch GET 200 https://registry.npmjs.org/globals 52ms (cache miss)
270 silly packumentCache full:https://registry.npmjs.org/globals set size:undefined disposed:false
271 silly fetch manifest postcss@8.4.31
272 silly packumentCache full:https://registry.npmjs.org/postcss cache-miss
273 http fetch GET 200 https://registry.npmjs.org/@tailwindcss%2fnode 302ms (cache miss)
274 silly packumentCache full:https://registry.npmjs.org/@tailwindcss%2fnode set size:undefined disposed:false
275 silly fetch manifest @next/env@16.0.1
276 silly packumentCache full:https://registry.npmjs.org/@next%2fenv cache-miss
277 http cache https://registry.npmjs.org/postcss 9ms (cache hit)
278 silly packumentCache full:https://registry.npmjs.org/postcss set size:696248 disposed:false
279 silly fetch manifest styled-jsx@5.1.6
280 silly packumentCache full:https://registry.npmjs.org/styled-jsx cache-miss
281 http fetch GET 200 https://registry.npmjs.org/eslint-plugin-jsx-a11y 129ms (cache miss)
282 silly packumentCache full:https://registry.npmjs.org/eslint-plugin-jsx-a11y set size:undefined disposed:false
283 silly fetch manifest @swc/helpers@0.5.15
284 silly packumentCache full:https://registry.npmjs.org/@swc%2fhelpers cache-miss
285 http fetch GET 200 https://registry.npmjs.org/styled-jsx 100ms (cache miss)
286 silly packumentCache full:https://registry.npmjs.org/styled-jsx set size:undefined disposed:false
287 silly fetch manifest caniuse-lite@^1.0.30001579
288 silly packumentCache full:https://registry.npmjs.org/caniuse-lite cache-miss
289 http fetch GET 200 https://registry.npmjs.org/eslint-import-resolver-typescript 133ms (cache miss)
290 silly packumentCache full:https://registry.npmjs.org/eslint-import-resolver-typescript set size:undefined disposed:false
291 silly fetch manifest sharp@^0.34.4
292 silly packumentCache full:https://registry.npmjs.org/sharp cache-miss
293 http fetch GET 200 https://registry.npmjs.org/eslint-plugin-react 176ms (cache miss)
294 silly packumentCache full:https://registry.npmjs.org/eslint-plugin-react set size:undefined disposed:false
295 silly fetch manifest @next/swc-darwin-x64@16.0.1
296 silly packumentCache full:https://registry.npmjs.org/@next%2fswc-darwin-x64 cache-miss
297 http fetch GET 200 https://registry.npmjs.org/eslint-import-resolver-node 306ms (cache miss)
298 silly packumentCache full:https://registry.npmjs.org/eslint-import-resolver-node set size:undefined disposed:false
299 silly fetch manifest @next/swc-darwin-arm64@16.0.1
300 silly packumentCache full:https://registry.npmjs.org/@next%2fswc-darwin-arm64 cache-miss
301 http fetch GET 200 https://registry.npmjs.org/caniuse-lite 195ms (cache miss)
302 silly packumentCache full:https://registry.npmjs.org/caniuse-lite set size:undefined disposed:false
303 silly fetch manifest @next/swc-linux-x64-gnu@16.0.1
304 silly packumentCache full:https://registry.npmjs.org/@next%2fswc-linux-x64-gnu cache-miss
305 http fetch GET 200 https://registry.npmjs.org/typescript-eslint 504ms (cache miss)
306 silly packumentCache full:https://registry.npmjs.org/typescript-eslint set size:undefined disposed:false
307 silly fetch manifest @next/swc-linux-x64-musl@16.0.1
308 silly packumentCache full:https://registry.npmjs.org/@next%2fswc-linux-x64-musl cache-miss
309 http fetch GET 200 https://registry.npmjs.org/@next%2fenv 933ms (cache miss)
310 silly packumentCache full:https://registry.npmjs.org/@next%2fenv set size:undefined disposed:false
311 silly fetch manifest @next/swc-win32-x64-msvc@16.0.1
312 silly packumentCache full:https://registry.npmjs.org/@next%2fswc-win32-x64-msvc cache-miss
313 http fetch GET 200 https://registry.npmjs.org/sharp 841ms (cache miss)
314 silly packumentCache full:https://registry.npmjs.org/sharp set size:undefined disposed:false
315 silly fetch manifest @next/swc-linux-arm64-gnu@16.0.1
316 silly packumentCache full:https://registry.npmjs.org/@next%2fswc-linux-arm64-gnu cache-miss
317 http fetch GET 200 https://registry.npmjs.org/eslint-plugin-react-hooks 1047ms (cache miss)
318 silly packumentCache full:https://registry.npmjs.org/eslint-plugin-react-hooks set size:undefined disposed:false
319 silly fetch manifest @next/swc-linux-arm64-musl@16.0.1
320 silly packumentCache full:https://registry.npmjs.org/@next%2fswc-linux-arm64-musl cache-miss
321 http fetch GET 200 https://registry.npmjs.org/@next%2fswc-linux-x64-gnu 1101ms (cache miss)
322 silly packumentCache full:https://registry.npmjs.org/@next%2fswc-linux-x64-gnu set size:undefined disposed:false
323 silly fetch manifest @next/swc-win32-arm64-msvc@16.0.1
324 silly packumentCache full:https://registry.npmjs.org/@next%2fswc-win32-arm64-msvc cache-miss
325 http fetch GET 200 https://registry.npmjs.org/@next%2fswc-linux-x64-musl 1113ms (cache miss)
326 silly packumentCache full:https://registry.npmjs.org/@next%2fswc-linux-x64-musl set size:undefined disposed:false
327 silly fetch manifest scheduler@^0.27.0
328 silly packumentCache full:https://registry.npmjs.org/scheduler cache-miss
329 http fetch GET 200 https://registry.npmjs.org/@swc%2fhelpers 1623ms (cache miss)
330 silly packumentCache full:https://registry.npmjs.org/@swc%2fhelpers set size:undefined disposed:false
331 http fetch GET 200 https://registry.npmjs.org/@next%2fswc-win32-x64-msvc 1018ms (cache miss)
332 silly packumentCache full:https://registry.npmjs.org/@next%2fswc-win32-x64-msvc set size:undefined disposed:false
333 http fetch GET 200 https://registry.npmjs.org/@next%2fswc-linux-arm64-musl 1127ms (cache miss)
334 silly packumentCache full:https://registry.npmjs.org/@next%2fswc-linux-arm64-musl set size:undefined disposed:false
335 http fetch GET 200 https://registry.npmjs.org/eslint-plugin-import 2231ms (cache miss)
336 silly packumentCache full:https://registry.npmjs.org/eslint-plugin-import set size:undefined disposed:false
337 http fetch GET 200 https://registry.npmjs.org/@next%2fswc-linux-arm64-gnu 1329ms (cache miss)
338 silly packumentCache full:https://registry.npmjs.org/@next%2fswc-linux-arm64-gnu set size:undefined disposed:false
339 http fetch GET 200 https://registry.npmjs.org/@next%2fswc-darwin-x64 2440ms (cache miss)
340 silly packumentCache full:https://registry.npmjs.org/@next%2fswc-darwin-x64 set size:undefined disposed:false
341 http fetch GET 200 https://registry.npmjs.org/scheduler 1011ms (cache miss)
342 silly packumentCache full:https://registry.npmjs.org/scheduler set size:undefined disposed:false
343 http fetch GET 200 https://registry.npmjs.org/@next%2feslint-plugin-next 2961ms (cache miss)
344 silly packumentCache full:https://registry.npmjs.org/@next%2feslint-plugin-next set size:undefined disposed:false
345 http fetch GET 200 https://registry.npmjs.org/@next%2fswc-win32-arm64-msvc 1632ms (cache miss)
346 silly packumentCache full:https://registry.npmjs.org/@next%2fswc-win32-arm64-msvc set size:undefined disposed:false
347 http fetch GET 200 https://registry.npmjs.org/@next%2fswc-darwin-arm64 3085ms (cache miss)
348 silly packumentCache full:https://registry.npmjs.org/@next%2fswc-darwin-arm64 set size:undefined disposed:false
349 silly placeDep ROOT @alloc/quick-lru@5.2.0 OK for: @tailwindcss/postcss@4.1.16 want: ^5.2.0
350 silly placeDep ROOT @tailwindcss/node@4.1.16 OK for: @tailwindcss/postcss@4.1.16 want: 4.1.16
351 silly placeDep ROOT @tailwindcss/oxide@4.1.16 OK for: @tailwindcss/postcss@4.1.16 want: 4.1.16
352 silly placeDep ROOT postcss@8.5.6 OK for: @tailwindcss/postcss@4.1.16 want: ^8.4.41
353 silly fetch manifest jiti@^2.6.1
354 silly packumentCache full:https://registry.npmjs.org/jiti cache-miss
355 silly fetch manifest lightningcss@1.30.2
356 silly packumentCache full:https://registry.npmjs.org/lightningcss cache-miss
357 silly fetch manifest magic-string@^0.30.19
358 silly packumentCache full:https://registry.npmjs.org/magic-string cache-miss
359 silly fetch manifest source-map-js@^1.2.1
360 silly packumentCache full:https://registry.npmjs.org/source-map-js cache-miss
361 silly fetch manifest enhanced-resolve@^5.18.3
362 silly packumentCache full:https://registry.npmjs.org/enhanced-resolve cache-miss
363 silly fetch manifest @jridgewell/remapping@^2.3.4
364 silly packumentCache full:https://registry.npmjs.org/@jridgewell%2fremapping cache-miss
365 silly fetch manifest @tailwindcss/oxide-darwin-x64@4.1.16
366 silly packumentCache full:https://registry.npmjs.org/@tailwindcss%2foxide-darwin-x64 cache-miss
367 silly fetch manifest @tailwindcss/oxide-freebsd-x64@4.1.16
368 silly packumentCache full:https://registry.npmjs.org/@tailwindcss%2foxide-freebsd-x64 cache-miss
369 silly fetch manifest @tailwindcss/oxide-wasm32-wasi@4.1.16
370 silly packumentCache full:https://registry.npmjs.org/@tailwindcss%2foxide-wasm32-wasi cache-miss
371 silly fetch manifest @tailwindcss/oxide-darwin-arm64@4.1.16
372 silly packumentCache full:https://registry.npmjs.org/@tailwindcss%2foxide-darwin-arm64 cache-miss
373 http cache https://registry.npmjs.org/jiti 15ms (cache hit)
374 silly packumentCache full:https://registry.npmjs.org/jiti set size:382310 disposed:false
375 silly fetch manifest @tailwindcss/oxide-android-arm64@4.1.16
376 silly packumentCache full:https://registry.npmjs.org/@tailwindcss%2foxide-android-arm64 cache-miss
377 http fetch GET 200 https://registry.npmjs.org/lightningcss 37ms (cache miss)
378 silly packumentCache full:https://registry.npmjs.org/lightningcss set size:undefined disposed:false
379 silly fetch manifest @tailwindcss/oxide-linux-x64-gnu@4.1.16
380 silly packumentCache full:https://registry.npmjs.org/@tailwindcss%2foxide-linux-x64-gnu cache-miss
381 http fetch GET 200 https://registry.npmjs.org/source-map-js 46ms (cache miss)
382 silly packumentCache full:https://registry.npmjs.org/source-map-js set size:undefined disposed:false
383 silly fetch manifest @tailwindcss/oxide-linux-x64-musl@4.1.16
384 silly packumentCache full:https://registry.npmjs.org/@tailwindcss%2foxide-linux-x64-musl cache-miss
385 http fetch GET 200 https://registry.npmjs.org/@jridgewell%2fremapping 50ms (cache miss)
386 silly packumentCache full:https://registry.npmjs.org/@jridgewell%2fremapping set size:undefined disposed:false
387 silly fetch manifest @tailwindcss/oxide-win32-x64-msvc@4.1.16
388 silly packumentCache full:https://registry.npmjs.org/@tailwindcss%2foxide-win32-x64-msvc cache-miss
389 http fetch GET 200 https://registry.npmjs.org/enhanced-resolve 116ms (cache miss)
390 silly packumentCache full:https://registry.npmjs.org/enhanced-resolve set size:undefined disposed:false
391 silly fetch manifest @tailwindcss/oxide-linux-arm64-gnu@4.1.16
392 silly packumentCache full:https://registry.npmjs.org/@tailwindcss%2foxide-linux-arm64-gnu cache-miss
393 http fetch GET 200 https://registry.npmjs.org/magic-string 136ms (cache miss)
394 silly packumentCache full:https://registry.npmjs.org/magic-string set size:undefined disposed:false
395 silly fetch manifest @tailwindcss/oxide-linux-arm64-musl@4.1.16
396 silly packumentCache full:https://registry.npmjs.org/@tailwindcss%2foxide-linux-arm64-musl cache-miss
397 http fetch GET 200 https://registry.npmjs.org/@tailwindcss%2foxide-wasm32-wasi 215ms (cache miss)
398 silly packumentCache full:https://registry.npmjs.org/@tailwindcss%2foxide-wasm32-wasi set size:undefined disposed:false
399 silly fetch manifest @tailwindcss/oxide-win32-arm64-msvc@4.1.16
400 silly packumentCache full:https://registry.npmjs.org/@tailwindcss%2foxide-win32-arm64-msvc cache-miss
401 http fetch GET 200 https://registry.npmjs.org/@tailwindcss%2foxide-linux-x64-gnu 197ms (cache miss)
402 silly packumentCache full:https://registry.npmjs.org/@tailwindcss%2foxide-linux-x64-gnu set size:undefined disposed:false
403 silly fetch manifest @tailwindcss/oxide-linux-arm-gnueabihf@4.1.16
404 silly packumentCache full:https://registry.npmjs.org/@tailwindcss%2foxide-linux-arm-gnueabihf cache-miss
405 http fetch GET 200 https://registry.npmjs.org/@tailwindcss%2foxide-android-arm64 233ms (cache miss)
406 silly packumentCache full:https://registry.npmjs.org/@tailwindcss%2foxide-android-arm64 set size:undefined disposed:false
407 silly fetch manifest nanoid@^3.3.11
408 silly packumentCache full:https://registry.npmjs.org/nanoid cache-miss
409 http fetch GET 200 https://registry.npmjs.org/nanoid 44ms (cache miss)
410 silly packumentCache full:https://registry.npmjs.org/nanoid set size:undefined disposed:false
411 silly fetch manifest picocolors@^1.1.1
412 silly packumentCache full:https://registry.npmjs.org/picocolors cache-miss
413 http fetch GET 200 https://registry.npmjs.org/@tailwindcss%2foxide-freebsd-x64 312ms (cache miss)
414 silly packumentCache full:https://registry.npmjs.org/@tailwindcss%2foxide-freebsd-x64 set size:undefined disposed:false
415 http fetch GET 200 https://registry.npmjs.org/picocolors 24ms (cache miss)
416 silly packumentCache full:https://registry.npmjs.org/picocolors set size:undefined disposed:false
417 http fetch GET 200 https://registry.npmjs.org/@tailwindcss%2foxide-darwin-arm64 573ms (cache miss)
418 silly packumentCache full:https://registry.npmjs.org/@tailwindcss%2foxide-darwin-arm64 set size:undefined disposed:false
419 http fetch GET 200 https://registry.npmjs.org/@tailwindcss%2foxide-win32-arm64-msvc 446ms (cache miss)
420 silly packumentCache full:https://registry.npmjs.org/@tailwindcss%2foxide-win32-arm64-msvc set size:undefined disposed:false
421 http fetch GET 200 https://registry.npmjs.org/@tailwindcss%2foxide-linux-arm64-musl 576ms (cache miss)
422 silly packumentCache full:https://registry.npmjs.org/@tailwindcss%2foxide-linux-arm64-musl set size:undefined disposed:false
423 http fetch GET 200 https://registry.npmjs.org/@tailwindcss%2foxide-darwin-x64 746ms (cache miss)
424 silly packumentCache full:https://registry.npmjs.org/@tailwindcss%2foxide-darwin-x64 set size:undefined disposed:false
425 http fetch GET 200 https://registry.npmjs.org/@tailwindcss%2foxide-linux-arm64-gnu 693ms (cache miss)
426 silly packumentCache full:https://registry.npmjs.org/@tailwindcss%2foxide-linux-arm64-gnu set size:undefined disposed:false
427 http fetch GET 200 https://registry.npmjs.org/@tailwindcss%2foxide-win32-x64-msvc 772ms (cache miss)
428 silly packumentCache full:https://registry.npmjs.org/@tailwindcss%2foxide-win32-x64-msvc set size:undefined disposed:false
429 http fetch GET 200 https://registry.npmjs.org/@tailwindcss%2foxide-linux-x64-musl 789ms (cache miss)
430 silly packumentCache full:https://registry.npmjs.org/@tailwindcss%2foxide-linux-x64-musl set size:undefined disposed:false
431 http fetch GET 200 https://registry.npmjs.org/@tailwindcss%2foxide-linux-arm-gnueabihf 619ms (cache miss)
432 silly packumentCache full:https://registry.npmjs.org/@tailwindcss%2foxide-linux-arm-gnueabihf set size:undefined disposed:false
433 silly placeDep ROOT @jridgewell/remapping@2.3.5 OK for: @tailwindcss/node@4.1.16 want: ^2.3.4
434 silly placeDep ROOT enhanced-resolve@5.18.3 OK for: @tailwindcss/node@4.1.16 want: ^5.18.3
435 silly placeDep ROOT jiti@2.6.1 OK for: @tailwindcss/node@4.1.16 want: ^2.6.1
436 silly placeDep ROOT lightningcss@1.30.2 OK for: @tailwindcss/node@4.1.16 want: 1.30.2
437 silly placeDep ROOT magic-string@0.30.21 OK for: @tailwindcss/node@4.1.16 want: ^0.30.19
438 silly placeDep ROOT source-map-js@1.2.1 OK for: @tailwindcss/node@4.1.16 want: ^1.2.1
439 silly fetch manifest @jridgewell/gen-mapping@^0.3.5
440 silly packumentCache full:https://registry.npmjs.org/@jridgewell%2fgen-mapping cache-miss
441 silly fetch manifest @jridgewell/trace-mapping@^0.3.24
442 silly packumentCache full:https://registry.npmjs.org/@jridgewell%2ftrace-mapping cache-miss
443 silly fetch manifest graceful-fs@^4.2.4
444 silly packumentCache full:https://registry.npmjs.org/graceful-fs cache-miss
445 silly fetch manifest tapable@^2.2.0
446 silly packumentCache full:https://registry.npmjs.org/tapable cache-miss
447 silly fetch manifest detect-libc@^2.0.3
448 silly packumentCache full:https://registry.npmjs.org/detect-libc cache-miss
449 silly fetch manifest lightningcss-darwin-x64@1.30.2
450 silly packumentCache full:https://registry.npmjs.org/lightningcss-darwin-x64 cache-miss
451 silly fetch manifest lightningcss-linux-x64-gnu@1.30.2
452 silly packumentCache full:https://registry.npmjs.org/lightningcss-linux-x64-gnu cache-miss
453 silly fetch manifest lightningcss-win32-x64-msvc@1.30.2
454 silly packumentCache full:https://registry.npmjs.org/lightningcss-win32-x64-msvc cache-miss
455 silly fetch manifest lightningcss-win32-arm64-msvc@1.30.2
456 silly packumentCache full:https://registry.npmjs.org/lightningcss-win32-arm64-msvc cache-miss
457 silly fetch manifest lightningcss-darwin-arm64@1.30.2
458 silly packumentCache full:https://registry.npmjs.org/lightningcss-darwin-arm64 cache-miss
459 http fetch GET 200 https://registry.npmjs.org/@jridgewell%2fgen-mapping 52ms (cache miss)
460 silly packumentCache full:https://registry.npmjs.org/@jridgewell%2fgen-mapping set size:undefined disposed:false
461 silly fetch manifest lightningcss-linux-arm64-gnu@1.30.2
462 silly packumentCache full:https://registry.npmjs.org/lightningcss-linux-arm64-gnu cache-miss
463 http fetch GET 200 https://registry.npmjs.org/@jridgewell%2ftrace-mapping 55ms (cache miss)
464 silly packumentCache full:https://registry.npmjs.org/@jridgewell%2ftrace-mapping set size:undefined disposed:false
465 silly fetch manifest lightningcss-linux-arm-gnueabihf@1.30.2
466 silly packumentCache full:https://registry.npmjs.org/lightningcss-linux-arm-gnueabihf cache-miss
467 http fetch GET 200 https://registry.npmjs.org/lightningcss-win32-x64-msvc 88ms (cache miss)
468 silly packumentCache full:https://registry.npmjs.org/lightningcss-win32-x64-msvc set size:undefined disposed:false
469 silly fetch manifest lightningcss-linux-arm64-musl@1.30.2
470 silly packumentCache full:https://registry.npmjs.org/lightningcss-linux-arm64-musl cache-miss
471 http fetch GET 200 https://registry.npmjs.org/detect-libc 89ms (cache miss)
472 silly packumentCache full:https://registry.npmjs.org/detect-libc set size:undefined disposed:false
473 silly fetch manifest lightningcss-linux-x64-musl@1.30.2
474 silly packumentCache full:https://registry.npmjs.org/lightningcss-linux-x64-musl cache-miss
475 http fetch GET 200 https://registry.npmjs.org/lightningcss-darwin-arm64 89ms (cache miss)
476 silly packumentCache full:https://registry.npmjs.org/lightningcss-darwin-arm64 set size:undefined disposed:false
477 silly fetch manifest lightningcss-freebsd-x64@1.30.2
478 silly packumentCache full:https://registry.npmjs.org/lightningcss-freebsd-x64 cache-miss
479 http fetch GET 200 https://registry.npmjs.org/lightningcss-darwin-x64 93ms (cache miss)
480 silly packumentCache full:https://registry.npmjs.org/lightningcss-darwin-x64 set size:undefined disposed:false
481 silly fetch manifest lightningcss-android-arm64@1.30.2
482 silly packumentCache full:https://registry.npmjs.org/lightningcss-android-arm64 cache-miss
483 http fetch GET 200 https://registry.npmjs.org/tapable 96ms (cache miss)
484 silly packumentCache full:https://registry.npmjs.org/tapable set size:undefined disposed:false
485 silly fetch manifest @jridgewell/sourcemap-codec@^1.5.5
486 silly packumentCache full:https://registry.npmjs.org/@jridgewell%2fsourcemap-codec cache-miss
487 http fetch GET 200 https://registry.npmjs.org/lightningcss-win32-arm64-msvc 101ms (cache miss)
488 silly packumentCache full:https://registry.npmjs.org/lightningcss-win32-arm64-msvc set size:undefined disposed:false
489 http fetch GET 200 https://registry.npmjs.org/lightningcss-linux-x64-gnu 112ms (cache miss)
490 silly packumentCache full:https://registry.npmjs.org/lightningcss-linux-x64-gnu set size:undefined disposed:false
491 http fetch GET 200 https://registry.npmjs.org/graceful-fs 117ms (cache miss)
492 silly packumentCache full:https://registry.npmjs.org/graceful-fs set size:undefined disposed:false
493 http fetch GET 200 https://registry.npmjs.org/lightningcss-linux-arm-gnueabihf 68ms (cache miss)
494 silly packumentCache full:https://registry.npmjs.org/lightningcss-linux-arm-gnueabihf set size:undefined disposed:false
495 http fetch GET 200 https://registry.npmjs.org/lightningcss-linux-arm64-gnu 77ms (cache miss)
496 silly packumentCache full:https://registry.npmjs.org/lightningcss-linux-arm64-gnu set size:undefined disposed:false
497 http fetch GET 200 https://registry.npmjs.org/@jridgewell%2fsourcemap-codec 47ms (cache miss)
498 silly packumentCache full:https://registry.npmjs.org/@jridgewell%2fsourcemap-codec set size:undefined disposed:false
499 http fetch GET 200 https://registry.npmjs.org/lightningcss-android-arm64 69ms (cache miss)
500 silly packumentCache full:https://registry.npmjs.org/lightningcss-android-arm64 set size:undefined disposed:false
501 http fetch GET 200 https://registry.npmjs.org/lightningcss-linux-arm64-musl 98ms (cache miss)
502 silly packumentCache full:https://registry.npmjs.org/lightningcss-linux-arm64-musl set size:undefined disposed:false
503 http fetch GET 200 https://registry.npmjs.org/lightningcss-freebsd-x64 96ms (cache miss)
504 silly packumentCache full:https://registry.npmjs.org/lightningcss-freebsd-x64 set size:undefined disposed:false
505 http fetch GET 200 https://registry.npmjs.org/lightningcss-linux-x64-musl 97ms (cache miss)
506 silly packumentCache full:https://registry.npmjs.org/lightningcss-linux-x64-musl set size:undefined disposed:false
507 silly placeDep ROOT @jridgewell/gen-mapping@0.3.13 OK for: @jridgewell/remapping@2.3.5 want: ^0.3.5
508 silly placeDep ROOT @jridgewell/trace-mapping@0.3.31 OK for: @jridgewell/remapping@2.3.5 want: ^0.3.24
509 silly fetch manifest @jridgewell/sourcemap-codec@^1.5.0
510 silly packumentCache full:https://registry.npmjs.org/@jridgewell%2fsourcemap-codec cache-miss
511 silly fetch manifest @jridgewell/resolve-uri@^3.1.0
512 silly packumentCache full:https://registry.npmjs.org/@jridgewell%2fresolve-uri cache-miss
513 silly fetch manifest @jridgewell/sourcemap-codec@^1.4.14
514 silly packumentCache full:https://registry.npmjs.org/@jridgewell%2fsourcemap-codec cache-miss
515 http cache https://registry.npmjs.org/@jridgewell%2fsourcemap-codec 5ms (cache hit)
516 silly packumentCache full:https://registry.npmjs.org/@jridgewell%2fsourcemap-codec set size:59275 disposed:false
517 http cache https://registry.npmjs.org/@jridgewell%2fsourcemap-codec 5ms (cache hit)
518 silly packumentCache full:https://registry.npmjs.org/@jridgewell%2fsourcemap-codec set size:59275 disposed:false
519 silly packumentCache full:https://registry.npmjs.org/@jridgewell%2fsourcemap-codec dispose
520 http fetch GET 200 https://registry.npmjs.org/@jridgewell%2fresolve-uri 66ms (cache miss)
521 silly packumentCache full:https://registry.npmjs.org/@jridgewell%2fresolve-uri set size:undefined disposed:false
522 silly placeDep ROOT @jridgewell/sourcemap-codec@1.5.5 OK for: @jridgewell/gen-mapping@0.3.13 want: ^1.5.0
523 silly placeDep ROOT @jridgewell/resolve-uri@3.1.2 OK for: @jridgewell/trace-mapping@0.3.31 want: ^3.1.0
524 silly placeDep ROOT @tailwindcss/oxide-android-arm64@4.1.16 OK for: @tailwindcss/oxide@4.1.16 want: 4.1.16
525 silly placeDep ROOT @tailwindcss/oxide-darwin-arm64@4.1.16 OK for: @tailwindcss/oxide@4.1.16 want: 4.1.16
526 silly placeDep ROOT @tailwindcss/oxide-darwin-x64@4.1.16 OK for: @tailwindcss/oxide@4.1.16 want: 4.1.16
527 silly placeDep ROOT @tailwindcss/oxide-freebsd-x64@4.1.16 OK for: @tailwindcss/oxide@4.1.16 want: 4.1.16
528 silly placeDep ROOT @tailwindcss/oxide-linux-arm-gnueabihf@4.1.16 OK for: @tailwindcss/oxide@4.1.16 want: 4.1.16
529 silly placeDep ROOT @tailwindcss/oxide-linux-arm64-gnu@4.1.16 OK for: @tailwindcss/oxide@4.1.16 want: 4.1.16
530 silly placeDep ROOT @tailwindcss/oxide-linux-arm64-musl@4.1.16 OK for: @tailwindcss/oxide@4.1.16 want: 4.1.16
531 silly placeDep ROOT @tailwindcss/oxide-linux-x64-gnu@4.1.16 OK for: @tailwindcss/oxide@4.1.16 want: 4.1.16
532 silly placeDep ROOT @tailwindcss/oxide-linux-x64-musl@4.1.16 OK for: @tailwindcss/oxide@4.1.16 want: 4.1.16
533 silly placeDep ROOT @tailwindcss/oxide-wasm32-wasi@4.1.16 OK for: @tailwindcss/oxide@4.1.16 want: 4.1.16
534 silly placeDep ROOT @tailwindcss/oxide-win32-arm64-msvc@4.1.16 OK for: @tailwindcss/oxide@4.1.16 want: 4.1.16
535 silly placeDep ROOT @tailwindcss/oxide-win32-x64-msvc@4.1.16 OK for: @tailwindcss/oxide@4.1.16 want: 4.1.16
536 silly placeDep ROOT undici-types@6.21.0 OK for: @types/node@20.19.24 want: ~6.21.0
537 silly placeDep ROOT csstype@3.1.3 OK for: @types/react@19.2.2 want: ^3.0.2
538 silly placeDep ROOT graceful-fs@4.2.11 OK for: enhanced-resolve@5.18.3 want: ^4.2.4
539 silly placeDep ROOT tapable@2.3.0 OK for: enhanced-resolve@5.18.3 want: ^2.2.0
540 silly fetch manifest eslint@^6.0.0 || ^7.0.0 || >=8.0.0
541 silly packumentCache full:https://registry.npmjs.org/eslint cache-miss
542 http cache https://registry.npmjs.org/eslint 4ms (cache hit)
543 silly packumentCache full:https://registry.npmjs.org/eslint set size:1859520 disposed:false
544 silly placeDep ROOT @eslint-community/eslint-utils@4.9.0 OK for: eslint@9.38.0 want: ^4.8.0
545 silly placeDep ROOT @eslint-community/regexpp@4.12.2 OK for: eslint@9.38.0 want: ^4.12.1
546 silly placeDep ROOT @eslint/config-array@0.21.1 OK for: eslint@9.38.0 want: ^0.21.1
547 silly placeDep ROOT @eslint/config-helpers@0.4.2 OK for: eslint@9.38.0 want: ^0.4.1
548 silly placeDep ROOT @eslint/core@0.16.0 OK for: eslint@9.38.0 want: ^0.16.0
549 silly placeDep ROOT @eslint/eslintrc@3.3.1 OK for: eslint@9.38.0 want: ^3.3.1
550 silly placeDep ROOT @eslint/js@9.38.0 OK for: eslint@9.38.0 want: 9.38.0
551 silly placeDep ROOT @eslint/plugin-kit@0.4.1 OK for: eslint@9.38.0 want: ^0.4.0
552 silly placeDep ROOT @humanfs/node@0.16.7 OK for: eslint@9.38.0 want: ^0.16.6
553 silly placeDep ROOT @humanwhocodes/module-importer@1.0.1 OK for: eslint@9.38.0 want: ^1.0.1
554 silly placeDep ROOT @humanwhocodes/retry@0.4.3 OK for: eslint@9.38.0 want: ^0.4.2
555 silly placeDep ROOT @types/estree@1.0.8 OK for: eslint@9.38.0 want: ^1.0.6
556 silly placeDep ROOT ajv@6.12.6 OK for: eslint@9.38.0 want: ^6.12.4
557 silly placeDep ROOT chalk@4.1.2 OK for: eslint@9.38.0 want: ^4.0.0
558 silly placeDep ROOT cross-spawn@7.0.6 OK for: eslint@9.38.0 want: ^7.0.6
559 silly placeDep ROOT debug@4.4.3 OK for: eslint@9.38.0 want: ^4.3.2
560 silly placeDep ROOT escape-string-regexp@4.0.0 OK for: eslint@9.38.0 want: ^4.0.0
561 silly placeDep ROOT eslint-scope@8.4.0 OK for: eslint@9.38.0 want: ^8.4.0
562 silly placeDep ROOT eslint-visitor-keys@4.2.1 OK for: eslint@9.38.0 want: ^4.2.1
563 silly placeDep ROOT espree@10.4.0 OK for: eslint@9.38.0 want: ^10.4.0
564 silly placeDep ROOT esquery@1.6.0 OK for: eslint@9.38.0 want: ^1.5.0
565 silly placeDep ROOT esutils@2.0.3 OK for: eslint@9.38.0 want: ^2.0.2
566 silly placeDep ROOT fast-deep-equal@3.1.3 OK for: eslint@9.38.0 want: ^3.1.3
567 silly placeDep ROOT file-entry-cache@8.0.0 OK for: eslint@9.38.0 want: ^8.0.0
568 silly placeDep ROOT find-up@5.0.0 OK for: eslint@9.38.0 want: ^5.0.0
569 silly placeDep ROOT glob-parent@6.0.2 OK for: eslint@9.38.0 want: ^6.0.2
570 silly placeDep ROOT ignore@5.3.2 OK for: eslint@9.38.0 want: ^5.2.0
571 silly placeDep ROOT imurmurhash@0.1.4 OK for: eslint@9.38.0 want: ^0.1.4
572 silly placeDep ROOT is-glob@4.0.3 OK for: eslint@9.38.0 want: ^4.0.0
573 silly placeDep ROOT json-stable-stringify-without-jsonify@1.0.1 OK for: eslint@9.38.0 want: ^1.0.1
574 silly placeDep ROOT lodash.merge@4.6.2 OK for: eslint@9.38.0 want: ^4.6.2
575 silly placeDep ROOT minimatch@3.1.2 OK for: eslint@9.38.0 want: ^3.1.2
576 silly placeDep ROOT natural-compare@1.4.0 OK for: eslint@9.38.0 want: ^1.4.0
577 silly placeDep ROOT optionator@0.9.4 OK for: eslint@9.38.0 want: ^0.9.3
578 silly fetch manifest eslint-visitor-keys@^3.4.3
579 silly packumentCache full:https://registry.npmjs.org/eslint-visitor-keys cache-miss
580 silly fetch manifest @eslint/object-schema@^2.1.7
581 silly packumentCache full:https://registry.npmjs.org/@eslint%2fobject-schema cache-miss
582 silly fetch manifest debug@^4.3.1
583 silly packumentCache full:https://registry.npmjs.org/debug cache-miss
584 silly fetch manifest @eslint/core@^0.17.0
585 silly packumentCache full:https://registry.npmjs.org/@eslint%2fcore cache-miss
586 silly fetch manifest @types/json-schema@^7.0.15
587 silly packumentCache full:https://registry.npmjs.org/@types%2fjson-schema cache-miss
588 silly fetch manifest espree@^10.0.1
589 silly packumentCache full:https://registry.npmjs.org/espree cache-miss
590 silly fetch manifest globals@^14.0.0
591 silly packumentCache full:https://registry.npmjs.org/globals cache-miss
592 silly fetch manifest import-fresh@^3.2.1
593 silly packumentCache full:https://registry.npmjs.org/import-fresh cache-miss
594 silly fetch manifest js-yaml@^4.1.0
595 silly packumentCache full:https://registry.npmjs.org/js-yaml cache-miss
596 silly fetch manifest strip-json-comments@^3.1.1
597 silly packumentCache full:https://registry.npmjs.org/strip-json-comments cache-miss
598 http cache https://registry.npmjs.org/eslint-visitor-keys 8ms (cache hit)
599 silly packumentCache full:https://registry.npmjs.org/eslint-visitor-keys set size:65553 disposed:false
600 silly fetch manifest @eslint/core@^0.17.0
601 silly packumentCache full:https://registry.npmjs.org/@eslint%2fcore cache-miss
602 http cache https://registry.npmjs.org/@eslint%2fcore 8ms (cache hit)
603 silly packumentCache full:https://registry.npmjs.org/@eslint%2fcore set size:44871 disposed:false
604 silly fetch manifest levn@^0.4.1
605 silly packumentCache full:https://registry.npmjs.org/levn cache-miss
606 http cache https://registry.npmjs.org/debug 11ms (cache hit)
607 silly packumentCache full:https://registry.npmjs.org/debug set size:195840 disposed:false
608 silly fetch manifest @humanwhocodes/retry@^0.4.0
609 silly packumentCache full:https://registry.npmjs.org/@humanwhocodes%2fretry cache-miss
610 http cache https://registry.npmjs.org/espree 12ms (cache hit)
611 silly packumentCache full:https://registry.npmjs.org/espree set size:315544 disposed:false
612 silly fetch manifest @humanfs/core@^0.19.1
613 silly packumentCache full:https://registry.npmjs.org/@humanfs%2fcore cache-miss
614 http cache https://registry.npmjs.org/globals 15ms (cache hit)
615 silly packumentCache full:https://registry.npmjs.org/globals set size:286724 disposed:false
616 silly fetch manifest uri-js@^4.2.2
617 silly packumentCache full:https://registry.npmjs.org/uri-js cache-miss
618 http cache https://registry.npmjs.org/@humanwhocodes%2fretry 7ms (cache hit)
619 silly packumentCache full:https://registry.npmjs.org/@humanwhocodes%2fretry set size:42348 disposed:false
620 silly fetch manifest fast-deep-equal@^3.1.1
621 silly packumentCache full:https://registry.npmjs.org/fast-deep-equal cache-miss
622 http cache https://registry.npmjs.org/@eslint%2fcore 12ms (cache hit)
623 silly packumentCache full:https://registry.npmjs.org/@eslint%2fcore set size:44871 disposed:false
624 silly packumentCache full:https://registry.npmjs.org/@eslint%2fcore dispose
625 silly fetch manifest json-schema-traverse@^0.4.1
626 silly packumentCache full:https://registry.npmjs.org/json-schema-traverse cache-miss
627 http cache https://registry.npmjs.org/fast-deep-equal 3ms (cache hit)
628 silly packumentCache full:https://registry.npmjs.org/fast-deep-equal set size:48634 disposed:false
629 silly fetch manifest fast-json-stable-stringify@^2.0.0
630 silly packumentCache full:https://registry.npmjs.org/fast-json-stable-stringify cache-miss
631 http fetch GET 200 https://registry.npmjs.org/import-fresh 28ms (cache miss)
632 silly packumentCache full:https://registry.npmjs.org/import-fresh set size:undefined disposed:false
633 silly fetch manifest ansi-styles@^4.1.0
634 silly packumentCache full:https://registry.npmjs.org/ansi-styles cache-miss
635 http fetch GET 200 https://registry.npmjs.org/strip-json-comments 34ms (cache miss)
636 silly packumentCache full:https://registry.npmjs.org/strip-json-comments set size:undefined disposed:false
637 silly fetch manifest supports-color@^7.1.0
638 silly packumentCache full:https://registry.npmjs.org/supports-color cache-miss
639 http fetch GET 200 https://registry.npmjs.org/js-yaml 45ms (cache miss)
640 silly packumentCache full:https://registry.npmjs.org/js-yaml set size:undefined disposed:false
641 silly fetch manifest which@^2.0.1
642 silly packumentCache full:https://registry.npmjs.org/which cache-miss
643 http fetch GET 200 https://registry.npmjs.org/@types%2fjson-schema 50ms (cache miss)
644 silly packumentCache full:https://registry.npmjs.org/@types%2fjson-schema set size:undefined disposed:false
645 silly fetch manifest path-key@^3.1.0
646 silly packumentCache full:https://registry.npmjs.org/path-key cache-miss
647 http fetch GET 200 https://registry.npmjs.org/json-schema-traverse 29ms (cache miss)
648 silly packumentCache full:https://registry.npmjs.org/json-schema-traverse set size:undefined disposed:false
649 silly fetch manifest shebang-command@^2.0.0
650 silly packumentCache full:https://registry.npmjs.org/shebang-command cache-miss
651 http fetch GET 200 https://registry.npmjs.org/levn 43ms (cache miss)
652 silly packumentCache full:https://registry.npmjs.org/levn set size:undefined disposed:false
653 silly fetch manifest ms@^2.1.3
654 silly packumentCache full:https://registry.npmjs.org/ms cache-miss
655 http fetch GET 200 https://registry.npmjs.org/fast-json-stable-stringify 34ms (cache miss)
656 silly packumentCache full:https://registry.npmjs.org/fast-json-stable-stringify set size:undefined disposed:false
657 silly fetch manifest esrecurse@^4.3.0
658 silly packumentCache full:https://registry.npmjs.org/esrecurse cache-miss
659 http fetch GET 200 https://registry.npmjs.org/ansi-styles 27ms (cache miss)
660 silly packumentCache full:https://registry.npmjs.org/ansi-styles set size:undefined disposed:false
661 silly fetch manifest estraverse@^5.2.0
662 silly packumentCache full:https://registry.npmjs.org/estraverse cache-miss
663 http fetch GET 200 https://registry.npmjs.org/uri-js 41ms (cache miss)
664 silly packumentCache full:https://registry.npmjs.org/uri-js set size:undefined disposed:false
665 silly fetch manifest acorn@^8.15.0
666 silly packumentCache full:https://registry.npmjs.org/acorn cache-miss
667 http fetch GET 200 https://registry.npmjs.org/@eslint%2fobject-schema 64ms (cache miss)
668 silly packumentCache full:https://registry.npmjs.org/@eslint%2fobject-schema set size:undefined disposed:false
669 silly fetch manifest acorn-jsx@^5.3.2
670 silly packumentCache full:https://registry.npmjs.org/acorn-jsx cache-miss
671 http fetch GET 200 https://registry.npmjs.org/@humanfs%2fcore 63ms (cache miss)
672 silly packumentCache full:https://registry.npmjs.org/@humanfs%2fcore set size:undefined disposed:false
673 silly fetch manifest estraverse@^5.1.0
674 silly packumentCache full:https://registry.npmjs.org/estraverse cache-miss
675 http fetch GET 200 https://registry.npmjs.org/esrecurse 25ms (cache miss)
676 silly packumentCache full:https://registry.npmjs.org/esrecurse set size:undefined disposed:false
677 silly fetch manifest flat-cache@^4.0.0
678 silly packumentCache full:https://registry.npmjs.org/flat-cache cache-miss
679 http fetch GET 200 https://registry.npmjs.org/path-key 33ms (cache miss)
680 silly packumentCache full:https://registry.npmjs.org/path-key set size:undefined disposed:false
681 silly fetch manifest locate-path@^6.0.0
682 silly packumentCache full:https://registry.npmjs.org/locate-path cache-miss
683 http fetch GET 200 https://registry.npmjs.org/which 35ms (cache miss)
684 silly packumentCache full:https://registry.npmjs.org/which set size:undefined disposed:false
685 silly fetch manifest path-exists@^4.0.0
686 silly packumentCache full:https://registry.npmjs.org/path-exists cache-miss
687 http fetch GET 200 https://registry.npmjs.org/shebang-command 35ms (cache miss)
688 silly packumentCache full:https://registry.npmjs.org/shebang-command set size:undefined disposed:false
689 silly fetch manifest is-glob@^4.0.3
690 silly packumentCache full:https://registry.npmjs.org/is-glob cache-miss
691 http cache https://registry.npmjs.org/is-glob 2ms (cache hit)
692 silly packumentCache full:https://registry.npmjs.org/is-glob set size:40530 disposed:false
693 silly fetch manifest is-extglob@^2.1.1
694 silly packumentCache full:https://registry.npmjs.org/is-extglob cache-miss
695 http fetch GET 200 https://registry.npmjs.org/supports-color 53ms (cache miss)
696 silly packumentCache full:https://registry.npmjs.org/supports-color set size:undefined disposed:false
697 silly fetch manifest brace-expansion@^1.1.7
698 silly packumentCache full:https://registry.npmjs.org/brace-expansion cache-miss
699 http fetch GET 200 https://registry.npmjs.org/ms 41ms (cache miss)
700 silly packumentCache full:https://registry.npmjs.org/ms set size:undefined disposed:false
701 silly fetch manifest prelude-ls@^1.2.1
702 silly packumentCache full:https://registry.npmjs.org/prelude-ls cache-miss
703 http fetch GET 200 https://registry.npmjs.org/path-exists 23ms (cache miss)
704 silly packumentCache full:https://registry.npmjs.org/path-exists set size:undefined disposed:false
705 silly fetch manifest deep-is@^0.1.3
706 silly packumentCache full:https://registry.npmjs.org/deep-is cache-miss
707 http fetch GET 200 https://registry.npmjs.org/estraverse 52ms (cache miss)
708 silly packumentCache full:https://registry.npmjs.org/estraverse set size:undefined disposed:false
709 silly fetch manifest word-wrap@^1.2.5
710 silly packumentCache full:https://registry.npmjs.org/word-wrap cache-miss
711 http fetch GET 200 https://registry.npmjs.org/flat-cache 32ms (cache miss)
712 silly packumentCache full:https://registry.npmjs.org/flat-cache set size:undefined disposed:false
713 silly fetch manifest type-check@^0.4.0
714 silly packumentCache full:https://registry.npmjs.org/type-check cache-miss
715 http fetch GET 200 https://registry.npmjs.org/locate-path 34ms (cache miss)
716 silly packumentCache full:https://registry.npmjs.org/locate-path set size:undefined disposed:false
717 silly fetch manifest fast-levenshtein@^2.0.6
718 silly packumentCache full:https://registry.npmjs.org/fast-levenshtein cache-miss
719 http fetch GET 200 https://registry.npmjs.org/estraverse 43ms (cache miss)
720 silly packumentCache full:https://registry.npmjs.org/estraverse set size:undefined disposed:false
721 http fetch GET 200 https://registry.npmjs.org/brace-expansion 32ms (cache miss)
722 silly packumentCache full:https://registry.npmjs.org/brace-expansion set size:undefined disposed:false
723 http fetch GET 200 https://registry.npmjs.org/acorn-jsx 61ms (cache miss)
724 silly packumentCache full:https://registry.npmjs.org/acorn-jsx set size:undefined disposed:false
725 http fetch GET 200 https://registry.npmjs.org/prelude-ls 32ms (cache miss)
726 silly packumentCache full:https://registry.npmjs.org/prelude-ls set size:undefined disposed:false
727 http fetch GET 200 https://registry.npmjs.org/is-extglob 42ms (cache miss)
728 silly packumentCache full:https://registry.npmjs.org/is-extglob set size:undefined disposed:false
729 http fetch GET 200 https://registry.npmjs.org/deep-is 24ms (cache miss)
730 silly packumentCache full:https://registry.npmjs.org/deep-is set size:undefined disposed:false
731 http fetch GET 200 https://registry.npmjs.org/acorn 75ms (cache miss)
732 silly packumentCache full:https://registry.npmjs.org/acorn set size:undefined disposed:false
733 http fetch GET 200 https://registry.npmjs.org/type-check 26ms (cache miss)
734 silly packumentCache full:https://registry.npmjs.org/type-check set size:undefined disposed:false
735 http fetch GET 200 https://registry.npmjs.org/word-wrap 37ms (cache miss)
736 silly packumentCache full:https://registry.npmjs.org/word-wrap set size:undefined disposed:false
737 http fetch GET 200 https://registry.npmjs.org/fast-levenshtein 45ms (cache miss)
738 silly packumentCache full:https://registry.npmjs.org/fast-levenshtein set size:undefined disposed:false
739 silly placeDep node_modules/@eslint-community/eslint-utils eslint-visitor-keys@3.4.3 OK for: @eslint-community/eslint-utils@4.9.0 want: ^3.4.3
740 silly placeDep ROOT @eslint/object-schema@2.1.7 OK for: @eslint/config-array@0.21.1 want: ^2.1.7
741 silly placeDep node_modules/@eslint/config-helpers @eslint/core@0.17.0 OK for: @eslint/config-helpers@0.4.2 want: ^0.17.0
742 silly placeDep ROOT @types/json-schema@7.0.15 OK for: @eslint/core@0.16.0 want: ^7.0.15
743 silly placeDep ROOT globals@14.0.0 OK for: @eslint/eslintrc@3.3.1 want: ^14.0.0
744 silly placeDep ROOT import-fresh@3.3.1 OK for: @eslint/eslintrc@3.3.1 want: ^3.2.1
745 silly placeDep ROOT js-yaml@4.1.0 OK for: @eslint/eslintrc@3.3.1 want: ^4.1.0
746 silly placeDep ROOT strip-json-comments@3.1.1 OK for: @eslint/eslintrc@3.3.1 want: ^3.1.1
747 silly fetch manifest parent-module@^1.0.0
748 silly packumentCache full:https://registry.npmjs.org/parent-module cache-miss
749 silly fetch manifest resolve-from@^4.0.0
750 silly packumentCache full:https://registry.npmjs.org/resolve-from cache-miss
751 silly fetch manifest argparse@^2.0.1
752 silly packumentCache full:https://registry.npmjs.org/argparse cache-miss
753 http fetch GET 200 https://registry.npmjs.org/resolve-from 31ms (cache miss)
754 silly packumentCache full:https://registry.npmjs.org/resolve-from set size:undefined disposed:false
755 http fetch GET 200 https://registry.npmjs.org/parent-module 43ms (cache miss)
756 silly packumentCache full:https://registry.npmjs.org/parent-module set size:undefined disposed:false
757 http fetch GET 200 https://registry.npmjs.org/argparse 44ms (cache miss)
758 silly packumentCache full:https://registry.npmjs.org/argparse set size:undefined disposed:false
759 silly placeDep node_modules/@eslint/plugin-kit @eslint/core@0.17.0 OK for: @eslint/plugin-kit@0.4.1 want: ^0.17.0
760 silly placeDep ROOT levn@0.4.1 OK for: @eslint/plugin-kit@0.4.1 want: ^0.4.1
761 silly fetch manifest type-check@~0.4.0
762 silly packumentCache full:https://registry.npmjs.org/type-check cache-miss
763 http cache https://registry.npmjs.org/type-check 1ms (cache hit)
764 silly packumentCache full:https://registry.npmjs.org/type-check set size:21221 disposed:false
765 silly placeDep ROOT @humanfs/core@0.19.1 OK for: @humanfs/node@0.16.7 want: ^0.19.1
766 silly placeDep ROOT fast-json-stable-stringify@2.1.0 OK for: ajv@6.12.6 want: ^2.0.0
767 silly placeDep ROOT json-schema-traverse@0.4.1 OK for: ajv@6.12.6 want: ^0.4.1
768 silly placeDep ROOT uri-js@4.4.1 OK for: ajv@6.12.6 want: ^4.2.2
769 silly fetch manifest punycode@^2.1.0
770 silly packumentCache full:https://registry.npmjs.org/punycode cache-miss
771 http fetch GET 200 https://registry.npmjs.org/punycode 41ms (cache miss)
772 silly packumentCache full:https://registry.npmjs.org/punycode set size:undefined disposed:false
773 silly placeDep ROOT ansi-styles@4.3.0 OK for: chalk@4.1.2 want: ^4.1.0
774 silly placeDep ROOT supports-color@7.2.0 OK for: chalk@4.1.2 want: ^7.1.0
775 silly fetch manifest color-convert@^2.0.1
776 silly packumentCache full:https://registry.npmjs.org/color-convert cache-miss
777 silly fetch manifest has-flag@^4.0.0
778 silly packumentCache full:https://registry.npmjs.org/has-flag cache-miss
779 http fetch GET 200 https://registry.npmjs.org/has-flag 33ms (cache miss)
780 silly packumentCache full:https://registry.npmjs.org/has-flag set size:undefined disposed:false
781 http fetch GET 200 https://registry.npmjs.org/color-convert 45ms (cache miss)
782 silly packumentCache full:https://registry.npmjs.org/color-convert set size:undefined disposed:false
783 silly placeDep ROOT color-convert@2.0.1 OK for: ansi-styles@4.3.0 want: ^2.0.1
784 silly fetch manifest color-name@~1.1.4
785 silly packumentCache full:https://registry.npmjs.org/color-name cache-miss
786 http fetch GET 200 https://registry.npmjs.org/color-name 30ms (cache miss)
787 silly packumentCache full:https://registry.npmjs.org/color-name set size:undefined disposed:false
788 silly placeDep ROOT color-name@1.1.4 OK for: color-convert@2.0.1 want: ~1.1.4
789 silly placeDep ROOT path-key@3.1.1 OK for: cross-spawn@7.0.6 want: ^3.1.0
790 silly placeDep ROOT shebang-command@2.0.0 OK for: cross-spawn@7.0.6 want: ^2.0.0
791 silly placeDep ROOT which@2.0.2 OK for: cross-spawn@7.0.6 want: ^2.0.1
792 silly fetch manifest shebang-regex@^3.0.0
793 silly packumentCache full:https://registry.npmjs.org/shebang-regex cache-miss
794 silly fetch manifest isexe@^2.0.0
795 silly packumentCache full:https://registry.npmjs.org/isexe cache-miss
796 http fetch GET 200 https://registry.npmjs.org/shebang-regex 25ms (cache miss)
797 silly packumentCache full:https://registry.npmjs.org/shebang-regex set size:undefined disposed:false
798 http fetch GET 200 https://registry.npmjs.org/isexe 37ms (cache miss)
799 silly packumentCache full:https://registry.npmjs.org/isexe set size:undefined disposed:false
800 silly placeDep ROOT ms@2.1.3 OK for: debug@4.4.3 want: ^2.1.3
801 silly fetch manifest eslint@>=9.0.0
802 silly packumentCache full:https://registry.npmjs.org/eslint cache-miss
803 http cache https://registry.npmjs.org/eslint 4ms (cache hit)
804 silly packumentCache full:https://registry.npmjs.org/eslint set size:1859520 disposed:false
805 silly fetch manifest typescript@>=3.3.1
806 silly packumentCache full:https://registry.npmjs.org/typescript cache-miss
807 http cache https://registry.npmjs.org/typescript 17ms (cache hit)
808 silly packumentCache full:https://registry.npmjs.org/typescript set size:14840123 disposed:false
809 silly fetch manifest eslint-plugin-import-x@*
810 silly packumentCache full:https://registry.npmjs.org/eslint-plugin-import-x cache-miss
811 http fetch GET 200 https://registry.npmjs.org/eslint-plugin-import-x 93ms (cache miss)
812 silly packumentCache full:https://registry.npmjs.org/eslint-plugin-import-x set size:undefined disposed:false
813 silly fetch manifest @typescript-eslint/utils@^8.0.0
814 silly packumentCache full:https://registry.npmjs.org/@typescript-eslint%2futils cache-miss
815 http fetch GET 200 https://registry.npmjs.org/@typescript-eslint%2futils 448ms (cache miss)
816 silly packumentCache full:https://registry.npmjs.org/@typescript-eslint%2futils set size:undefined disposed:false
817 silly placeDep ROOT @next/eslint-plugin-next@16.0.1 OK for: eslint-config-next@16.0.1 want: 16.0.1
818 silly placeDep ROOT eslint-import-resolver-node@0.3.9 OK for: eslint-config-next@16.0.1 want: ^0.3.6
819 silly placeDep ROOT eslint-import-resolver-typescript@3.10.1 OK for: eslint-config-next@16.0.1 want: ^3.5.2
820 silly placeDep ROOT eslint-plugin-import@2.32.0 OK for: eslint-config-next@16.0.1 want: ^2.32.0
821 silly placeDep ROOT eslint-plugin-jsx-a11y@6.10.2 OK for: eslint-config-next@16.0.1 want: ^6.10.0
822 silly placeDep ROOT eslint-plugin-react@7.37.5 OK for: eslint-config-next@16.0.1 want: ^7.37.0
823 silly placeDep ROOT eslint-plugin-react-hooks@7.0.1 OK for: eslint-config-next@16.0.1 want: ^7.0.0
824 silly placeDep node_modules/eslint-config-next globals@16.4.0 OK for: eslint-config-next@16.0.1 want: 16.4.0
825 silly placeDep ROOT typescript-eslint@8.46.2 OK for: eslint-config-next@16.0.1 want: ^8.46.0
826 silly fetch manifest fast-glob@3.3.1
827 silly packumentCache full:https://registry.npmjs.org/fast-glob cache-miss
828 silly fetch manifest debug@^3.2.7
829 silly packumentCache full:https://registry.npmjs.org/debug cache-hit
830 silly fetch manifest is-core-module@^2.13.0
831 silly packumentCache full:https://registry.npmjs.org/is-core-module cache-miss
832 silly fetch manifest resolve@^1.22.4
833 silly packumentCache full:https://registry.npmjs.org/resolve cache-miss
834 silly fetch manifest tinyglobby@^0.2.13
835 silly packumentCache full:https://registry.npmjs.org/tinyglobby cache-miss
836 silly fetch manifest stable-hash@^0.0.5
837 silly packumentCache full:https://registry.npmjs.org/stable-hash cache-miss
838 silly fetch manifest get-tsconfig@^4.10.0
839 silly packumentCache full:https://registry.npmjs.org/get-tsconfig cache-miss
840 silly fetch manifest is-bun-module@^2.0.0
841 silly packumentCache full:https://registry.npmjs.org/is-bun-module cache-miss
842 silly fetch manifest unrs-resolver@^1.6.2
843 silly packumentCache full:https://registry.npmjs.org/unrs-resolver cache-miss
844 silly fetch manifest @nolyfill/is-core-module@1.0.39
845 silly packumentCache full:https://registry.npmjs.org/@nolyfill%2fis-core-module cache-miss
846 silly fetch manifest @rtsao/scc@^1.1.0
847 silly packumentCache full:https://registry.npmjs.org/@rtsao%2fscc cache-miss
848 http fetch GET 200 https://registry.npmjs.org/tinyglobby 29ms (cache miss)
849 silly packumentCache full:https://registry.npmjs.org/tinyglobby set size:undefined disposed:false
850 silly fetch manifest array-includes@^3.1.9
851 silly packumentCache full:https://registry.npmjs.org/array-includes cache-miss
852 http fetch GET 200 https://registry.npmjs.org/is-bun-module 70ms (cache miss)
853 silly packumentCache full:https://registry.npmjs.org/is-bun-module set size:undefined disposed:false
854 silly fetch manifest array.prototype.findlastindex@^1.2.6
855 silly packumentCache full:https://registry.npmjs.org/array.prototype.findlastindex cache-miss
856 http fetch GET 200 https://registry.npmjs.org/stable-hash 83ms (cache miss)
857 silly packumentCache full:https://registry.npmjs.org/stable-hash set size:undefined disposed:false
858 silly fetch manifest array.prototype.flat@^1.3.3
859 silly packumentCache full:https://registry.npmjs.org/array.prototype.flat cache-miss
860 http fetch GET 200 https://registry.npmjs.org/get-tsconfig 87ms (cache miss)
861 silly packumentCache full:https://registry.npmjs.org/get-tsconfig set size:undefined disposed:false
862 silly fetch manifest array.prototype.flatmap@^1.3.3
863 silly packumentCache full:https://registry.npmjs.org/array.prototype.flatmap cache-miss
864 http fetch GET 200 https://registry.npmjs.org/unrs-resolver 99ms (cache miss)
865 silly packumentCache full:https://registry.npmjs.org/unrs-resolver set size:undefined disposed:false
866 silly fetch manifest doctrine@^2.1.0
867 silly packumentCache full:https://registry.npmjs.org/doctrine cache-miss
868 http fetch GET 200 https://registry.npmjs.org/fast-glob 103ms (cache miss)
869 silly packumentCache full:https://registry.npmjs.org/fast-glob set size:undefined disposed:false
870 silly fetch manifest eslint-module-utils@^2.12.1
871 silly packumentCache full:https://registry.npmjs.org/eslint-module-utils cache-miss
872 http fetch GET 200 https://registry.npmjs.org/is-core-module 107ms (cache miss)
873 silly packumentCache full:https://registry.npmjs.org/is-core-module set size:undefined disposed:false
874 silly fetch manifest hasown@^2.0.2
875 silly packumentCache full:https://registry.npmjs.org/hasown cache-miss
876 http fetch GET 200 https://registry.npmjs.org/array-includes 80ms (cache miss)
877 silly packumentCache full:https://registry.npmjs.org/array-includes set size:undefined disposed:false
878 silly fetch manifest is-core-module@^2.16.1
879 silly packumentCache full:https://registry.npmjs.org/is-core-module cache-miss
880 http cache https://registry.npmjs.org/is-core-module 2ms (cache hit)
881 silly packumentCache full:https://registry.npmjs.org/is-core-module set size:71788 disposed:false
882 silly fetch manifest object.fromentries@^2.0.8
883 silly packumentCache full:https://registry.npmjs.org/object.fromentries cache-miss
884 http fetch GET 200 https://registry.npmjs.org/resolve 119ms (cache miss)
885 silly packumentCache full:https://registry.npmjs.org/resolve set size:undefined disposed:false
886 silly fetch manifest object.groupby@^1.0.3
887 silly packumentCache full:https://registry.npmjs.org/object.groupby cache-miss
888 http fetch GET 200 https://registry.npmjs.org/array.prototype.findlastindex 67ms (cache miss)
889 silly packumentCache full:https://registry.npmjs.org/array.prototype.findlastindex set size:undefined disposed:false
890 silly fetch manifest object.values@^1.2.1
891 silly packumentCache full:https://registry.npmjs.org/object.values cache-miss
892 http fetch GET 200 https://registry.npmjs.org/hasown 39ms (cache miss)
893 silly packumentCache full:https://registry.npmjs.org/hasown set size:undefined disposed:false
894 silly fetch manifest semver@^6.3.1
895 silly packumentCache full:https://registry.npmjs.org/semver cache-miss
896 http fetch GET 200 https://registry.npmjs.org/array.prototype.flatmap 67ms (cache miss)
897 silly packumentCache full:https://registry.npmjs.org/array.prototype.flatmap set size:undefined disposed:false
898 silly fetch manifest string.prototype.trimend@^1.0.9
899 silly packumentCache full:https://registry.npmjs.org/string.prototype.trimend cache-miss
900 http fetch GET 200 https://registry.npmjs.org/@nolyfill%2fis-core-module 184ms (cache miss)
901 silly packumentCache full:https://registry.npmjs.org/@nolyfill%2fis-core-module set size:undefined disposed:false
902 silly fetch manifest tsconfig-paths@^3.15.0
903 silly packumentCache full:https://registry.npmjs.org/tsconfig-paths cache-miss
904 http fetch GET 200 https://registry.npmjs.org/array.prototype.flat 101ms (cache miss)
905 silly packumentCache full:https://registry.npmjs.org/array.prototype.flat set size:undefined disposed:false
906 silly fetch manifest aria-query@^5.3.2
907 silly packumentCache full:https://registry.npmjs.org/aria-query cache-miss
908 http fetch GET 200 https://registry.npmjs.org/doctrine 88ms (cache miss)
909 silly packumentCache full:https://registry.npmjs.org/doctrine set size:undefined disposed:false
910 silly fetch manifest array-includes@^3.1.8
911 silly packumentCache full:https://registry.npmjs.org/array-includes cache-miss
912 http cache https://registry.npmjs.org/array-includes 2ms (cache hit)
913 silly packumentCache full:https://registry.npmjs.org/array-includes set size:77143 disposed:false
914 silly fetch manifest array.prototype.flatmap@^1.3.2
915 silly packumentCache full:https://registry.npmjs.org/array.prototype.flatmap cache-miss
916 http fetch GET 200 https://registry.npmjs.org/object.fromentries 81ms (cache miss)
917 silly packumentCache full:https://registry.npmjs.org/object.fromentries set size:undefined disposed:false
918 silly fetch manifest ast-types-flow@^0.0.8
919 silly packumentCache full:https://registry.npmjs.org/ast-types-flow cache-miss
920 http cache https://registry.npmjs.org/array.prototype.flatmap 2ms (cache hit)
921 silly packumentCache full:https://registry.npmjs.org/array.prototype.flatmap set size:51458 disposed:false
922 silly fetch manifest axe-core@^4.10.0
923 silly packumentCache full:https://registry.npmjs.org/axe-core cache-miss
924 http fetch GET 200 https://registry.npmjs.org/@rtsao%2fscc 204ms (cache miss)
925 silly packumentCache full:https://registry.npmjs.org/@rtsao%2fscc set size:undefined disposed:false
926 silly fetch manifest axobject-query@^4.1.0
927 silly packumentCache full:https://registry.npmjs.org/axobject-query cache-miss
928 http fetch GET 200 https://registry.npmjs.org/object.values 68ms (cache miss)
929 silly packumentCache full:https://registry.npmjs.org/object.values set size:undefined disposed:false
930 silly fetch manifest damerau-levenshtein@^1.0.8
931 silly packumentCache full:https://registry.npmjs.org/damerau-levenshtein cache-miss
932 http fetch GET 200 https://registry.npmjs.org/object.groupby 98ms (cache miss)
933 silly packumentCache full:https://registry.npmjs.org/object.groupby set size:undefined disposed:false
934 silly fetch manifest emoji-regex@^9.2.2
935 silly packumentCache full:https://registry.npmjs.org/emoji-regex cache-miss
936 http fetch GET 200 https://registry.npmjs.org/eslint-module-utils 118ms (cache miss)
937 silly packumentCache full:https://registry.npmjs.org/eslint-module-utils set size:undefined disposed:false
938 silly fetch manifest jsx-ast-utils@^3.3.5
939 silly packumentCache full:https://registry.npmjs.org/jsx-ast-utils cache-miss
940 http fetch GET 200 https://registry.npmjs.org/semver 80ms (cache miss)
941 silly packumentCache full:https://registry.npmjs.org/semver set size:undefined disposed:false
942 silly fetch manifest language-tags@^1.0.9
943 silly packumentCache full:https://registry.npmjs.org/language-tags cache-miss
944 http fetch GET 200 https://registry.npmjs.org/string.prototype.trimend 79ms (cache miss)
945 silly packumentCache full:https://registry.npmjs.org/string.prototype.trimend set size:undefined disposed:false
946 silly fetch manifest safe-regex-test@^1.0.3
947 silly packumentCache full:https://registry.npmjs.org/safe-regex-test cache-miss
948 http fetch GET 200 https://registry.npmjs.org/emoji-regex 39ms (cache miss)
949 silly packumentCache full:https://registry.npmjs.org/emoji-regex set size:undefined disposed:false
950 silly fetch manifest string.prototype.includes@^2.0.1
951 silly packumentCache full:https://registry.npmjs.org/string.prototype.includes cache-miss
952 http fetch GET 200 https://registry.npmjs.org/ast-types-flow 74ms (cache miss)
953 silly packumentCache full:https://registry.npmjs.org/ast-types-flow set size:undefined disposed:false
954 silly fetch manifest array.prototype.findlast@^1.2.5
955 silly packumentCache full:https://registry.npmjs.org/array.prototype.findlast cache-miss
956 http fetch GET 200 https://registry.npmjs.org/aria-query 86ms (cache miss)
957 silly packumentCache full:https://registry.npmjs.org/aria-query set size:undefined disposed:false
958 silly fetch manifest array.prototype.tosorted@^1.1.4
959 silly packumentCache full:https://registry.npmjs.org/array.prototype.tosorted cache-miss
960 http fetch GET 200 https://registry.npmjs.org/damerau-levenshtein 67ms (cache miss)
961 silly packumentCache full:https://registry.npmjs.org/damerau-levenshtein set size:undefined disposed:false
962 silly fetch manifest es-iterator-helpers@^1.2.1
963 silly packumentCache full:https://registry.npmjs.org/es-iterator-helpers cache-miss
964 http fetch GET 200 https://registry.npmjs.org/axobject-query 87ms (cache miss)
965 silly packumentCache full:https://registry.npmjs.org/axobject-query set size:undefined disposed:false
966 silly fetch manifest estraverse@^5.3.0
967 silly packumentCache full:https://registry.npmjs.org/estraverse cache-miss
968 http cache https://registry.npmjs.org/estraverse 2ms (cache hit)
969 silly packumentCache full:https://registry.npmjs.org/estraverse set size:62412 disposed:false
970 silly fetch manifest jsx-ast-utils@^2.4.1 || ^3.0.0
971 silly packumentCache full:https://registry.npmjs.org/jsx-ast-utils cache-miss
972 http fetch GET 200 https://registry.npmjs.org/language-tags 81ms (cache miss)
973 silly packumentCache full:https://registry.npmjs.org/language-tags set size:undefined disposed:false
974 silly fetch manifest object.entries@^1.1.9
975 silly packumentCache full:https://registry.npmjs.org/object.entries cache-miss
976 http fetch GET 200 https://registry.npmjs.org/tsconfig-paths 133ms (cache miss)
977 silly packumentCache full:https://registry.npmjs.org/tsconfig-paths set size:undefined disposed:false
978 silly fetch manifest prop-types@^15.8.1
979 silly packumentCache full:https://registry.npmjs.org/prop-types cache-miss
980 http fetch GET 200 https://registry.npmjs.org/jsx-ast-utils 97ms (cache miss)
981 silly packumentCache full:https://registry.npmjs.org/jsx-ast-utils set size:undefined disposed:false
982 silly fetch manifest resolve@^2.0.0-next.5
983 silly packumentCache full:https://registry.npmjs.org/resolve cache-miss
984 http cache https://registry.npmjs.org/resolve 2ms (cache hit)
985 silly packumentCache full:https://registry.npmjs.org/resolve set size:246681 disposed:false
986 silly fetch manifest string.prototype.matchall@^4.0.12
987 silly packumentCache full:https://registry.npmjs.org/string.prototype.matchall cache-miss
988 http fetch GET 200 https://registry.npmjs.org/jsx-ast-utils 32ms (cache miss)
989 silly packumentCache full:https://registry.npmjs.org/jsx-ast-utils set size:undefined disposed:false
990 silly fetch manifest string.prototype.repeat@^1.0.0
991 silly packumentCache full:https://registry.npmjs.org/string.prototype.repeat cache-miss
992 http fetch GET 200 https://registry.npmjs.org/safe-regex-test 96ms (cache miss)
993 silly packumentCache full:https://registry.npmjs.org/safe-regex-test set size:undefined disposed:false
994 silly fetch manifest zod@^3.25.0 || ^4.0.0
995 silly packumentCache full:https://registry.npmjs.org/zod cache-miss
996 http fetch GET 200 https://registry.npmjs.org/string.prototype.includes 77ms (cache miss)
997 silly packumentCache full:https://registry.npmjs.org/string.prototype.includes set size:undefined disposed:false
998 silly fetch manifest @babel/core@^7.24.4
999 silly packumentCache full:https://registry.npmjs.org/@babel%2fcore cache-miss
1000 http fetch GET 200 https://registry.npmjs.org/array.prototype.findlast 71ms (cache miss)
1001 silly packumentCache full:https://registry.npmjs.org/array.prototype.findlast set size:undefined disposed:false
1002 silly fetch manifest @babel/parser@^7.24.4
1003 silly packumentCache full:https://registry.npmjs.org/@babel%2fparser cache-miss
1004 http fetch GET 200 https://registry.npmjs.org/es-iterator-helpers 85ms (cache miss)
1005 silly packumentCache full:https://registry.npmjs.org/es-iterator-helpers set size:undefined disposed:false
1006 silly fetch manifest hermes-parser@^0.25.1
1007 silly packumentCache full:https://registry.npmjs.org/hermes-parser cache-miss
1008 http fetch GET 200 https://registry.npmjs.org/string.prototype.matchall 86ms (cache miss)
1009 silly packumentCache full:https://registry.npmjs.org/string.prototype.matchall set size:undefined disposed:false
1010 silly fetch manifest zod-validation-error@^3.5.0 || ^4.0.0
1011 silly packumentCache full:https://registry.npmjs.org/zod-validation-error cache-miss
1012 http fetch GET 200 https://registry.npmjs.org/object.entries 100ms (cache miss)
1013 silly packumentCache full:https://registry.npmjs.org/object.entries set size:undefined disposed:false
1014 silly fetch manifest @typescript-eslint/eslint-plugin@8.46.2
1015 silly packumentCache full:https://registry.npmjs.org/@typescript-eslint%2feslint-plugin cache-miss
1016 http fetch GET 200 https://registry.npmjs.org/string.prototype.repeat 86ms (cache miss)
1017 silly packumentCache full:https://registry.npmjs.org/string.prototype.repeat set size:undefined disposed:false
1018 silly fetch manifest @typescript-eslint/parser@8.46.2
1019 silly packumentCache full:https://registry.npmjs.org/@typescript-eslint%2fparser cache-miss
1020 http fetch GET 200 https://registry.npmjs.org/prop-types 98ms (cache miss)
1021 silly packumentCache full:https://registry.npmjs.org/prop-types set size:undefined disposed:false
1022 silly fetch manifest @typescript-eslint/typescript-estree@8.46.2
1023 silly packumentCache full:https://registry.npmjs.org/@typescript-eslint%2ftypescript-estree cache-miss
1024 http fetch GET 200 https://registry.npmjs.org/@babel%2fcore 93ms (cache miss)
1025 silly packumentCache full:https://registry.npmjs.org/@babel%2fcore set size:undefined disposed:false
1026 silly fetch manifest @typescript-eslint/utils@8.46.2
1027 silly packumentCache full:https://registry.npmjs.org/@typescript-eslint%2futils cache-miss
1028 http cache https://registry.npmjs.org/@typescript-eslint%2futils 9ms (cache hit)
1029 silly packumentCache full:https://registry.npmjs.org/@typescript-eslint%2futils set size:9245237 disposed:false
1030 http fetch GET 200 https://registry.npmjs.org/array.prototype.tosorted 200ms (cache miss)
1031 silly packumentCache full:https://registry.npmjs.org/array.prototype.tosorted set size:undefined disposed:false
1032 http fetch GET 200 https://registry.npmjs.org/hermes-parser 113ms (cache miss)
1033 silly packumentCache full:https://registry.npmjs.org/hermes-parser set size:undefined disposed:false
1034 http fetch GET 200 https://registry.npmjs.org/@babel%2fparser 170ms (cache miss)
1035 silly packumentCache full:https://registry.npmjs.org/@babel%2fparser set size:undefined disposed:false
1036 http fetch GET 200 https://registry.npmjs.org/zod-validation-error 103ms (cache miss)
1037 silly packumentCache full:https://registry.npmjs.org/zod-validation-error set size:undefined disposed:false
1038 http fetch GET 200 https://registry.npmjs.org/axe-core 337ms (cache miss)
1039 silly packumentCache full:https://registry.npmjs.org/axe-core set size:undefined disposed:false
1040 http fetch GET 200 https://registry.npmjs.org/zod 243ms (cache miss)
1041 silly packumentCache full:https://registry.npmjs.org/zod set size:undefined disposed:false
1042 http fetch GET 200 https://registry.npmjs.org/@typescript-eslint%2fparser 981ms (cache miss)
1043 silly packumentCache full:https://registry.npmjs.org/@typescript-eslint%2fparser set size:undefined disposed:false
1044 http fetch GET 200 https://registry.npmjs.org/@typescript-eslint%2feslint-plugin 1397ms (cache miss)
1045 silly packumentCache full:https://registry.npmjs.org/@typescript-eslint%2feslint-plugin set size:undefined disposed:false
1046 http fetch GET 200 https://registry.npmjs.org/@typescript-eslint%2ftypescript-estree 1892ms (cache miss)
1047 silly packumentCache full:https://registry.npmjs.org/@typescript-eslint%2ftypescript-estree set size:undefined disposed:false
1048 silly placeDep ROOT fast-glob@3.3.1 OK for: @next/eslint-plugin-next@16.0.1 want: 3.3.1
1049 silly fetch manifest merge2@^1.3.0
1050 silly packumentCache full:https://registry.npmjs.org/merge2 cache-miss
1051 silly fetch manifest micromatch@^4.0.4
1052 silly packumentCache full:https://registry.npmjs.org/micromatch cache-miss
1053 silly fetch manifest glob-parent@^5.1.2
1054 silly packumentCache full:https://registry.npmjs.org/glob-parent cache-miss
1055 silly fetch manifest @nodelib/fs.stat@^2.0.2
1056 silly packumentCache full:https://registry.npmjs.org/@nodelib%2ffs.stat cache-miss
1057 silly fetch manifest @nodelib/fs.walk@^1.2.3
1058 silly packumentCache full:https://registry.npmjs.org/@nodelib%2ffs.walk cache-miss
1059 http cache https://registry.npmjs.org/glob-parent 7ms (cache hit)
1060 silly packumentCache full:https://registry.npmjs.org/glob-parent set size:42445 disposed:false
1061 http fetch GET 200 https://registry.npmjs.org/merge2 78ms (cache miss)
1062 silly packumentCache full:https://registry.npmjs.org/merge2 set size:undefined disposed:false
1063 http fetch GET 200 https://registry.npmjs.org/micromatch 195ms (cache miss)
1064 silly packumentCache full:https://registry.npmjs.org/micromatch set size:undefined disposed:false
1065 http fetch GET 200 https://registry.npmjs.org/@nodelib%2ffs.walk 197ms (cache miss)
1066 silly packumentCache full:https://registry.npmjs.org/@nodelib%2ffs.walk set size:undefined disposed:false
1067 http fetch GET 200 https://registry.npmjs.org/@nodelib%2ffs.stat 217ms (cache miss)
1068 silly packumentCache full:https://registry.npmjs.org/@nodelib%2ffs.stat set size:undefined disposed:false
1069 silly placeDep node_modules/eslint-import-resolver-node debug@3.2.7 OK for: eslint-import-resolver-node@0.3.9 want: ^3.2.7
1070 silly placeDep ROOT is-core-module@2.16.1 OK for: eslint-import-resolver-node@0.3.9 want: ^2.13.0
1071 silly placeDep ROOT resolve@1.22.11 OK for: eslint-import-resolver-node@0.3.9 want: ^1.22.4
1072 silly fetch manifest path-parse@^1.0.7
1073 silly packumentCache full:https://registry.npmjs.org/path-parse cache-miss
1074 silly fetch manifest supports-preserve-symlinks-flag@^1.0.0
1075 silly packumentCache full:https://registry.npmjs.org/supports-preserve-symlinks-flag cache-miss
1076 http fetch GET 200 https://registry.npmjs.org/path-parse 69ms (cache miss)
1077 silly packumentCache full:https://registry.npmjs.org/path-parse set size:undefined disposed:false
1078 http fetch GET 200 https://registry.npmjs.org/supports-preserve-symlinks-flag 97ms (cache miss)
1079 silly packumentCache full:https://registry.npmjs.org/supports-preserve-symlinks-flag set size:undefined disposed:false
1080 silly placeDep ROOT @nolyfill/is-core-module@1.0.39 OK for: eslint-import-resolver-typescript@3.10.1 want: 1.0.39
1081 silly placeDep ROOT get-tsconfig@4.13.0 OK for: eslint-import-resolver-typescript@3.10.1 want: ^4.10.0
1082 silly placeDep ROOT is-bun-module@2.0.0 OK for: eslint-import-resolver-typescript@3.10.1 want: ^2.0.0
1083 silly placeDep ROOT stable-hash@0.0.5 OK for: eslint-import-resolver-typescript@3.10.1 want: ^0.0.5
1084 silly placeDep ROOT tinyglobby@0.2.15 OK for: eslint-import-resolver-typescript@3.10.1 want: ^0.2.13
1085 silly placeDep ROOT unrs-resolver@1.11.1 OK for: eslint-import-resolver-typescript@3.10.1 want: ^1.6.2
1086 silly fetch manifest resolve-pkg-maps@^1.0.0
1087 silly packumentCache full:https://registry.npmjs.org/resolve-pkg-maps cache-miss
1088 silly fetch manifest semver@^7.7.1
1089 silly packumentCache full:https://registry.npmjs.org/semver cache-miss
1090 silly fetch manifest fdir@^6.5.0
1091 silly packumentCache full:https://registry.npmjs.org/fdir cache-miss
1092 silly fetch manifest picomatch@^4.0.3
1093 silly packumentCache full:https://registry.npmjs.org/picomatch cache-miss
1094 silly fetch manifest napi-postinstall@^0.3.0
1095 silly packumentCache full:https://registry.npmjs.org/napi-postinstall cache-miss
1096 silly fetch manifest @unrs/resolver-binding-win32-x64-msvc@1.11.1
1097 silly packumentCache full:https://registry.npmjs.org/@unrs%2fresolver-binding-win32-x64-msvc cache-miss
1098 silly fetch manifest @unrs/resolver-binding-win32-arm64-msvc@1.11.1
1099 silly packumentCache full:https://registry.npmjs.org/@unrs%2fresolver-binding-win32-arm64-msvc cache-miss
1100 silly fetch manifest @unrs/resolver-binding-win32-ia32-msvc@1.11.1
1101 silly packumentCache full:https://registry.npmjs.org/@unrs%2fresolver-binding-win32-ia32-msvc cache-miss
1102 silly fetch manifest @unrs/resolver-binding-linux-x64-gnu@1.11.1
1103 silly packumentCache full:https://registry.npmjs.org/@unrs%2fresolver-binding-linux-x64-gnu cache-miss
1104 silly fetch manifest @unrs/resolver-binding-linux-x64-musl@1.11.1
1105 silly packumentCache full:https://registry.npmjs.org/@unrs%2fresolver-binding-linux-x64-musl cache-miss
1106 http cache https://registry.npmjs.org/semver 9ms (cache hit)
1107 silly packumentCache full:https://registry.npmjs.org/semver set size:226907 disposed:false
1108 silly fetch manifest @unrs/resolver-binding-freebsd-x64@1.11.1
1109 silly packumentCache full:https://registry.npmjs.org/@unrs%2fresolver-binding-freebsd-x64 cache-miss
1110 http fetch GET 200 https://registry.npmjs.org/picomatch 44ms (cache miss)
1111 silly packumentCache full:https://registry.npmjs.org/picomatch set size:undefined disposed:false
1112 silly fetch manifest @unrs/resolver-binding-android-arm64@1.11.1
1113 silly packumentCache full:https://registry.npmjs.org/@unrs%2fresolver-binding-android-arm64 cache-miss
1114 http fetch GET 200 https://registry.npmjs.org/fdir 71ms (cache miss)
1115 silly packumentCache full:https://registry.npmjs.org/fdir set size:undefined disposed:false
1116 silly fetch manifest @unrs/resolver-binding-linux-arm64-gnu@1.11.1
1117 silly packumentCache full:https://registry.npmjs.org/@unrs%2fresolver-binding-linux-arm64-gnu cache-miss
1118 http fetch GET 200 https://registry.npmjs.org/napi-postinstall 88ms (cache miss)
1119 silly packumentCache full:https://registry.npmjs.org/napi-postinstall set size:undefined disposed:false
1120 silly fetch manifest @unrs/resolver-binding-linux-arm64-musl@1.11.1
1121 silly packumentCache full:https://registry.npmjs.org/@unrs%2fresolver-binding-linux-arm64-musl cache-miss
1122 http fetch GET 200 https://registry.npmjs.org/resolve-pkg-maps 100ms (cache miss)
1123 silly packumentCache full:https://registry.npmjs.org/resolve-pkg-maps set size:undefined disposed:false
1124 silly fetch manifest @unrs/resolver-binding-android-arm-eabi@1.11.1
1125 silly packumentCache full:https://registry.npmjs.org/@unrs%2fresolver-binding-android-arm-eabi cache-miss
1126 http fetch GET 200 https://registry.npmjs.org/@unrs%2fresolver-binding-win32-x64-msvc 207ms (cache miss)
1127 silly packumentCache full:https://registry.npmjs.org/@unrs%2fresolver-binding-win32-x64-msvc set size:undefined disposed:false
1128 silly fetch manifest @unrs/resolver-binding-linux-arm-gnueabihf@1.11.1
1129 silly packumentCache full:https://registry.npmjs.org/@unrs%2fresolver-binding-linux-arm-gnueabihf cache-miss
1130 http fetch GET 200 https://registry.npmjs.org/@unrs%2fresolver-binding-linux-x64-musl 211ms (cache miss)
1131 silly packumentCache full:https://registry.npmjs.org/@unrs%2fresolver-binding-linux-x64-musl set size:undefined disposed:false
1132 silly fetch manifest @unrs/resolver-binding-linux-arm-musleabihf@1.11.1
1133 silly packumentCache full:https://registry.npmjs.org/@unrs%2fresolver-binding-linux-arm-musleabihf cache-miss
1134 http fetch GET 200 https://registry.npmjs.org/@unrs%2fresolver-binding-win32-arm64-msvc 219ms (cache miss)
1135 silly packumentCache full:https://registry.npmjs.org/@unrs%2fresolver-binding-win32-arm64-msvc set size:undefined disposed:false
1136 silly fetch manifest @unrs/resolver-binding-linux-ppc64-gnu@1.11.1
1137 silly packumentCache full:https://registry.npmjs.org/@unrs%2fresolver-binding-linux-ppc64-gnu cache-miss
1138 http fetch GET 200 https://registry.npmjs.org/@unrs%2fresolver-binding-linux-x64-gnu 222ms (cache miss)
1139 silly packumentCache full:https://registry.npmjs.org/@unrs%2fresolver-binding-linux-x64-gnu set size:undefined disposed:false
1140 silly fetch manifest @unrs/resolver-binding-linux-riscv64-gnu@1.11.1
1141 silly packumentCache full:https://registry.npmjs.org/@unrs%2fresolver-binding-linux-riscv64-gnu cache-miss
1142 http fetch GET 200 https://registry.npmjs.org/@unrs%2fresolver-binding-freebsd-x64 214ms (cache miss)
1143 silly packumentCache full:https://registry.npmjs.org/@unrs%2fresolver-binding-freebsd-x64 set size:undefined disposed:false
1144 silly fetch manifest @unrs/resolver-binding-linux-riscv64-musl@1.11.1
1145 silly packumentCache full:https://registry.npmjs.org/@unrs%2fresolver-binding-linux-riscv64-musl cache-miss
1146 http fetch GET 200 https://registry.npmjs.org/@unrs%2fresolver-binding-win32-ia32-msvc 225ms (cache miss)
1147 silly packumentCache full:https://registry.npmjs.org/@unrs%2fresolver-binding-win32-ia32-msvc set size:undefined disposed:false
1148 silly fetch manifest @unrs/resolver-binding-linux-s390x-gnu@1.11.1
1149 silly packumentCache full:https://registry.npmjs.org/@unrs%2fresolver-binding-linux-s390x-gnu cache-miss
1150 http fetch GET 200 https://registry.npmjs.org/@unrs%2fresolver-binding-linux-arm64-gnu 170ms (cache miss)
1151 silly packumentCache full:https://registry.npmjs.org/@unrs%2fresolver-binding-linux-arm64-gnu set size:undefined disposed:false
1152 silly fetch manifest @unrs/resolver-binding-darwin-x64@1.11.1
1153 silly packumentCache full:https://registry.npmjs.org/@unrs%2fresolver-binding-darwin-x64 cache-miss
1154 http fetch GET 200 https://registry.npmjs.org/@unrs%2fresolver-binding-android-arm-eabi 163ms (cache miss)
1155 silly packumentCache full:https://registry.npmjs.org/@unrs%2fresolver-binding-android-arm-eabi set size:undefined disposed:false
1156 silly fetch manifest @unrs/resolver-binding-darwin-arm64@1.11.1
1157 silly packumentCache full:https://registry.npmjs.org/@unrs%2fresolver-binding-darwin-arm64 cache-miss
1158 http fetch GET 200 https://registry.npmjs.org/@unrs%2fresolver-binding-android-arm64 231ms (cache miss)
1159 silly packumentCache full:https://registry.npmjs.org/@unrs%2fresolver-binding-android-arm64 set size:undefined disposed:false
1160 silly fetch manifest @unrs/resolver-binding-wasm32-wasi@1.11.1
1161 silly packumentCache full:https://registry.npmjs.org/@unrs%2fresolver-binding-wasm32-wasi cache-miss
1162 http fetch GET 200 https://registry.npmjs.org/@unrs%2fresolver-binding-linux-arm64-musl 204ms (cache miss)
1163 silly packumentCache full:https://registry.npmjs.org/@unrs%2fresolver-binding-linux-arm64-musl set size:undefined disposed:false
1164 http fetch GET 200 https://registry.npmjs.org/@unrs%2fresolver-binding-linux-arm-gnueabihf 173ms (cache miss)
1165 silly packumentCache full:https://registry.npmjs.org/@unrs%2fresolver-binding-linux-arm-gnueabihf set size:undefined disposed:false
1166 http fetch GET 200 https://registry.npmjs.org/@unrs%2fresolver-binding-linux-arm-musleabihf 174ms (cache miss)
1167 silly packumentCache full:https://registry.npmjs.org/@unrs%2fresolver-binding-linux-arm-musleabihf set size:undefined disposed:false
1168 http fetch GET 200 https://registry.npmjs.org/@unrs%2fresolver-binding-linux-s390x-gnu 177ms (cache miss)
1169 silly packumentCache full:https://registry.npmjs.org/@unrs%2fresolver-binding-linux-s390x-gnu set size:undefined disposed:false
1170 http fetch GET 200 https://registry.npmjs.org/@unrs%2fresolver-binding-linux-ppc64-gnu 212ms (cache miss)
1171 silly packumentCache full:https://registry.npmjs.org/@unrs%2fresolver-binding-linux-ppc64-gnu set size:undefined disposed:false
1172 http fetch GET 200 https://registry.npmjs.org/@unrs%2fresolver-binding-darwin-arm64 171ms (cache miss)
1173 silly packumentCache full:https://registry.npmjs.org/@unrs%2fresolver-binding-darwin-arm64 set size:undefined disposed:false
1174 http fetch GET 200 https://registry.npmjs.org/@unrs%2fresolver-binding-darwin-x64 197ms (cache miss)
1175 silly packumentCache full:https://registry.npmjs.org/@unrs%2fresolver-binding-darwin-x64 set size:undefined disposed:false
1176 http fetch GET 200 https://registry.npmjs.org/@unrs%2fresolver-binding-linux-riscv64-musl 221ms (cache miss)
1177 silly packumentCache full:https://registry.npmjs.org/@unrs%2fresolver-binding-linux-riscv64-musl set size:undefined disposed:false
1178 http fetch GET 200 https://registry.npmjs.org/@unrs%2fresolver-binding-wasm32-wasi 220ms (cache miss)
1179 silly packumentCache full:https://registry.npmjs.org/@unrs%2fresolver-binding-wasm32-wasi set size:undefined disposed:false
1180 http fetch GET 200 https://registry.npmjs.org/@unrs%2fresolver-binding-linux-riscv64-gnu 734ms (cache miss)
1181 silly packumentCache full:https://registry.npmjs.org/@unrs%2fresolver-binding-linux-riscv64-gnu set size:undefined disposed:false
1182 silly placeDep ROOT @rtsao/scc@1.1.0 OK for: eslint-plugin-import@2.32.0 want: ^1.1.0
1183 silly placeDep ROOT array-includes@3.1.9 OK for: eslint-plugin-import@2.32.0 want: ^3.1.9
1184 silly placeDep ROOT array.prototype.findlastindex@1.2.6 OK for: eslint-plugin-import@2.32.0 want: ^1.2.6
1185 silly placeDep ROOT array.prototype.flat@1.3.3 OK for: eslint-plugin-import@2.32.0 want: ^1.3.3
1186 silly placeDep ROOT array.prototype.flatmap@1.3.3 OK for: eslint-plugin-import@2.32.0 want: ^1.3.3
1187 silly placeDep node_modules/eslint-plugin-import debug@3.2.7 OK for: eslint-plugin-import@2.32.0 want: ^3.2.7
1188 silly placeDep ROOT doctrine@2.1.0 OK for: eslint-plugin-import@2.32.0 want: ^2.1.0
1189 silly placeDep ROOT eslint-module-utils@2.12.1 OK for: eslint-plugin-import@2.32.0 want: ^2.12.1
1190 silly placeDep ROOT hasown@2.0.2 OK for: eslint-plugin-import@2.32.0 want: ^2.0.2
1191 silly placeDep ROOT object.fromentries@2.0.8 OK for: eslint-plugin-import@2.32.0 want: ^2.0.8
1192 silly placeDep ROOT object.groupby@1.0.3 OK for: eslint-plugin-import@2.32.0 want: ^1.0.3
1193 silly placeDep ROOT object.values@1.2.1 OK for: eslint-plugin-import@2.32.0 want: ^1.2.1
1194 silly placeDep ROOT semver@6.3.1 OK for: eslint-plugin-import@2.32.0 want: ^6.3.1
1195 silly placeDep ROOT string.prototype.trimend@1.0.9 OK for: eslint-plugin-import@2.32.0 want: ^1.0.9
1196 silly placeDep ROOT tsconfig-paths@3.15.0 OK for: eslint-plugin-import@2.32.0 want: ^3.15.0
1197 silly fetch manifest call-bind@^1.0.8
1198 silly packumentCache full:https://registry.npmjs.org/call-bind cache-miss
1199 silly fetch manifest call-bound@^1.0.4
1200 silly packumentCache full:https://registry.npmjs.org/call-bound cache-miss
1201 silly fetch manifest define-properties@^1.2.1
1202 silly packumentCache full:https://registry.npmjs.org/define-properties cache-miss
1203 silly fetch manifest es-abstract@^1.24.0
1204 silly packumentCache full:https://registry.npmjs.org/es-abstract cache-miss
1205 silly fetch manifest es-object-atoms@^1.1.1
1206 silly packumentCache full:https://registry.npmjs.org/es-object-atoms cache-miss
1207 silly fetch manifest get-intrinsic@^1.3.0
1208 silly packumentCache full:https://registry.npmjs.org/get-intrinsic cache-miss
1209 silly fetch manifest is-string@^1.1.1
1210 silly packumentCache full:https://registry.npmjs.org/is-string cache-miss
1211 silly fetch manifest math-intrinsics@^1.1.0
1212 silly packumentCache full:https://registry.npmjs.org/math-intrinsics cache-miss
1213 silly fetch manifest call-bind@^1.0.8
1214 silly packumentCache full:https://registry.npmjs.org/call-bind cache-miss
1215 silly fetch manifest call-bound@^1.0.4
1216 silly packumentCache full:https://registry.npmjs.org/call-bound cache-miss
1217 http fetch GET 200 https://registry.npmjs.org/es-object-atoms 34ms (cache miss)
1218 silly packumentCache full:https://registry.npmjs.org/es-object-atoms set size:undefined disposed:false
1219 silly fetch manifest define-properties@^1.2.1
1220 silly packumentCache full:https://registry.npmjs.org/define-properties cache-miss
1221 http fetch GET 200 https://registry.npmjs.org/get-intrinsic 40ms (cache miss)
1222 silly packumentCache full:https://registry.npmjs.org/get-intrinsic set size:undefined disposed:false
1223 silly fetch manifest es-abstract@^1.23.9
1224 silly packumentCache full:https://registry.npmjs.org/es-abstract cache-miss
1225 http fetch GET 200 https://registry.npmjs.org/call-bind 73ms (cache miss)
1226 silly packumentCache full:https://registry.npmjs.org/call-bind set size:undefined disposed:false
1227 silly fetch manifest es-errors@^1.3.0
1228 silly packumentCache full:https://registry.npmjs.org/es-errors cache-miss
1229 http fetch GET 200 https://registry.npmjs.org/call-bind 71ms (cache miss)
1230 silly packumentCache full:https://registry.npmjs.org/call-bind set size:undefined disposed:false
1231 silly fetch manifest es-shim-unscopables@^1.1.0
1232 silly packumentCache full:https://registry.npmjs.org/es-shim-unscopables cache-miss
1233 http fetch GET 200 https://registry.npmjs.org/call-bound 73ms (cache miss)
1234 silly packumentCache full:https://registry.npmjs.org/call-bound set size:undefined disposed:false
1235 silly fetch manifest define-properties@^1.2.1
1236 silly packumentCache full:https://registry.npmjs.org/define-properties cache-miss
1237 http fetch GET 200 https://registry.npmjs.org/call-bound 77ms (cache miss)
1238 silly packumentCache full:https://registry.npmjs.org/call-bound set size:undefined disposed:false
1239 silly fetch manifest es-abstract@^1.23.5
1240 silly packumentCache full:https://registry.npmjs.org/es-abstract cache-miss
1241 http fetch GET 200 https://registry.npmjs.org/math-intrinsics 89ms (cache miss)
1242 silly packumentCache full:https://registry.npmjs.org/math-intrinsics set size:undefined disposed:false
1243 silly fetch manifest es-shim-unscopables@^1.0.2
1244 silly packumentCache full:https://registry.npmjs.org/es-shim-unscopables cache-miss
1245 http fetch GET 200 https://registry.npmjs.org/is-string 99ms (cache miss)
1246 silly packumentCache full:https://registry.npmjs.org/is-string set size:undefined disposed:false
1247 silly fetch manifest define-properties@^1.2.1
1248 silly packumentCache full:https://registry.npmjs.org/define-properties cache-miss
1249 http fetch GET 200 https://registry.npmjs.org/define-properties 115ms (cache miss)
1250 silly packumentCache full:https://registry.npmjs.org/define-properties set size:undefined disposed:false
1251 silly fetch manifest es-abstract@^1.23.5
1252 silly packumentCache full:https://registry.npmjs.org/es-abstract cache-miss
1253 http fetch GET 200 https://registry.npmjs.org/es-abstract 49ms (cache miss)
1254 silly packumentCache full:https://registry.npmjs.org/es-abstract set size:undefined disposed:false
1255 silly fetch manifest es-shim-unscopables@^1.0.2
1256 silly packumentCache full:https://registry.npmjs.org/es-shim-unscopables cache-miss
1257 http fetch GET 200 https://registry.npmjs.org/define-properties 94ms (cache miss)
1258 silly packumentCache full:https://registry.npmjs.org/define-properties set size:undefined disposed:false
1259 silly fetch manifest function-bind@^1.1.2
1260 silly packumentCache full:https://registry.npmjs.org/function-bind cache-miss
1261 http fetch GET 200 https://registry.npmjs.org/define-properties 30ms (cache miss)
1262 silly packumentCache full:https://registry.npmjs.org/define-properties set size:undefined disposed:false
1263 silly fetch manifest call-bind@^1.0.7
1264 silly packumentCache full:https://registry.npmjs.org/call-bind cache-miss
1265 http cache https://registry.npmjs.org/call-bind 1ms (cache hit)
1266 silly packumentCache full:https://registry.npmjs.org/call-bind set size:30096 disposed:false
1267 silly fetch manifest es-abstract@^1.23.2
1268 silly packumentCache full:https://registry.npmjs.org/es-abstract cache-miss
1269 http cache https://registry.npmjs.org/es-abstract 1ms (cache hit)
1270 silly packumentCache full:https://registry.npmjs.org/es-abstract set size:373045 disposed:false
1271 silly fetch manifest es-object-atoms@^1.0.0
1272 silly packumentCache full:https://registry.npmjs.org/es-object-atoms cache-miss
1273 http cache https://registry.npmjs.org/es-object-atoms 2ms (cache hit)
1274 silly packumentCache full:https://registry.npmjs.org/es-object-atoms set size:15304 disposed:false
1275 silly fetch manifest call-bound@^1.0.3
1276 silly packumentCache full:https://registry.npmjs.org/call-bound cache-miss
1277 http fetch GET 200 https://registry.npmjs.org/es-abstract 142ms (cache miss)
1278 silly packumentCache full:https://registry.npmjs.org/es-abstract set size:undefined disposed:false
1279 silly packumentCache full:https://registry.npmjs.org/es-abstract dispose
1280 silly fetch manifest call-bound@^1.0.2
1281 silly packumentCache full:https://registry.npmjs.org/call-bound cache-miss
1282 http cache https://registry.npmjs.org/call-bound 6ms (cache hit)
1283 silly packumentCache full:https://registry.npmjs.org/call-bound set size:15317 disposed:false
1284 silly fetch manifest json5@^1.0.2
1285 silly packumentCache full:https://registry.npmjs.org/json5 cache-miss
1286 http cache https://registry.npmjs.org/call-bound 3ms (cache hit)
1287 silly packumentCache full:https://registry.npmjs.org/call-bound set size:15317 disposed:false
1288 silly packumentCache full:https://registry.npmjs.org/call-bound dispose
1289 silly fetch manifest minimist@^1.2.6
1290 silly packumentCache full:https://registry.npmjs.org/minimist cache-miss
1291 http fetch GET 200 https://registry.npmjs.org/es-errors 78ms (cache miss)
1292 silly packumentCache full:https://registry.npmjs.org/es-errors set size:undefined disposed:false
1293 silly fetch manifest strip-bom@^3.0.0
1294 silly packumentCache full:https://registry.npmjs.org/strip-bom cache-miss
1295 http fetch GET 200 https://registry.npmjs.org/es-abstract 36ms (cache miss)
1296 silly packumentCache full:https://registry.npmjs.org/es-abstract set size:undefined disposed:true
1297 silly fetch manifest @types/json5@^0.0.29
1298 silly packumentCache full:https://registry.npmjs.org/@types%2fjson5 cache-miss
1299 http fetch GET 200 https://registry.npmjs.org/es-abstract 117ms (cache miss)
1300 silly packumentCache full:https://registry.npmjs.org/es-abstract set size:undefined disposed:false
1301 http fetch GET 200 https://registry.npmjs.org/es-shim-unscopables 80ms (cache miss)
1302 silly packumentCache full:https://registry.npmjs.org/es-shim-unscopables set size:undefined disposed:false
1303 http fetch GET 200 https://registry.npmjs.org/es-shim-unscopables 43ms (cache miss)
1304 silly packumentCache full:https://registry.npmjs.org/es-shim-unscopables set size:undefined disposed:false
1305 http fetch GET 200 https://registry.npmjs.org/es-shim-unscopables 97ms (cache miss)
1306 silly packumentCache full:https://registry.npmjs.org/es-shim-unscopables set size:undefined disposed:false
1307 http fetch GET 200 https://registry.npmjs.org/define-properties 96ms (cache miss)
1308 silly packumentCache full:https://registry.npmjs.org/define-properties set size:undefined disposed:false
1309 http fetch GET 200 https://registry.npmjs.org/json5 29ms (cache miss)
1310 silly packumentCache full:https://registry.npmjs.org/json5 set size:undefined disposed:false
1311 http fetch GET 200 https://registry.npmjs.org/function-bind 95ms (cache miss)
1312 silly packumentCache full:https://registry.npmjs.org/function-bind set size:undefined disposed:false
1313 http fetch GET 200 https://registry.npmjs.org/strip-bom 96ms (cache miss)
1314 silly packumentCache full:https://registry.npmjs.org/strip-bom set size:undefined disposed:false
1315 http fetch GET 200 https://registry.npmjs.org/minimist 110ms (cache miss)
1316 silly packumentCache full:https://registry.npmjs.org/minimist set size:undefined disposed:false
1317 http fetch GET 200 https://registry.npmjs.org/@types%2fjson5 110ms (cache miss)
1318 silly packumentCache full:https://registry.npmjs.org/@types%2fjson5 set size:undefined disposed:false
1319 silly placeDep ROOT call-bind@1.0.8 OK for: array-includes@3.1.9 want: ^1.0.8
1320 silly placeDep ROOT call-bound@1.0.4 OK for: array-includes@3.1.9 want: ^1.0.4
1321 silly placeDep ROOT define-properties@1.2.1 OK for: array-includes@3.1.9 want: ^1.2.1
1322 silly placeDep ROOT es-abstract@1.24.0 OK for: array-includes@3.1.9 want: ^1.24.0
1323 silly placeDep ROOT es-object-atoms@1.1.1 OK for: array-includes@3.1.9 want: ^1.1.1
1324 silly placeDep ROOT get-intrinsic@1.3.0 OK for: array-includes@3.1.9 want: ^1.3.0
1325 silly placeDep ROOT is-string@1.1.1 OK for: array-includes@3.1.9 want: ^1.1.1
1326 silly placeDep ROOT math-intrinsics@1.1.0 OK for: array-includes@3.1.9 want: ^1.1.0
1327 silly fetch manifest call-bind-apply-helpers@^1.0.0
1328 silly packumentCache full:https://registry.npmjs.org/call-bind-apply-helpers cache-miss
1329 silly fetch manifest es-define-property@^1.0.0
1330 silly packumentCache full:https://registry.npmjs.org/es-define-property cache-miss
1331 silly fetch manifest get-intrinsic@^1.2.4
1332 silly packumentCache full:https://registry.npmjs.org/get-intrinsic cache-miss
1333 silly fetch manifest set-function-length@^1.2.2
1334 silly packumentCache full:https://registry.npmjs.org/set-function-length cache-miss
1335 silly fetch manifest call-bind-apply-helpers@^1.0.2
1336 silly packumentCache full:https://registry.npmjs.org/call-bind-apply-helpers cache-miss
1337 silly fetch manifest define-data-property@^1.0.1
1338 silly packumentCache full:https://registry.npmjs.org/define-data-property cache-miss
1339 silly fetch manifest has-property-descriptors@^1.0.0
1340 silly packumentCache full:https://registry.npmjs.org/has-property-descriptors cache-miss
1341 silly fetch manifest object-keys@^1.1.1
1342 silly packumentCache full:https://registry.npmjs.org/object-keys cache-miss
1343 silly fetch manifest array-buffer-byte-length@^1.0.2
1344 silly packumentCache full:https://registry.npmjs.org/array-buffer-byte-length cache-miss
1345 silly fetch manifest arraybuffer.prototype.slice@^1.0.4
1346 silly packumentCache full:https://registry.npmjs.org/arraybuffer.prototype.slice cache-miss
1347 http cache https://registry.npmjs.org/get-intrinsic 7ms (cache hit)
1348 silly packumentCache full:https://registry.npmjs.org/get-intrinsic set size:60985 disposed:false
1349 silly fetch manifest available-typed-arrays@^1.0.7
1350 silly packumentCache full:https://registry.npmjs.org/available-typed-arrays cache-miss
1351 http fetch GET 200 https://registry.npmjs.org/define-data-property 69ms (cache miss)
1352 silly packumentCache full:https://registry.npmjs.org/define-data-property set size:undefined disposed:false
1353 silly fetch manifest data-view-buffer@^1.0.2
1354 silly packumentCache full:https://registry.npmjs.org/data-view-buffer cache-miss
1355 http fetch GET 200 https://registry.npmjs.org/object-keys 72ms (cache miss)
1356 silly packumentCache full:https://registry.npmjs.org/object-keys set size:undefined disposed:false
1357 silly fetch manifest data-view-byte-length@^1.0.2
1358 silly packumentCache full:https://registry.npmjs.org/data-view-byte-length cache-miss
1359 http fetch GET 200 https://registry.npmjs.org/es-define-property 77ms (cache miss)
1360 silly packumentCache full:https://registry.npmjs.org/es-define-property set size:undefined disposed:false
1361 silly fetch manifest data-view-byte-offset@^1.0.1
1362 silly packumentCache full:https://registry.npmjs.org/data-view-byte-offset cache-miss
1363 http fetch GET 200 https://registry.npmjs.org/has-property-descriptors 85ms (cache miss)
1364 silly packumentCache full:https://registry.npmjs.org/has-property-descriptors set size:undefined disposed:false
1365 silly fetch manifest es-define-property@^1.0.1
1366 silly packumentCache full:https://registry.npmjs.org/es-define-property cache-miss
1367 http cache https://registry.npmjs.org/es-define-property 1ms (cache hit)
1368 silly packumentCache full:https://registry.npmjs.org/es-define-property set size:8542 disposed:false
1369 silly fetch manifest es-set-tostringtag@^2.1.0
1370 silly packumentCache full:https://registry.npmjs.org/es-set-tostringtag cache-miss
1371 http fetch GET 200 https://registry.npmjs.org/array-buffer-byte-length 92ms (cache miss)
1372 silly packumentCache full:https://registry.npmjs.org/array-buffer-byte-length set size:undefined disposed:false
1373 silly fetch manifest es-to-primitive@^1.3.0
1374 silly packumentCache full:https://registry.npmjs.org/es-to-primitive cache-miss
1375 http fetch GET 200 https://registry.npmjs.org/arraybuffer.prototype.slice 96ms (cache miss)
1376 silly packumentCache full:https://registry.npmjs.org/arraybuffer.prototype.slice set size:undefined disposed:false
1377 silly fetch manifest function.prototype.name@^1.1.8
1378 silly packumentCache full:https://registry.npmjs.org/function.prototype.name cache-miss
1379 http fetch GET 200 https://registry.npmjs.org/set-function-length 100ms (cache miss)
1380 silly packumentCache full:https://registry.npmjs.org/set-function-length set size:undefined disposed:false
1381 silly fetch manifest get-proto@^1.0.1
1382 silly packumentCache full:https://registry.npmjs.org/get-proto cache-miss
1383 http fetch GET 200 https://registry.npmjs.org/call-bind-apply-helpers 106ms (cache miss)
1384 silly packumentCache full:https://registry.npmjs.org/call-bind-apply-helpers set size:undefined disposed:false
1385 silly fetch manifest get-symbol-description@^1.1.0
1386 silly packumentCache full:https://registry.npmjs.org/get-symbol-description cache-miss
1387 http fetch GET 200 https://registry.npmjs.org/available-typed-arrays 120ms (cache miss)
1388 silly packumentCache full:https://registry.npmjs.org/available-typed-arrays set size:undefined disposed:false
1389 silly fetch manifest globalthis@^1.0.4
1390 silly packumentCache full:https://registry.npmjs.org/globalthis cache-miss
1391 http fetch GET 200 https://registry.npmjs.org/data-view-buffer 63ms (cache miss)
1392 silly packumentCache full:https://registry.npmjs.org/data-view-buffer set size:undefined disposed:false
1393 silly fetch manifest gopd@^1.2.0
1394 silly packumentCache full:https://registry.npmjs.org/gopd cache-miss
1395 http fetch GET 200 https://registry.npmjs.org/call-bind-apply-helpers 137ms (cache miss)
1396 silly packumentCache full:https://registry.npmjs.org/call-bind-apply-helpers set size:undefined disposed:false
1397 silly fetch manifest has-property-descriptors@^1.0.2
1398 silly packumentCache full:https://registry.npmjs.org/has-property-descriptors cache-miss
1399 http fetch GET 200 https://registry.npmjs.org/get-proto 37ms (cache miss)
1400 silly packumentCache full:https://registry.npmjs.org/get-proto set size:undefined disposed:false
1401 silly fetch manifest has-proto@^1.2.0
1402 silly packumentCache full:https://registry.npmjs.org/has-proto cache-miss
1403 http cache https://registry.npmjs.org/has-property-descriptors 3ms (cache hit)
1404 silly packumentCache full:https://registry.npmjs.org/has-property-descriptors set size:12452 disposed:false
1405 silly fetch manifest has-symbols@^1.1.0
1406 silly packumentCache full:https://registry.npmjs.org/has-symbols cache-miss
1407 http fetch GET 200 https://registry.npmjs.org/data-view-byte-length 67ms (cache miss)
1408 silly packumentCache full:https://registry.npmjs.org/data-view-byte-length set size:undefined disposed:false
1409 silly fetch manifest internal-slot@^1.1.0
1410 silly packumentCache full:https://registry.npmjs.org/internal-slot cache-miss
1411 http fetch GET 200 https://registry.npmjs.org/es-to-primitive 68ms (cache miss)
1412 silly packumentCache full:https://registry.npmjs.org/es-to-primitive set size:undefined disposed:false
1413 silly fetch manifest is-array-buffer@^3.0.5
1414 silly packumentCache full:https://registry.npmjs.org/is-array-buffer cache-miss
1415 http fetch GET 200 https://registry.npmjs.org/function.prototype.name 71ms (cache miss)
1416 silly packumentCache full:https://registry.npmjs.org/function.prototype.name set size:undefined disposed:false
1417 silly fetch manifest is-callable@^1.2.7
1418 silly packumentCache full:https://registry.npmjs.org/is-callable cache-miss
1419 http fetch GET 200 https://registry.npmjs.org/data-view-byte-offset 94ms (cache miss)
1420 silly packumentCache full:https://registry.npmjs.org/data-view-byte-offset set size:undefined disposed:false
1421 silly fetch manifest is-data-view@^1.0.2
1422 silly packumentCache full:https://registry.npmjs.org/is-data-view cache-miss
1423 http fetch GET 200 https://registry.npmjs.org/es-set-tostringtag 85ms (cache miss)
1424 silly packumentCache full:https://registry.npmjs.org/es-set-tostringtag set size:undefined disposed:false
1425 silly fetch manifest is-negative-zero@^2.0.3
1426 silly packumentCache full:https://registry.npmjs.org/is-negative-zero cache-miss
1427 http fetch GET 200 https://registry.npmjs.org/get-symbol-description 84ms (cache miss)
1428 silly packumentCache full:https://registry.npmjs.org/get-symbol-description set size:undefined disposed:false
1429 silly fetch manifest is-regex@^1.2.1
1430 silly packumentCache full:https://registry.npmjs.org/is-regex cache-miss
1431 http fetch GET 200 https://registry.npmjs.org/globalthis 62ms (cache miss)
1432 silly packumentCache full:https://registry.npmjs.org/globalthis set size:undefined disposed:false
1433 silly fetch manifest is-set@^2.0.3
1434 silly packumentCache full:https://registry.npmjs.org/is-set cache-miss
1435 http fetch GET 200 https://registry.npmjs.org/gopd 68ms (cache miss)
1436 silly packumentCache full:https://registry.npmjs.org/gopd set size:undefined disposed:false
1437 silly fetch manifest is-shared-array-buffer@^1.0.4
1438 silly packumentCache full:https://registry.npmjs.org/is-shared-array-buffer cache-miss
1439 http fetch GET 200 https://registry.npmjs.org/has-symbols 74ms (cache miss)
1440 silly packumentCache full:https://registry.npmjs.org/has-symbols set size:undefined disposed:false
1441 silly fetch manifest is-typed-array@^1.1.15
1442 silly packumentCache full:https://registry.npmjs.org/is-typed-array cache-miss
1443 http fetch GET 200 https://registry.npmjs.org/has-proto 83ms (cache miss)
1444 silly packumentCache full:https://registry.npmjs.org/has-proto set size:undefined disposed:false
1445 silly fetch manifest is-weakref@^1.1.1
1446 silly packumentCache full:https://registry.npmjs.org/is-weakref cache-miss
1447 http fetch GET 200 https://registry.npmjs.org/is-array-buffer 67ms (cache miss)
1448 silly packumentCache full:https://registry.npmjs.org/is-array-buffer set size:undefined disposed:false
1449 silly fetch manifest object-inspect@^1.13.4
1450 silly packumentCache full:https://registry.npmjs.org/object-inspect cache-miss
1451 http fetch GET 200 https://registry.npmjs.org/internal-slot 93ms (cache miss)
1452 silly packumentCache full:https://registry.npmjs.org/internal-slot set size:undefined disposed:false
1453 silly fetch manifest object.assign@^4.1.7
1454 silly packumentCache full:https://registry.npmjs.org/object.assign cache-miss
1455 http fetch GET 200 https://registry.npmjs.org/is-callable 79ms (cache miss)
1456 silly packumentCache full:https://registry.npmjs.org/is-callable set size:undefined disposed:false
1457 silly fetch manifest own-keys@^1.0.1
1458 silly packumentCache full:https://registry.npmjs.org/own-keys cache-miss
1459 http fetch GET 200 https://registry.npmjs.org/is-negative-zero 85ms (cache miss)
1460 silly packumentCache full:https://registry.npmjs.org/is-negative-zero set size:undefined disposed:false
1461 silly fetch manifest regexp.prototype.flags@^1.5.4
1462 silly packumentCache full:https://registry.npmjs.org/regexp.prototype.flags cache-miss
1463 http fetch GET 200 https://registry.npmjs.org/is-data-view 92ms (cache miss)
1464 silly packumentCache full:https://registry.npmjs.org/is-data-view set size:undefined disposed:false
1465 silly fetch manifest safe-array-concat@^1.1.3
1466 silly packumentCache full:https://registry.npmjs.org/safe-array-concat cache-miss
1467 http fetch GET 200 https://registry.npmjs.org/is-regex 79ms (cache miss)
1468 silly packumentCache full:https://registry.npmjs.org/is-regex set size:undefined disposed:false
1469 silly fetch manifest safe-push-apply@^1.0.0
1470 silly packumentCache full:https://registry.npmjs.org/safe-push-apply cache-miss
1471 http fetch GET 200 https://registry.npmjs.org/regexp.prototype.flags 31ms (cache miss)
1472 silly packumentCache full:https://registry.npmjs.org/regexp.prototype.flags set size:undefined disposed:false
1473 silly fetch manifest safe-regex-test@^1.1.0
1474 silly packumentCache full:https://registry.npmjs.org/safe-regex-test cache-miss
1475 http fetch GET 200 https://registry.npmjs.org/is-set 99ms (cache miss)
1476 silly packumentCache full:https://registry.npmjs.org/is-set set size:undefined disposed:false
1477 silly fetch manifest set-proto@^1.0.0
1478 silly packumentCache full:https://registry.npmjs.org/set-proto cache-miss
1479 http fetch GET 200 https://registry.npmjs.org/is-shared-array-buffer 91ms (cache miss)
1480 silly packumentCache full:https://registry.npmjs.org/is-shared-array-buffer set size:undefined disposed:false
1481 silly fetch manifest stop-iteration-iterator@^1.1.0
1482 silly packumentCache full:https://registry.npmjs.org/stop-iteration-iterator cache-miss
1483 http cache https://registry.npmjs.org/safe-regex-test 6ms (cache hit)
1484 silly packumentCache full:https://registry.npmjs.org/safe-regex-test set size:17412 disposed:false
1485 silly fetch manifest string.prototype.trim@^1.2.10
1486 silly packumentCache full:https://registry.npmjs.org/string.prototype.trim cache-miss
1487 http fetch GET 200 https://registry.npmjs.org/is-typed-array 83ms (cache miss)
1488 silly packumentCache full:https://registry.npmjs.org/is-typed-array set size:undefined disposed:false
1489 silly fetch manifest string.prototype.trimstart@^1.0.8
1490 silly packumentCache full:https://registry.npmjs.org/string.prototype.trimstart cache-miss
1491 http fetch GET 200 https://registry.npmjs.org/object-inspect 69ms (cache miss)
1492 silly packumentCache full:https://registry.npmjs.org/object-inspect set size:undefined disposed:false
1493 silly fetch manifest typed-array-buffer@^1.0.3
1494 silly packumentCache full:https://registry.npmjs.org/typed-array-buffer cache-miss
1495 http fetch GET 200 https://registry.npmjs.org/object.assign 71ms (cache miss)
1496 silly packumentCache full:https://registry.npmjs.org/object.assign set size:undefined disposed:false
1497 silly fetch manifest typed-array-byte-length@^1.0.3
1498 silly packumentCache full:https://registry.npmjs.org/typed-array-byte-length cache-miss
1499 http fetch GET 200 https://registry.npmjs.org/safe-array-concat 62ms (cache miss)
1500 silly packumentCache full:https://registry.npmjs.org/safe-array-concat set size:undefined disposed:false
1501 silly fetch manifest typed-array-byte-offset@^1.0.4
1502 silly packumentCache full:https://registry.npmjs.org/typed-array-byte-offset cache-miss
1503 http fetch GET 200 https://registry.npmjs.org/own-keys 92ms (cache miss)
1504 silly packumentCache full:https://registry.npmjs.org/own-keys set size:undefined disposed:false
1505 silly fetch manifest typed-array-length@^1.0.7
1506 silly packumentCache full:https://registry.npmjs.org/typed-array-length cache-miss
1507 http fetch GET 200 https://registry.npmjs.org/is-weakref 142ms (cache miss)
1508 silly packumentCache full:https://registry.npmjs.org/is-weakref set size:undefined disposed:false
1509 silly fetch manifest unbox-primitive@^1.1.0
1510 silly packumentCache full:https://registry.npmjs.org/unbox-primitive cache-miss
1511 http fetch GET 200 https://registry.npmjs.org/string.prototype.trim 77ms (cache miss)
1512 silly packumentCache full:https://registry.npmjs.org/string.prototype.trim set size:undefined disposed:false
1513 silly fetch manifest which-typed-array@^1.1.19
1514 silly packumentCache full:https://registry.npmjs.org/which-typed-array cache-miss
1515 http fetch GET 200 https://registry.npmjs.org/typed-array-byte-length 70ms (cache miss)
1516 silly packumentCache full:https://registry.npmjs.org/typed-array-byte-length set size:undefined disposed:false
1517 silly fetch manifest has-tostringtag@^1.0.2
1518 silly packumentCache full:https://registry.npmjs.org/has-tostringtag cache-miss
1519 http fetch GET 200 https://registry.npmjs.org/safe-push-apply 111ms (cache miss)
1520 silly packumentCache full:https://registry.npmjs.org/safe-push-apply set size:undefined disposed:false
1521 http fetch GET 200 https://registry.npmjs.org/set-proto 90ms (cache miss)
1522 silly packumentCache full:https://registry.npmjs.org/set-proto set size:undefined disposed:false
1523 http fetch GET 200 https://registry.npmjs.org/string.prototype.trimstart 85ms (cache miss)
1524 silly packumentCache full:https://registry.npmjs.org/string.prototype.trimstart set size:undefined disposed:false
1525 http fetch GET 200 https://registry.npmjs.org/typed-array-buffer 91ms (cache miss)
1526 silly packumentCache full:https://registry.npmjs.org/typed-array-buffer set size:undefined disposed:false
1527 http fetch GET 200 https://registry.npmjs.org/typed-array-byte-offset 66ms (cache miss)
1528 silly packumentCache full:https://registry.npmjs.org/typed-array-byte-offset set size:undefined disposed:false
1529 http fetch GET 200 https://registry.npmjs.org/has-tostringtag 24ms (cache miss)
1530 silly packumentCache full:https://registry.npmjs.org/has-tostringtag set size:undefined disposed:false
1531 http fetch GET 200 https://registry.npmjs.org/typed-array-length 90ms (cache miss)
1532 silly packumentCache full:https://registry.npmjs.org/typed-array-length set size:undefined disposed:false
1533 http fetch GET 200 https://registry.npmjs.org/which-typed-array 89ms (cache miss)
1534 silly packumentCache full:https://registry.npmjs.org/which-typed-array set size:undefined disposed:false
1535 http fetch GET 200 https://registry.npmjs.org/unbox-primitive 102ms (cache miss)
1536 silly packumentCache full:https://registry.npmjs.org/unbox-primitive set size:undefined disposed:false
1537 http fetch GET 200 https://registry.npmjs.org/stop-iteration-iterator 176ms (cache miss)
1538 silly packumentCache full:https://registry.npmjs.org/stop-iteration-iterator set size:undefined disposed:false
1539 silly placeDep ROOT es-errors@1.3.0 OK for: array.prototype.findlastindex@1.2.6 want: ^1.3.0
1540 silly placeDep ROOT es-shim-unscopables@1.1.0 OK for: array.prototype.findlastindex@1.2.6 want: ^1.1.0
1541 silly placeDep ROOT call-bind-apply-helpers@1.0.2 OK for: call-bind@1.0.8 want: ^1.0.0
1542 silly placeDep ROOT es-define-property@1.0.1 OK for: call-bind@1.0.8 want: ^1.0.0
1543 silly placeDep ROOT set-function-length@1.2.2 OK for: call-bind@1.0.8 want: ^1.2.2
1544 silly fetch manifest define-data-property@^1.1.4
1545 silly packumentCache full:https://registry.npmjs.org/define-data-property cache-miss
1546 silly fetch manifest gopd@^1.0.1
1547 silly packumentCache full:https://registry.npmjs.org/gopd cache-miss
1548 http cache https://registry.npmjs.org/gopd 2ms (cache hit)
1549 silly packumentCache full:https://registry.npmjs.org/gopd set size:11458 disposed:false
1550 http cache https://registry.npmjs.org/define-data-property 2ms (cache hit)
1551 silly packumentCache full:https://registry.npmjs.org/define-data-property set size:28048 disposed:false
1552 silly placeDep ROOT function-bind@1.1.2 OK for: call-bind-apply-helpers@1.0.2 want: ^1.1.2
1553 silly placeDep ROOT define-data-property@1.1.4 OK for: define-properties@1.2.1 want: ^1.0.1
1554 silly placeDep ROOT has-property-descriptors@1.0.2 OK for: define-properties@1.2.1 want: ^1.0.0
1555 silly placeDep ROOT object-keys@1.1.1 OK for: define-properties@1.2.1 want: ^1.1.1
1556 silly placeDep ROOT gopd@1.2.0 OK for: define-data-property@1.1.4 want: ^1.0.1
1557 silly placeDep ROOT array-buffer-byte-length@1.0.2 OK for: es-abstract@1.24.0 want: ^1.0.2
1558 silly placeDep ROOT arraybuffer.prototype.slice@1.0.4 OK for: es-abstract@1.24.0 want: ^1.0.4
1559 silly placeDep ROOT available-typed-arrays@1.0.7 OK for: es-abstract@1.24.0 want: ^1.0.7
1560 silly placeDep ROOT data-view-buffer@1.0.2 OK for: es-abstract@1.24.0 want: ^1.0.2
1561 silly placeDep ROOT data-view-byte-length@1.0.2 OK for: es-abstract@1.24.0 want: ^1.0.2
1562 silly placeDep ROOT data-view-byte-offset@1.0.1 OK for: es-abstract@1.24.0 want: ^1.0.1
1563 silly placeDep ROOT es-set-tostringtag@2.1.0 OK for: es-abstract@1.24.0 want: ^2.1.0
1564 silly placeDep ROOT es-to-primitive@1.3.0 OK for: es-abstract@1.24.0 want: ^1.3.0
1565 silly placeDep ROOT function.prototype.name@1.1.8 OK for: es-abstract@1.24.0 want: ^1.1.8
1566 silly placeDep ROOT get-proto@1.0.1 OK for: es-abstract@1.24.0 want: ^1.0.1
1567 silly placeDep ROOT get-symbol-description@1.1.0 OK for: es-abstract@1.24.0 want: ^1.1.0
1568 silly placeDep ROOT globalthis@1.0.4 OK for: es-abstract@1.24.0 want: ^1.0.4
1569 silly placeDep ROOT has-proto@1.2.0 OK for: es-abstract@1.24.0 want: ^1.2.0
1570 silly placeDep ROOT has-symbols@1.1.0 OK for: es-abstract@1.24.0 want: ^1.1.0
1571 silly placeDep ROOT internal-slot@1.1.0 OK for: es-abstract@1.24.0 want: ^1.1.0
1572 silly placeDep ROOT is-array-buffer@3.0.5 OK for: es-abstract@1.24.0 want: ^3.0.5
1573 silly placeDep ROOT is-callable@1.2.7 OK for: es-abstract@1.24.0 want: ^1.2.7
1574 silly placeDep ROOT is-data-view@1.0.2 OK for: es-abstract@1.24.0 want: ^1.0.2
1575 silly placeDep ROOT is-negative-zero@2.0.3 OK for: es-abstract@1.24.0 want: ^2.0.3
1576 silly placeDep ROOT is-regex@1.2.1 OK for: es-abstract@1.24.0 want: ^1.2.1
1577 silly placeDep ROOT is-set@2.0.3 OK for: es-abstract@1.24.0 want: ^2.0.3
1578 silly placeDep ROOT is-shared-array-buffer@1.0.4 OK for: es-abstract@1.24.0 want: ^1.0.4
1579 silly placeDep ROOT is-typed-array@1.1.15 OK for: es-abstract@1.24.0 want: ^1.1.15
1580 silly placeDep ROOT is-weakref@1.1.1 OK for: es-abstract@1.24.0 want: ^1.1.1
1581 silly placeDep ROOT object-inspect@1.13.4 OK for: es-abstract@1.24.0 want: ^1.13.4
1582 silly placeDep ROOT object.assign@4.1.7 OK for: es-abstract@1.24.0 want: ^4.1.7
1583 silly placeDep ROOT own-keys@1.0.1 OK for: es-abstract@1.24.0 want: ^1.0.1
1584 silly placeDep ROOT regexp.prototype.flags@1.5.4 OK for: es-abstract@1.24.0 want: ^1.5.4
1585 silly placeDep ROOT safe-array-concat@1.1.3 OK for: es-abstract@1.24.0 want: ^1.1.3
1586 silly placeDep ROOT safe-push-apply@1.0.0 OK for: es-abstract@1.24.0 want: ^1.0.0
1587 silly placeDep ROOT safe-regex-test@1.1.0 OK for: es-abstract@1.24.0 want: ^1.1.0
1588 silly placeDep ROOT set-proto@1.0.0 OK for: es-abstract@1.24.0 want: ^1.0.0
1589 silly placeDep ROOT stop-iteration-iterator@1.1.0 OK for: es-abstract@1.24.0 want: ^1.1.0
1590 silly placeDep ROOT string.prototype.trim@1.2.10 OK for: es-abstract@1.24.0 want: ^1.2.10
1591 silly placeDep ROOT string.prototype.trimstart@1.0.8 OK for: es-abstract@1.24.0 want: ^1.0.8
1592 silly placeDep ROOT typed-array-buffer@1.0.3 OK for: es-abstract@1.24.0 want: ^1.0.3
1593 silly placeDep ROOT typed-array-byte-length@1.0.3 OK for: es-abstract@1.24.0 want: ^1.0.3
1594 silly placeDep ROOT typed-array-byte-offset@1.0.4 OK for: es-abstract@1.24.0 want: ^1.0.4
1595 silly placeDep ROOT typed-array-length@1.0.7 OK for: es-abstract@1.24.0 want: ^1.0.7
1596 silly placeDep ROOT unbox-primitive@1.1.0 OK for: es-abstract@1.24.0 want: ^1.1.0
1597 silly placeDep ROOT which-typed-array@1.1.19 OK for: es-abstract@1.24.0 want: ^1.1.19
1598 silly fetch manifest is-array-buffer@^3.0.4
1599 silly packumentCache full:https://registry.npmjs.org/is-array-buffer cache-miss
1600 silly fetch manifest possible-typed-array-names@^1.0.0
1601 silly packumentCache full:https://registry.npmjs.org/possible-typed-array-names cache-miss
1602 silly fetch manifest is-data-view@^1.0.1
1603 silly packumentCache full:https://registry.npmjs.org/is-data-view cache-miss
1604 silly fetch manifest is-date-object@^1.0.5
1605 silly packumentCache full:https://registry.npmjs.org/is-date-object cache-miss
1606 silly fetch manifest is-symbol@^1.0.4
1607 silly packumentCache full:https://registry.npmjs.org/is-symbol cache-miss
1608 silly fetch manifest functions-have-names@^1.2.3
1609 silly packumentCache full:https://registry.npmjs.org/functions-have-names cache-miss
1610 silly fetch manifest dunder-proto@^1.0.1
1611 silly packumentCache full:https://registry.npmjs.org/dunder-proto cache-miss
1612 silly fetch manifest dunder-proto@^1.0.0
1613 silly packumentCache full:https://registry.npmjs.org/dunder-proto cache-miss
1614 silly fetch manifest side-channel@^1.1.0
1615 silly packumentCache full:https://registry.npmjs.org/side-channel cache-miss
1616 silly fetch manifest is-typed-array@^1.1.13
1617 silly packumentCache full:https://registry.npmjs.org/is-typed-array cache-miss
1618 http cache https://registry.npmjs.org/is-data-view 7ms (cache hit)
1619 silly packumentCache full:https://registry.npmjs.org/is-data-view set size:13756 disposed:false
1620 silly fetch manifest which-typed-array@^1.1.16
1621 silly packumentCache full:https://registry.npmjs.org/which-typed-array cache-miss
1622 http cache https://registry.npmjs.org/is-typed-array 6ms (cache hit)
1623 silly packumentCache full:https://registry.npmjs.org/is-typed-array set size:79965 disposed:false
1624 silly fetch manifest set-function-name@^2.0.2
1625 silly packumentCache full:https://registry.npmjs.org/set-function-name cache-miss
1626 http cache https://registry.npmjs.org/is-array-buffer 9ms (cache hit)
1627 silly packumentCache full:https://registry.npmjs.org/is-array-buffer set size:33562 disposed:false
1628 silly fetch manifest isarray@^2.0.5
1629 silly packumentCache full:https://registry.npmjs.org/isarray cache-miss
1630 http cache https://registry.npmjs.org/which-typed-array 3ms (cache hit)
1631 silly packumentCache full:https://registry.npmjs.org/which-typed-array set size:89701 disposed:false
1632 silly fetch manifest isarray@^2.0.5
1633 silly packumentCache full:https://registry.npmjs.org/isarray cache-miss
1634 http fetch GET 200 https://registry.npmjs.org/dunder-proto 25ms (cache miss)
1635 silly packumentCache full:https://registry.npmjs.org/dunder-proto set size:undefined disposed:false
1636 silly fetch manifest for-each@^0.3.3
1637 silly packumentCache full:https://registry.npmjs.org/for-each cache-miss
1638 http fetch GET 200 https://registry.npmjs.org/dunder-proto 28ms (cache miss)
1639 silly packumentCache full:https://registry.npmjs.org/dunder-proto set size:undefined disposed:false
1640 silly fetch manifest for-each@^0.3.3
1641 silly packumentCache full:https://registry.npmjs.org/for-each cache-miss
1642 http fetch GET 200 https://registry.npmjs.org/functions-have-names 76ms (cache miss)
1643 silly packumentCache full:https://registry.npmjs.org/functions-have-names set size:undefined disposed:false
1644 silly fetch manifest reflect.getprototypeof@^1.0.9
1645 silly packumentCache full:https://registry.npmjs.org/reflect.getprototypeof cache-miss
1646 http fetch GET 200 https://registry.npmjs.org/possible-typed-array-names 89ms (cache miss)
1647 silly packumentCache full:https://registry.npmjs.org/possible-typed-array-names set size:undefined disposed:false
1648 silly fetch manifest for-each@^0.3.3
1649 silly packumentCache full:https://registry.npmjs.org/for-each cache-miss
1650 http fetch GET 200 https://registry.npmjs.org/for-each 60ms (cache miss)
1651 silly packumentCache full:https://registry.npmjs.org/for-each set size:undefined disposed:false
1652 silly fetch manifest reflect.getprototypeof@^1.0.6
1653 silly packumentCache full:https://registry.npmjs.org/reflect.getprototypeof cache-miss
1654 http fetch GET 200 https://registry.npmjs.org/side-channel 91ms (cache miss)
1655 silly packumentCache full:https://registry.npmjs.org/side-channel set size:undefined disposed:false
1656 silly fetch manifest has-bigints@^1.0.2
1657 silly packumentCache full:https://registry.npmjs.org/has-bigints cache-miss
1658 http fetch GET 200 https://registry.npmjs.org/for-each 69ms (cache miss)
1659 silly packumentCache full:https://registry.npmjs.org/for-each set size:undefined disposed:false
1660 silly fetch manifest which-boxed-primitive@^1.1.1
1661 silly packumentCache full:https://registry.npmjs.org/which-boxed-primitive cache-miss
1662 http fetch GET 200 https://registry.npmjs.org/is-symbol 98ms (cache miss)
1663 silly packumentCache full:https://registry.npmjs.org/is-symbol set size:undefined disposed:false
1664 silly fetch manifest for-each@^0.3.5
1665 silly packumentCache full:https://registry.npmjs.org/for-each cache-miss
1666 http cache https://registry.npmjs.org/for-each 2ms (cache hit)
1667 silly packumentCache full:https://registry.npmjs.org/for-each set size:14327 disposed:false
1668 http fetch GET 200 https://registry.npmjs.org/set-function-name 93ms (cache miss)
1669 silly packumentCache full:https://registry.npmjs.org/set-function-name set size:undefined disposed:false
1670 http fetch GET 200 https://registry.npmjs.org/isarray 93ms (cache miss)
1671 silly packumentCache full:https://registry.npmjs.org/isarray set size:undefined disposed:false
1672 http fetch GET 200 https://registry.npmjs.org/isarray 95ms (cache miss)
1673 silly packumentCache full:https://registry.npmjs.org/isarray set size:undefined disposed:false
1674 http fetch GET 200 https://registry.npmjs.org/for-each 31ms (cache miss)
1675 silly packumentCache full:https://registry.npmjs.org/for-each set size:undefined disposed:false
1676 silly packumentCache full:https://registry.npmjs.org/for-each dispose
1677 http fetch GET 200 https://registry.npmjs.org/reflect.getprototypeof 69ms (cache miss)
1678 silly packumentCache full:https://registry.npmjs.org/reflect.getprototypeof set size:undefined disposed:false
1679 http fetch GET 200 https://registry.npmjs.org/has-bigints 66ms (cache miss)
1680 silly packumentCache full:https://registry.npmjs.org/has-bigints set size:undefined disposed:false
1681 http fetch GET 200 https://registry.npmjs.org/reflect.getprototypeof 69ms (cache miss)
1682 silly packumentCache full:https://registry.npmjs.org/reflect.getprototypeof set size:undefined disposed:false
1683 http fetch GET 200 https://registry.npmjs.org/which-boxed-primitive 69ms (cache miss)
1684 silly packumentCache full:https://registry.npmjs.org/which-boxed-primitive set size:undefined disposed:false
1685 http fetch GET 200 https://registry.npmjs.org/is-date-object 217ms (cache miss)
1686 silly packumentCache full:https://registry.npmjs.org/is-date-object set size:undefined disposed:false
1687 silly placeDep ROOT possible-typed-array-names@1.1.0 OK for: available-typed-arrays@1.0.7 want: ^1.0.0
1688 silly placeDep ROOT has-tostringtag@1.0.2 OK for: es-set-tostringtag@2.1.0 want: ^1.0.2
1689 silly placeDep ROOT is-date-object@1.1.0 OK for: es-to-primitive@1.3.0 want: ^1.0.5
1690 silly placeDep ROOT is-symbol@1.1.1 OK for: es-to-primitive@1.3.0 want: ^1.0.4
1691 silly placeDep node_modules/eslint-module-utils debug@3.2.7 OK for: eslint-module-utils@2.12.1 want: ^3.2.7
1692 silly placeDep ROOT aria-query@5.3.2 OK for: eslint-plugin-jsx-a11y@6.10.2 want: ^5.3.2
1693 silly placeDep ROOT ast-types-flow@0.0.8 OK for: eslint-plugin-jsx-a11y@6.10.2 want: ^0.0.8
1694 silly placeDep ROOT axe-core@4.11.0 OK for: eslint-plugin-jsx-a11y@6.10.2 want: ^4.10.0
1695 silly placeDep ROOT axobject-query@4.1.0 OK for: eslint-plugin-jsx-a11y@6.10.2 want: ^4.1.0
1696 silly placeDep ROOT damerau-levenshtein@1.0.8 OK for: eslint-plugin-jsx-a11y@6.10.2 want: ^1.0.8
1697 silly placeDep ROOT emoji-regex@9.2.2 OK for: eslint-plugin-jsx-a11y@6.10.2 want: ^9.2.2
1698 silly placeDep ROOT jsx-ast-utils@3.3.5 OK for: eslint-plugin-jsx-a11y@6.10.2 want: ^3.3.5
1699 silly placeDep ROOT language-tags@1.0.9 OK for: eslint-plugin-jsx-a11y@6.10.2 want: ^1.0.9
1700 silly placeDep ROOT string.prototype.includes@2.0.1 OK for: eslint-plugin-jsx-a11y@6.10.2 want: ^2.0.1
1701 silly fetch manifest language-subtag-registry@^0.3.20
1702 silly packumentCache full:https://registry.npmjs.org/language-subtag-registry cache-miss
1703 http fetch GET 200 https://registry.npmjs.org/language-subtag-registry 79ms (cache miss)
1704 silly packumentCache full:https://registry.npmjs.org/language-subtag-registry set size:undefined disposed:false
1705 silly placeDep ROOT array.prototype.findlast@1.2.5 OK for: eslint-plugin-react@7.37.5 want: ^1.2.5
1706 silly placeDep ROOT array.prototype.tosorted@1.1.4 OK for: eslint-plugin-react@7.37.5 want: ^1.1.4
1707 silly placeDep ROOT es-iterator-helpers@1.2.1 OK for: eslint-plugin-react@7.37.5 want: ^1.2.1
1708 silly placeDep ROOT estraverse@5.3.0 OK for: eslint-plugin-react@7.37.5 want: ^5.3.0
1709 silly placeDep ROOT object.entries@1.1.9 OK for: eslint-plugin-react@7.37.5 want: ^1.1.9
1710 silly placeDep ROOT prop-types@15.8.1 OK for: eslint-plugin-react@7.37.5 want: ^15.8.1
1711 silly placeDep node_modules/eslint-plugin-react resolve@2.0.0-next.5 OK for: eslint-plugin-react@7.37.5 want: ^2.0.0-next.5
1712 silly placeDep ROOT string.prototype.matchall@4.0.12 OK for: eslint-plugin-react@7.37.5 want: ^4.0.12
1713 silly placeDep ROOT string.prototype.repeat@1.0.0 OK for: eslint-plugin-react@7.37.5 want: ^1.0.0
1714 silly fetch manifest iterator.prototype@^1.1.4
1715 silly packumentCache full:https://registry.npmjs.org/iterator.prototype cache-miss
1716 silly fetch manifest loose-envify@^1.4.0
1717 silly packumentCache full:https://registry.npmjs.org/loose-envify cache-miss
1718 silly fetch manifest object-assign@^4.1.1
1719 silly packumentCache full:https://registry.npmjs.org/object-assign cache-miss
1720 silly fetch manifest react-is@^16.13.1
1721 silly packumentCache full:https://registry.npmjs.org/react-is cache-miss
1722 http fetch GET 200 https://registry.npmjs.org/loose-envify 25ms (cache miss)
1723 silly packumentCache full:https://registry.npmjs.org/loose-envify set size:undefined disposed:false
1724 http fetch GET 200 https://registry.npmjs.org/object-assign 42ms (cache miss)
1725 silly packumentCache full:https://registry.npmjs.org/object-assign set size:undefined disposed:false
1726 http fetch GET 200 https://registry.npmjs.org/iterator.prototype 85ms (cache miss)
1727 silly packumentCache full:https://registry.npmjs.org/iterator.prototype set size:undefined disposed:false
1728 http fetch GET 200 https://registry.npmjs.org/react-is 277ms (cache miss)
1729 silly packumentCache full:https://registry.npmjs.org/react-is set size:undefined disposed:false
1730 silly placeDep ROOT iterator.prototype@1.1.5 OK for: es-iterator-helpers@1.2.1 want: ^1.1.4
1731 silly placeDep ROOT @babel/core@7.28.5 OK for: eslint-plugin-react-hooks@7.0.1 want: ^7.24.4
1732 silly placeDep ROOT @babel/parser@7.28.5 OK for: eslint-plugin-react-hooks@7.0.1 want: ^7.24.4
1733 silly placeDep ROOT hermes-parser@0.25.1 OK for: eslint-plugin-react-hooks@7.0.1 want: ^0.25.1
1734 silly placeDep ROOT zod@4.1.12 OK for: eslint-plugin-react-hooks@7.0.1 want: ^3.25.0 || ^4.0.0
1735 silly placeDep ROOT zod-validation-error@4.0.2 OK for: eslint-plugin-react-hooks@7.0.1 want: ^3.5.0 || ^4.0.0
1736 silly fetch manifest @babel/code-frame@^7.27.1
1737 silly packumentCache full:https://registry.npmjs.org/@babel%2fcode-frame cache-miss
1738 silly fetch manifest @babel/generator@^7.28.5
1739 silly packumentCache full:https://registry.npmjs.org/@babel%2fgenerator cache-miss
1740 silly fetch manifest @babel/helper-compilation-targets@^7.27.2
1741 silly packumentCache full:https://registry.npmjs.org/@babel%2fhelper-compilation-targets cache-miss
1742 silly fetch manifest @babel/helper-module-transforms@^7.28.3
1743 silly packumentCache full:https://registry.npmjs.org/@babel%2fhelper-module-transforms cache-miss
1744 silly fetch manifest @babel/helpers@^7.28.4
1745 silly packumentCache full:https://registry.npmjs.org/@babel%2fhelpers cache-miss
1746 silly fetch manifest @babel/parser@^7.28.5
1747 silly packumentCache full:https://registry.npmjs.org/@babel%2fparser cache-miss
1748 silly fetch manifest @babel/template@^7.27.2
1749 silly packumentCache full:https://registry.npmjs.org/@babel%2ftemplate cache-miss
1750 silly fetch manifest @babel/traverse@^7.28.5
1751 silly packumentCache full:https://registry.npmjs.org/@babel%2ftraverse cache-miss
1752 silly fetch manifest @babel/types@^7.28.5
1753 silly packumentCache full:https://registry.npmjs.org/@babel%2ftypes cache-miss
1754 silly fetch manifest convert-source-map@^2.0.0
1755 silly packumentCache full:https://registry.npmjs.org/convert-source-map cache-miss
1756 http cache https://registry.npmjs.org/@babel%2fparser 6ms (cache hit)
1757 silly packumentCache full:https://registry.npmjs.org/@babel%2fparser set size:702781 disposed:false
1758 silly fetch manifest gensync@^1.0.0-beta.2
1759 silly packumentCache full:https://registry.npmjs.org/gensync cache-miss
1760 http fetch GET 200 https://registry.npmjs.org/convert-source-map 39ms (cache miss)
1761 silly packumentCache full:https://registry.npmjs.org/convert-source-map set size:undefined disposed:false
1762 silly fetch manifest json5@^2.2.3
1763 silly packumentCache full:https://registry.npmjs.org/json5 cache-miss
1764 http cache https://registry.npmjs.org/json5 2ms (cache hit)
1765 silly packumentCache full:https://registry.npmjs.org/json5 set size:86136 disposed:false
1766 silly fetch manifest @babel/types@^7.28.5
1767 silly packumentCache full:https://registry.npmjs.org/@babel%2ftypes cache-miss
1768 http fetch GET 200 https://registry.npmjs.org/@babel%2fhelper-compilation-targets 55ms (cache miss)
1769 silly packumentCache full:https://registry.npmjs.org/@babel%2fhelper-compilation-targets set size:undefined disposed:false
1770 silly fetch manifest hermes-estree@0.25.1
1771 silly packumentCache full:https://registry.npmjs.org/hermes-estree cache-miss
1772 http fetch GET 200 https://registry.npmjs.org/@babel%2ftraverse 69ms (cache miss)
1773 silly packumentCache full:https://registry.npmjs.org/@babel%2ftraverse set size:undefined disposed:false
1774 http fetch GET 200 https://registry.npmjs.org/gensync 101ms (cache miss)
1775 silly packumentCache full:https://registry.npmjs.org/gensync set size:undefined disposed:false
1776 http fetch GET 200 https://registry.npmjs.org/@babel%2fhelper-module-transforms 125ms (cache miss)
1777 silly packumentCache full:https://registry.npmjs.org/@babel%2fhelper-module-transforms set size:undefined disposed:false
1778 http fetch GET 200 https://registry.npmjs.org/hermes-estree 81ms (cache miss)
1779 silly packumentCache full:https://registry.npmjs.org/hermes-estree set size:undefined disposed:false
1780 http fetch GET 200 https://registry.npmjs.org/@babel%2fcode-frame 147ms (cache miss)
1781 silly packumentCache full:https://registry.npmjs.org/@babel%2fcode-frame set size:undefined disposed:false
1782 http fetch GET 200 https://registry.npmjs.org/@babel%2fhelpers 158ms (cache miss)
1783 silly packumentCache full:https://registry.npmjs.org/@babel%2fhelpers set size:undefined disposed:false
1784 http fetch GET 200 https://registry.npmjs.org/@babel%2ftemplate 168ms (cache miss)
1785 silly packumentCache full:https://registry.npmjs.org/@babel%2ftemplate set size:undefined disposed:false
1786 http fetch GET 200 https://registry.npmjs.org/@babel%2fgenerator 184ms (cache miss)
1787 silly packumentCache full:https://registry.npmjs.org/@babel%2fgenerator set size:undefined disposed:false
1788 http fetch GET 200 https://registry.npmjs.org/@babel%2ftypes 142ms (cache miss)
1789 silly packumentCache full:https://registry.npmjs.org/@babel%2ftypes set size:undefined disposed:false
1790 http fetch GET 200 https://registry.npmjs.org/@babel%2ftypes 245ms (cache miss)
1791 silly packumentCache full:https://registry.npmjs.org/@babel%2ftypes set size:undefined disposed:false
1792 silly fetch manifest @babel/core@^7.0.0
1793 silly packumentCache full:https://registry.npmjs.org/@babel%2fcore cache-miss
1794 http cache https://registry.npmjs.org/@babel%2fcore 5ms (cache hit)
1795 silly packumentCache full:https://registry.npmjs.org/@babel%2fcore set size:738278 disposed:false
1796 silly placeDep ROOT @babel/code-frame@7.27.1 OK for: @babel/core@7.28.5 want: ^7.27.1
1797 silly placeDep ROOT @babel/generator@7.28.5 OK for: @babel/core@7.28.5 want: ^7.28.5
1798 silly placeDep ROOT @babel/helper-compilation-targets@7.27.2 OK for: @babel/core@7.28.5 want: ^7.27.2
1799 silly placeDep ROOT @babel/helper-module-transforms@7.28.3 OK for: @babel/core@7.28.5 want: ^7.28.3
1800 silly placeDep ROOT @babel/helpers@7.28.4 OK for: @babel/core@7.28.5 want: ^7.28.4
1801 silly placeDep ROOT @babel/template@7.27.2 OK for: @babel/core@7.28.5 want: ^7.27.2
1802 silly placeDep ROOT @babel/traverse@7.28.5 OK for: @babel/core@7.28.5 want: ^7.28.5
1803 silly placeDep ROOT @babel/types@7.28.5 OK for: @babel/core@7.28.5 want: ^7.28.5
1804 silly placeDep ROOT convert-source-map@2.0.0 OK for: @babel/core@7.28.5 want: ^2.0.0
1805 silly placeDep ROOT gensync@1.0.0-beta.2 OK for: @babel/core@7.28.5 want: ^1.0.0-beta.2
1806 silly placeDep ROOT json5@2.2.3 OK for: @babel/core@7.28.5 want: ^2.2.3
1807 silly fetch manifest js-tokens@^4.0.0
1808 silly packumentCache full:https://registry.npmjs.org/js-tokens cache-miss
1809 silly fetch manifest @babel/helper-validator-identifier@^7.27.1
1810 silly packumentCache full:https://registry.npmjs.org/@babel%2fhelper-validator-identifier cache-miss
1811 silly fetch manifest jsesc@^3.0.2
1812 silly packumentCache full:https://registry.npmjs.org/jsesc cache-miss
1813 silly fetch manifest lru-cache@^5.1.1
1814 silly packumentCache full:https://registry.npmjs.org/lru-cache cache-miss
1815 silly fetch manifest browserslist@^4.24.0
1816 silly packumentCache full:https://registry.npmjs.org/browserslist cache-miss
1817 silly fetch manifest @babel/compat-data@^7.27.2
1818 silly packumentCache full:https://registry.npmjs.org/@babel%2fcompat-data cache-miss
1819 silly fetch manifest @babel/helper-validator-option@^7.27.1
1820 silly packumentCache full:https://registry.npmjs.org/@babel%2fhelper-validator-option cache-miss
1821 silly fetch manifest @babel/traverse@^7.28.3
1822 silly packumentCache full:https://registry.npmjs.org/@babel%2ftraverse cache-miss
1823 silly fetch manifest @babel/helper-module-imports@^7.27.1
1824 silly packumentCache full:https://registry.npmjs.org/@babel%2fhelper-module-imports cache-miss
1825 silly fetch manifest @babel/helper-validator-identifier@^7.27.1
1826 silly packumentCache full:https://registry.npmjs.org/@babel%2fhelper-validator-identifier cache-miss
1827 http cache https://registry.npmjs.org/@babel%2ftraverse 5ms (cache hit)
1828 silly packumentCache full:https://registry.npmjs.org/@babel%2ftraverse set size:535703 disposed:false
1829 silly fetch manifest @babel/types@^7.28.4
1830 silly packumentCache full:https://registry.npmjs.org/@babel%2ftypes cache-miss
1831 http cache https://registry.npmjs.org/@babel%2ftypes 2ms (cache hit)
1832 silly packumentCache full:https://registry.npmjs.org/@babel%2ftypes set size:475698 disposed:false
1833 silly fetch manifest @babel/types@^7.27.1
1834 silly packumentCache full:https://registry.npmjs.org/@babel%2ftypes cache-hit
1835 silly fetch manifest @babel/helper-globals@^7.28.0
1836 silly packumentCache full:https://registry.npmjs.org/@babel%2fhelper-globals cache-miss
1837 http fetch GET 200 https://registry.npmjs.org/browserslist 38ms (cache miss)
1838 silly packumentCache full:https://registry.npmjs.org/browserslist set size:undefined disposed:false
1839 silly fetch manifest @babel/helper-string-parser@^7.27.1
1840 silly packumentCache full:https://registry.npmjs.org/@babel%2fhelper-string-parser cache-miss
1841 http fetch GET 200 https://registry.npmjs.org/@babel%2fhelper-validator-identifier 42ms (cache miss)
1842 silly packumentCache full:https://registry.npmjs.org/@babel%2fhelper-validator-identifier set size:undefined disposed:false
1843 silly fetch manifest @babel/helper-validator-identifier@^7.28.5
1844 silly packumentCache full:https://registry.npmjs.org/@babel%2fhelper-validator-identifier cache-miss
1845 http fetch GET 200 https://registry.npmjs.org/@babel%2fhelper-validator-identifier 46ms (cache miss)
1846 silly packumentCache full:https://registry.npmjs.org/@babel%2fhelper-validator-identifier set size:undefined disposed:false
1847 http fetch GET 200 https://registry.npmjs.org/jsesc 47ms (cache miss)
1848 silly packumentCache full:https://registry.npmjs.org/jsesc set size:undefined disposed:false
1849 http cache https://registry.npmjs.org/@babel%2fhelper-validator-identifier 2ms (cache hit)
1850 silly packumentCache full:https://registry.npmjs.org/@babel%2fhelper-validator-identifier set size:108996 disposed:false
1851 http fetch GET 200 https://registry.npmjs.org/lru-cache 60ms (cache miss)
1852 silly packumentCache full:https://registry.npmjs.org/lru-cache set size:undefined disposed:false
1853 http fetch GET 200 https://registry.npmjs.org/js-tokens 80ms (cache miss)
1854 silly packumentCache full:https://registry.npmjs.org/js-tokens set size:undefined disposed:false
1855 http fetch GET 200 https://registry.npmjs.org/@babel%2fhelper-string-parser 39ms (cache miss)
1856 silly packumentCache full:https://registry.npmjs.org/@babel%2fhelper-string-parser set size:undefined disposed:false
1857 http fetch GET 200 https://registry.npmjs.org/@babel%2fhelper-module-imports 136ms (cache miss)
1858 silly packumentCache full:https://registry.npmjs.org/@babel%2fhelper-module-imports set size:undefined disposed:false
1859 http fetch GET 200 https://registry.npmjs.org/@babel%2fcompat-data 145ms (cache miss)
1860 silly packumentCache full:https://registry.npmjs.org/@babel%2fcompat-data set size:undefined disposed:false
1861 http fetch GET 200 https://registry.npmjs.org/@babel%2fhelper-globals 156ms (cache miss)
1862 silly packumentCache full:https://registry.npmjs.org/@babel%2fhelper-globals set size:undefined disposed:false
1863 http fetch GET 200 https://registry.npmjs.org/@babel%2fhelper-validator-option 168ms (cache miss)
1864 silly packumentCache full:https://registry.npmjs.org/@babel%2fhelper-validator-option set size:undefined disposed:false
1865 silly placeDep ROOT @babel/helper-validator-identifier@7.28.5 OK for: @babel/code-frame@7.27.1 want: ^7.27.1
1866 silly placeDep ROOT js-tokens@4.0.0 OK for: @babel/code-frame@7.27.1 want: ^4.0.0
1867 silly placeDep ROOT picocolors@1.1.1 OK for: @babel/code-frame@7.27.1 want: ^1.1.1
1868 silly placeDep ROOT jsesc@3.1.0 OK for: @babel/generator@7.28.5 want: ^3.0.2
1869 silly placeDep ROOT @babel/compat-data@7.28.5 OK for: @babel/helper-compilation-targets@7.27.2 want: ^7.27.2
1870 silly placeDep ROOT @babel/helper-validator-option@7.27.1 OK for: @babel/helper-compilation-targets@7.27.2 want: ^7.27.1
1871 silly placeDep ROOT browserslist@4.27.0 OK for: @babel/helper-compilation-targets@7.27.2 want: ^4.24.0
1872 silly placeDep ROOT lru-cache@5.1.1 OK for: @babel/helper-compilation-targets@7.27.2 want: ^5.1.1
1873 silly fetch manifest baseline-browser-mapping@^2.8.19
1874 silly packumentCache full:https://registry.npmjs.org/baseline-browser-mapping cache-miss
1875 silly fetch manifest caniuse-lite@^1.0.30001751
1876 silly packumentCache full:https://registry.npmjs.org/caniuse-lite cache-miss
1877 silly fetch manifest electron-to-chromium@^1.5.238
1878 silly packumentCache full:https://registry.npmjs.org/electron-to-chromium cache-miss
1879 silly fetch manifest node-releases@^2.0.26
1880 silly packumentCache full:https://registry.npmjs.org/node-releases cache-miss
1881 silly fetch manifest update-browserslist-db@^1.1.4
1882 silly packumentCache full:https://registry.npmjs.org/update-browserslist-db cache-miss
1883 silly fetch manifest yallist@^3.0.2
1884 silly packumentCache full:https://registry.npmjs.org/yallist cache-miss
1885 http cache https://registry.npmjs.org/caniuse-lite 7ms (cache hit)
1886 silly packumentCache full:https://registry.npmjs.org/caniuse-lite set size:2218024 disposed:false
1887 http fetch GET 200 https://registry.npmjs.org/node-releases 38ms (cache miss)
1888 silly packumentCache full:https://registry.npmjs.org/node-releases set size:undefined disposed:false
1889 http fetch GET 200 https://registry.npmjs.org/yallist 67ms (cache miss)
1890 silly packumentCache full:https://registry.npmjs.org/yallist set size:undefined disposed:false
1891 http fetch GET 200 https://registry.npmjs.org/update-browserslist-db 69ms (cache miss)
1892 silly packumentCache full:https://registry.npmjs.org/update-browserslist-db set size:undefined disposed:false
1893 http fetch GET 200 https://registry.npmjs.org/baseline-browser-mapping 97ms (cache miss)
1894 silly packumentCache full:https://registry.npmjs.org/baseline-browser-mapping set size:undefined disposed:false
1895 http fetch GET 200 https://registry.npmjs.org/electron-to-chromium 297ms (cache miss)
1896 silly packumentCache full:https://registry.npmjs.org/electron-to-chromium set size:undefined disposed:false
1897 silly placeDep ROOT @babel/helper-module-imports@7.27.1 OK for: @babel/helper-module-transforms@7.28.3 want: ^7.27.1
1898 silly placeDep ROOT @babel/helper-globals@7.28.0 OK for: @babel/traverse@7.28.5 want: ^7.28.0
1899 silly placeDep ROOT @babel/helper-string-parser@7.27.1 OK for: @babel/types@7.28.5 want: ^7.27.1
1900 silly fetch manifest browserslist@>= 4.21.0
1901 silly packumentCache full:https://registry.npmjs.org/browserslist cache-miss
1902 http cache https://registry.npmjs.org/browserslist 6ms (cache hit)
1903 silly packumentCache full:https://registry.npmjs.org/browserslist set size:498935 disposed:false
1904 silly placeDep ROOT baseline-browser-mapping@2.8.21 OK for: browserslist@4.27.0 want: ^2.8.19
1905 silly placeDep ROOT caniuse-lite@1.0.30001751 OK for: browserslist@4.27.0 want: ^1.0.30001751
1906 silly placeDep ROOT electron-to-chromium@1.5.244 OK for: browserslist@4.27.0 want: ^1.5.238
1907 silly placeDep ROOT node-releases@2.0.27 OK for: browserslist@4.27.0 want: ^2.0.26
1908 silly placeDep ROOT update-browserslist-db@1.1.4 OK for: browserslist@4.27.0 want: ^1.1.4
1909 silly fetch manifest escalade@^3.2.0
1910 silly packumentCache full:https://registry.npmjs.org/escalade cache-miss
1911 http fetch GET 200 https://registry.npmjs.org/escalade 86ms (cache miss)
1912 silly packumentCache full:https://registry.npmjs.org/escalade set size:undefined disposed:false
1913 silly placeDep ROOT esrecurse@4.3.0 OK for: eslint-scope@8.4.0 want: ^4.3.0
1914 silly placeDep ROOT acorn@8.15.0 OK for: espree@10.4.0 want: ^8.15.0
1915 silly placeDep ROOT acorn-jsx@5.3.2 OK for: espree@10.4.0 want: ^5.3.2
1916 silly placeDep ROOT @nodelib/fs.stat@2.0.5 OK for: fast-glob@3.3.1 want: ^2.0.2
1917 silly placeDep ROOT @nodelib/fs.walk@1.2.8 OK for: fast-glob@3.3.1 want: ^1.2.3
1918 silly placeDep node_modules/fast-glob glob-parent@5.1.2 OK for: fast-glob@3.3.1 want: ^5.1.2
1919 silly placeDep ROOT merge2@1.4.1 OK for: fast-glob@3.3.1 want: ^1.3.0
1920 silly placeDep ROOT micromatch@4.0.8 OK for: fast-glob@3.3.1 want: ^4.0.4
1921 silly fetch manifest fastq@^1.6.0
1922 silly packumentCache full:https://registry.npmjs.org/fastq cache-miss
1923 silly fetch manifest @nodelib/fs.scandir@2.1.5
1924 silly packumentCache full:https://registry.npmjs.org/@nodelib%2ffs.scandir cache-miss
1925 silly fetch manifest braces@^3.0.3
1926 silly packumentCache full:https://registry.npmjs.org/braces cache-miss
1927 silly fetch manifest picomatch@^2.3.1
1928 silly packumentCache full:https://registry.npmjs.org/picomatch cache-miss
1929 http cache https://registry.npmjs.org/picomatch 3ms (cache hit)
1930 silly packumentCache full:https://registry.npmjs.org/picomatch set size:118818 disposed:false
1931 http fetch GET 200 https://registry.npmjs.org/braces 40ms (cache miss)
1932 silly packumentCache full:https://registry.npmjs.org/braces set size:undefined disposed:false
1933 http fetch GET 200 https://registry.npmjs.org/@nodelib%2ffs.scandir 94ms (cache miss)
1934 silly packumentCache full:https://registry.npmjs.org/@nodelib%2ffs.scandir set size:undefined disposed:false
1935 http fetch GET 200 https://registry.npmjs.org/fastq 97ms (cache miss)
1936 silly packumentCache full:https://registry.npmjs.org/fastq set size:undefined disposed:false
1937 silly placeDep ROOT @nodelib/fs.scandir@2.1.5 OK for: @nodelib/fs.walk@1.2.8 want: 2.1.5
1938 silly placeDep ROOT fastq@1.19.1 OK for: @nodelib/fs.walk@1.2.8 want: ^1.6.0
1939 silly fetch manifest run-parallel@^1.1.9
1940 silly packumentCache full:https://registry.npmjs.org/run-parallel cache-miss
1941 silly fetch manifest reusify@^1.0.4
1942 silly packumentCache full:https://registry.npmjs.org/reusify cache-miss
1943 http fetch GET 200 https://registry.npmjs.org/reusify 74ms (cache miss)
1944 silly packumentCache full:https://registry.npmjs.org/reusify set size:undefined disposed:false
1945 http fetch GET 200 https://registry.npmjs.org/run-parallel 89ms (cache miss)
1946 silly packumentCache full:https://registry.npmjs.org/run-parallel set size:undefined disposed:false
1947 silly placeDep ROOT run-parallel@1.2.0 OK for: @nodelib/fs.scandir@2.1.5 want: ^1.1.9
1948 silly fetch manifest queue-microtask@^1.2.2
1949 silly packumentCache full:https://registry.npmjs.org/queue-microtask cache-miss
1950 http fetch GET 200 https://registry.npmjs.org/queue-microtask 88ms (cache miss)
1951 silly packumentCache full:https://registry.npmjs.org/queue-microtask set size:undefined disposed:false
1952 silly placeDep ROOT reusify@1.1.0 OK for: fastq@1.19.1 want: ^1.0.4
1953 silly placeDep ROOT flat-cache@4.0.1 OK for: file-entry-cache@8.0.0 want: ^4.0.0
1954 silly fetch manifest keyv@^4.5.4
1955 silly packumentCache full:https://registry.npmjs.org/keyv cache-miss
1956 silly fetch manifest flatted@^3.2.9
1957 silly packumentCache full:https://registry.npmjs.org/flatted cache-miss
1958 http fetch GET 200 https://registry.npmjs.org/flatted 40ms (cache miss)
1959 silly packumentCache full:https://registry.npmjs.org/flatted set size:undefined disposed:false
1960 http fetch GET 200 https://registry.npmjs.org/keyv 80ms (cache miss)
1961 silly packumentCache full:https://registry.npmjs.org/keyv set size:undefined disposed:false
1962 silly placeDep ROOT locate-path@6.0.0 OK for: find-up@5.0.0 want: ^6.0.0
1963 silly placeDep ROOT path-exists@4.0.0 OK for: find-up@5.0.0 want: ^4.0.0
1964 silly fetch manifest p-locate@^5.0.0
1965 silly packumentCache full:https://registry.npmjs.org/p-locate cache-miss
1966 http fetch GET 200 https://registry.npmjs.org/p-locate 27ms (cache miss)
1967 silly packumentCache full:https://registry.npmjs.org/p-locate set size:undefined disposed:false
1968 silly placeDep ROOT flatted@3.3.3 OK for: flat-cache@4.0.1 want: ^3.2.9
1969 silly placeDep ROOT keyv@4.5.4 OK for: flat-cache@4.0.1 want: ^4.5.4
1970 silly fetch manifest json-buffer@3.0.1
1971 silly packumentCache full:https://registry.npmjs.org/json-buffer cache-miss
1972 http fetch GET 200 https://registry.npmjs.org/json-buffer 23ms (cache miss)
1973 silly packumentCache full:https://registry.npmjs.org/json-buffer set size:undefined disposed:false
1974 silly placeDep ROOT functions-have-names@1.2.3 OK for: function.prototype.name@1.1.8 want: ^1.2.3
1975 silly placeDep ROOT dunder-proto@1.0.1 OK for: get-proto@1.0.1 want: ^1.0.1
1976 silly placeDep ROOT resolve-pkg-maps@1.0.0 OK for: get-tsconfig@4.13.0 want: ^1.0.0
1977 silly placeDep ROOT hermes-estree@0.25.1 OK for: hermes-parser@0.25.1 want: 0.25.1
1978 silly placeDep ROOT parent-module@1.0.1 OK for: import-fresh@3.3.1 want: ^1.0.0
1979 silly placeDep ROOT resolve-from@4.0.0 OK for: import-fresh@3.3.1 want: ^4.0.0
1980 silly fetch manifest callsites@^3.0.0
1981 silly packumentCache full:https://registry.npmjs.org/callsites cache-miss
1982 http fetch GET 200 https://registry.npmjs.org/callsites 106ms (cache miss)
1983 silly packumentCache full:https://registry.npmjs.org/callsites set size:undefined disposed:false
1984 silly placeDep ROOT side-channel@1.1.0 OK for: internal-slot@1.1.0 want: ^1.1.0
1985 silly fetch manifest side-channel-list@^1.0.0
1986 silly packumentCache full:https://registry.npmjs.org/side-channel-list cache-miss
1987 silly fetch manifest side-channel-map@^1.0.1
1988 silly packumentCache full:https://registry.npmjs.org/side-channel-map cache-miss
1989 silly fetch manifest side-channel-weakmap@^1.0.2
1990 silly packumentCache full:https://registry.npmjs.org/side-channel-weakmap cache-miss
1991 http fetch GET 200 https://registry.npmjs.org/side-channel-map 28ms (cache miss)
1992 silly packumentCache full:https://registry.npmjs.org/side-channel-map set size:undefined disposed:false
1993 http fetch GET 200 https://registry.npmjs.org/side-channel-list 90ms (cache miss)
1994 silly packumentCache full:https://registry.npmjs.org/side-channel-list set size:undefined disposed:false
1995 http fetch GET 200 https://registry.npmjs.org/side-channel-weakmap 93ms (cache miss)
1996 silly packumentCache full:https://registry.npmjs.org/side-channel-weakmap set size:undefined disposed:false
1997 silly placeDep node_modules/is-bun-module semver@7.7.3 OK for: is-bun-module@2.0.0 want: ^7.7.1
1998 silly placeDep ROOT is-extglob@2.1.1 OK for: is-glob@4.0.3 want: ^2.1.1
1999 silly placeDep ROOT set-function-name@2.0.2 OK for: iterator.prototype@1.1.5 want: ^2.0.2
2000 silly placeDep ROOT argparse@2.0.1 OK for: js-yaml@4.1.0 want: ^2.0.1
2001 silly placeDep ROOT json-buffer@3.0.1 OK for: keyv@4.5.4 want: 3.0.1
2002 silly placeDep ROOT language-subtag-registry@0.3.23 OK for: language-tags@1.0.9 want: ^0.3.20
2003 silly placeDep ROOT prelude-ls@1.2.1 OK for: levn@0.4.1 want: ^1.2.1
2004 silly placeDep ROOT type-check@0.4.0 OK for: levn@0.4.1 want: ~0.4.0
2005 silly placeDep ROOT detect-libc@2.1.2 OK for: lightningcss@1.30.2 want: ^2.0.3
2006 silly placeDep ROOT lightningcss-android-arm64@1.30.2 OK for: lightningcss@1.30.2 want: 1.30.2
2007 silly placeDep ROOT lightningcss-darwin-arm64@1.30.2 OK for: lightningcss@1.30.2 want: 1.30.2
2008 silly placeDep ROOT lightningcss-darwin-x64@1.30.2 OK for: lightningcss@1.30.2 want: 1.30.2
2009 silly placeDep ROOT lightningcss-freebsd-x64@1.30.2 OK for: lightningcss@1.30.2 want: 1.30.2
2010 silly placeDep ROOT lightningcss-linux-arm-gnueabihf@1.30.2 OK for: lightningcss@1.30.2 want: 1.30.2
2011 silly placeDep ROOT lightningcss-linux-arm64-gnu@1.30.2 OK for: lightningcss@1.30.2 want: 1.30.2
2012 silly placeDep ROOT lightningcss-linux-arm64-musl@1.30.2 OK for: lightningcss@1.30.2 want: 1.30.2
2013 silly placeDep ROOT lightningcss-linux-x64-gnu@1.30.2 OK for: lightningcss@1.30.2 want: 1.30.2
2014 silly placeDep ROOT lightningcss-linux-x64-musl@1.30.2 OK for: lightningcss@1.30.2 want: 1.30.2
2015 silly placeDep ROOT lightningcss-win32-arm64-msvc@1.30.2 OK for: lightningcss@1.30.2 want: 1.30.2
2016 silly placeDep ROOT lightningcss-win32-x64-msvc@1.30.2 OK for: lightningcss@1.30.2 want: 1.30.2
2017 silly placeDep ROOT p-locate@5.0.0 OK for: locate-path@6.0.0 want: ^5.0.0
2018 silly fetch manifest p-limit@^3.0.2
2019 silly packumentCache full:https://registry.npmjs.org/p-limit cache-miss
2020 http fetch GET 200 https://registry.npmjs.org/p-limit 39ms (cache miss)
2021 silly packumentCache full:https://registry.npmjs.org/p-limit set size:undefined disposed:false
2022 silly placeDep ROOT yallist@3.1.1 OK for: lru-cache@5.1.1 want: ^3.0.2
2023 silly placeDep ROOT braces@3.0.3 OK for: micromatch@4.0.8 want: ^3.0.3
2024 silly placeDep ROOT picomatch@2.3.1 OK for: micromatch@4.0.8 want: ^2.3.1
2025 silly fetch manifest fill-range@^7.1.1
2026 silly packumentCache full:https://registry.npmjs.org/fill-range cache-miss
2027 http fetch GET 200 https://registry.npmjs.org/fill-range 35ms (cache miss)
2028 silly packumentCache full:https://registry.npmjs.org/fill-range set size:undefined disposed:false
2029 silly placeDep ROOT fill-range@7.1.1 OK for: braces@3.0.3 want: ^7.1.1
2030 silly fetch manifest to-regex-range@^5.0.1
2031 silly packumentCache full:https://registry.npmjs.org/to-regex-range cache-miss
2032 http fetch GET 200 https://registry.npmjs.org/to-regex-range 37ms (cache miss)
2033 silly packumentCache full:https://registry.npmjs.org/to-regex-range set size:undefined disposed:false
2034 silly placeDep ROOT to-regex-range@5.0.1 OK for: fill-range@7.1.1 want: ^5.0.1
2035 silly fetch manifest is-number@^7.0.0
2036 silly packumentCache full:https://registry.npmjs.org/is-number cache-miss
2037 http fetch GET 200 https://registry.npmjs.org/is-number 25ms (cache miss)
2038 silly packumentCache full:https://registry.npmjs.org/is-number set size:undefined disposed:false
2039 silly placeDep ROOT brace-expansion@1.1.12 OK for: minimatch@3.1.2 want: ^1.1.7
2040 silly fetch manifest balanced-match@^1.0.0
2041 silly packumentCache full:https://registry.npmjs.org/balanced-match cache-miss
2042 silly fetch manifest concat-map@0.0.1
2043 silly packumentCache full:https://registry.npmjs.org/concat-map cache-miss
2044 http fetch GET 200 https://registry.npmjs.org/balanced-match 26ms (cache miss)
2045 silly packumentCache full:https://registry.npmjs.org/balanced-match set size:undefined disposed:false
2046 http fetch GET 200 https://registry.npmjs.org/concat-map 25ms (cache miss)
2047 silly packumentCache full:https://registry.npmjs.org/concat-map set size:undefined disposed:false
2048 silly placeDep ROOT balanced-match@1.0.2 OK for: brace-expansion@1.1.12 want: ^1.0.0
2049 silly placeDep ROOT concat-map@0.0.1 OK for: brace-expansion@1.1.12 want: 0.0.1
2050 silly fetch manifest react@^18.2.0 || 19.0.0-rc-de68d2f4-20241204 || ^19.0.0
2051 silly packumentCache full:https://registry.npmjs.org/react cache-miss
2052 http cache https://registry.npmjs.org/react 11ms (cache hit)
2053 silly packumentCache full:https://registry.npmjs.org/react set size:6212761 disposed:false
2054 silly placeDep ROOT @next/env@16.0.1 OK for: next@16.0.1 want: 16.0.1
2055 silly placeDep ROOT @next/swc-darwin-arm64@16.0.1 OK for: next@16.0.1 want: 16.0.1
2056 silly placeDep ROOT @next/swc-darwin-x64@16.0.1 OK for: next@16.0.1 want: 16.0.1
2057 silly placeDep ROOT @next/swc-linux-arm64-gnu@16.0.1 OK for: next@16.0.1 want: 16.0.1
2058 silly placeDep ROOT @next/swc-linux-arm64-musl@16.0.1 OK for: next@16.0.1 want: 16.0.1
2059 silly placeDep ROOT @next/swc-linux-x64-gnu@16.0.1 OK for: next@16.0.1 want: 16.0.1
2060 silly placeDep ROOT @next/swc-linux-x64-musl@16.0.1 OK for: next@16.0.1 want: 16.0.1
2061 silly placeDep ROOT @next/swc-win32-arm64-msvc@16.0.1 OK for: next@16.0.1 want: 16.0.1
2062 silly placeDep ROOT @next/swc-win32-x64-msvc@16.0.1 OK for: next@16.0.1 want: 16.0.1
2063 silly placeDep ROOT @swc/helpers@0.5.15 OK for: next@16.0.1 want: 0.5.15
2064 silly placeDep node_modules/next postcss@8.4.31 OK for: next@16.0.1 want: 8.4.31
2065 silly placeDep ROOT sharp@0.34.4 OK for: next@16.0.1 want: ^0.34.4
2066 silly placeDep ROOT styled-jsx@5.1.6 OK for: next@16.0.1 want: 5.1.6
2067 silly fetch manifest tslib@^2.8.0
2068 silly packumentCache full:https://registry.npmjs.org/tslib cache-miss
2069 silly fetch manifest nanoid@^3.3.6
2070 silly packumentCache full:https://registry.npmjs.org/nanoid cache-miss
2071 silly fetch manifest semver@^7.7.2
2072 silly packumentCache full:https://registry.npmjs.org/semver cache-hit
2073 silly fetch manifest @img/colour@^1.0.0
2074 silly packumentCache full:https://registry.npmjs.org/@img%2fcolour cache-miss
2075 silly fetch manifest @img/sharp-wasm32@0.34.4
2076 silly packumentCache full:https://registry.npmjs.org/@img%2fsharp-wasm32 cache-miss
2077 silly fetch manifest @img/sharp-linux-arm@0.34.4
2078 silly packumentCache full:https://registry.npmjs.org/@img%2fsharp-linux-arm cache-miss
2079 silly fetch manifest @img/sharp-linux-x64@0.34.4
2080 silly packumentCache full:https://registry.npmjs.org/@img%2fsharp-linux-x64 cache-miss
2081 silly fetch manifest @img/sharp-win32-x64@0.34.4
2082 silly packumentCache full:https://registry.npmjs.org/@img%2fsharp-win32-x64 cache-miss
2083 silly fetch manifest @img/sharp-darwin-x64@0.34.4
2084 silly packumentCache full:https://registry.npmjs.org/@img%2fsharp-darwin-x64 cache-miss
2085 silly fetch manifest @img/sharp-win32-ia32@0.34.4
2086 silly packumentCache full:https://registry.npmjs.org/@img%2fsharp-win32-ia32 cache-miss
2087 silly fetch manifest @img/sharp-linux-arm64@0.34.4
2088 silly packumentCache full:https://registry.npmjs.org/@img%2fsharp-linux-arm64 cache-miss
2089 http cache https://registry.npmjs.org/nanoid 12ms (cache hit)
2090 silly packumentCache full:https://registry.npmjs.org/nanoid set size:298419 disposed:false
2091 silly fetch manifest @img/sharp-linux-ppc64@0.34.4
2092 silly packumentCache full:https://registry.npmjs.org/@img%2fsharp-linux-ppc64 cache-miss
2093 http fetch GET 200 https://registry.npmjs.org/@img%2fsharp-linux-arm64 45ms (cache miss)
2094 silly packumentCache full:https://registry.npmjs.org/@img%2fsharp-linux-arm64 set size:undefined disposed:false
2095 silly fetch manifest @img/sharp-linux-s390x@0.34.4
2096 silly packumentCache full:https://registry.npmjs.org/@img%2fsharp-linux-s390x cache-miss
2097 http fetch GET 200 https://registry.npmjs.org/@img%2fsharp-linux-arm 84ms (cache miss)
2098 silly packumentCache full:https://registry.npmjs.org/@img%2fsharp-linux-arm set size:undefined disposed:false
2099 silly fetch manifest @img/sharp-win32-arm64@0.34.4
2100 silly packumentCache full:https://registry.npmjs.org/@img%2fsharp-win32-arm64 cache-miss
2101 http fetch GET 200 https://registry.npmjs.org/@img%2fsharp-win32-x64 97ms (cache miss)
2102 silly packumentCache full:https://registry.npmjs.org/@img%2fsharp-win32-x64 set size:undefined disposed:false
2103 silly fetch manifest @img/sharp-darwin-arm64@0.34.4
2104 silly packumentCache full:https://registry.npmjs.org/@img%2fsharp-darwin-arm64 cache-miss
2105 http fetch GET 200 https://registry.npmjs.org/tslib 104ms (cache miss)
2106 silly packumentCache full:https://registry.npmjs.org/tslib set size:undefined disposed:false
2107 silly fetch manifest @img/sharp-linuxmusl-x64@0.34.4
2108 silly packumentCache full:https://registry.npmjs.org/@img%2fsharp-linuxmusl-x64 cache-miss
2109 http fetch GET 200 https://registry.npmjs.org/@img%2fsharp-linux-x64 107ms (cache miss)
2110 silly packumentCache full:https://registry.npmjs.org/@img%2fsharp-linux-x64 set size:undefined disposed:false
2111 silly fetch manifest @img/sharp-linuxmusl-arm64@0.34.4
2112 silly packumentCache full:https://registry.npmjs.org/@img%2fsharp-linuxmusl-arm64 cache-miss
2113 http fetch GET 200 https://registry.npmjs.org/@img%2fsharp-darwin-x64 115ms (cache miss)
2114 silly packumentCache full:https://registry.npmjs.org/@img%2fsharp-darwin-x64 set size:undefined disposed:false
2115 silly fetch manifest @img/sharp-libvips-linux-arm@1.2.3
2116 silly packumentCache full:https://registry.npmjs.org/@img%2fsharp-libvips-linux-arm cache-miss
2117 http fetch GET 200 https://registry.npmjs.org/@img%2fsharp-darwin-arm64 89ms (cache miss)
2118 silly packumentCache full:https://registry.npmjs.org/@img%2fsharp-darwin-arm64 set size:undefined disposed:false
2119 silly fetch manifest @img/sharp-libvips-linux-x64@1.2.3
2120 silly packumentCache full:https://registry.npmjs.org/@img%2fsharp-libvips-linux-x64 cache-miss
2121 http fetch GET 200 https://registry.npmjs.org/@img%2fcolour 194ms (cache miss)
2122 silly packumentCache full:https://registry.npmjs.org/@img%2fcolour set size:undefined disposed:false
2123 silly fetch manifest @img/sharp-libvips-darwin-x64@1.2.3
2124 silly packumentCache full:https://registry.npmjs.org/@img%2fsharp-libvips-darwin-x64 cache-miss
2125 http fetch GET 200 https://registry.npmjs.org/@img%2fsharp-win32-ia32 193ms (cache miss)
2126 silly packumentCache full:https://registry.npmjs.org/@img%2fsharp-win32-ia32 set size:undefined disposed:false
2127 silly fetch manifest @img/sharp-libvips-linux-arm64@1.2.3
2128 silly packumentCache full:https://registry.npmjs.org/@img%2fsharp-libvips-linux-arm64 cache-miss
2129 http fetch GET 200 https://registry.npmjs.org/@img%2fsharp-libvips-linux-arm 94ms (cache miss)
2130 silly packumentCache full:https://registry.npmjs.org/@img%2fsharp-libvips-linux-arm set size:undefined disposed:false
2131 silly fetch manifest @img/sharp-libvips-linux-ppc64@1.2.3
2132 silly packumentCache full:https://registry.npmjs.org/@img%2fsharp-libvips-linux-ppc64 cache-miss
2133 http fetch GET 200 https://registry.npmjs.org/@img%2fsharp-linux-ppc64 225ms (cache miss)
2134 silly packumentCache full:https://registry.npmjs.org/@img%2fsharp-linux-ppc64 set size:undefined disposed:false
2135 silly fetch manifest @img/sharp-libvips-linux-s390x@1.2.3
2136 silly packumentCache full:https://registry.npmjs.org/@img%2fsharp-libvips-linux-s390x cache-miss
2137 http fetch GET 200 https://registry.npmjs.org/@img%2fsharp-linux-s390x 194ms (cache miss)
2138 silly packumentCache full:https://registry.npmjs.org/@img%2fsharp-linux-s390x set size:undefined disposed:false
2139 silly fetch manifest @img/sharp-libvips-darwin-arm64@1.2.3
2140 silly packumentCache full:https://registry.npmjs.org/@img%2fsharp-libvips-darwin-arm64 cache-miss
2141 http fetch GET 200 https://registry.npmjs.org/@img%2fsharp-libvips-darwin-x64 88ms (cache miss)
2142 silly packumentCache full:https://registry.npmjs.org/@img%2fsharp-libvips-darwin-x64 set size:undefined disposed:false
2143 silly fetch manifest @img/sharp-libvips-linuxmusl-x64@1.2.3
2144 silly packumentCache full:https://registry.npmjs.org/@img%2fsharp-libvips-linuxmusl-x64 cache-miss
2145 http fetch GET 200 https://registry.npmjs.org/@img%2fsharp-libvips-linux-x64 93ms (cache miss)
2146 silly packumentCache full:https://registry.npmjs.org/@img%2fsharp-libvips-linux-x64 set size:undefined disposed:false
2147 silly fetch manifest @img/sharp-libvips-linuxmusl-arm64@1.2.3
2148 silly packumentCache full:https://registry.npmjs.org/@img%2fsharp-libvips-linuxmusl-arm64 cache-miss
2149 http fetch GET 200 https://registry.npmjs.org/@img%2fsharp-linuxmusl-x64 207ms (cache miss)
2150 silly packumentCache full:https://registry.npmjs.org/@img%2fsharp-linuxmusl-x64 set size:undefined disposed:false
2151 silly fetch manifest client-only@0.0.1
2152 silly packumentCache full:https://registry.npmjs.org/client-only cache-miss
2153 http fetch GET 200 https://registry.npmjs.org/@img%2fsharp-libvips-linux-s390x 84ms (cache miss)
2154 silly packumentCache full:https://registry.npmjs.org/@img%2fsharp-libvips-linux-s390x set size:undefined disposed:false
2155 http fetch GET 200 https://registry.npmjs.org/@img%2fsharp-libvips-linux-arm64 135ms (cache miss)
2156 silly packumentCache full:https://registry.npmjs.org/@img%2fsharp-libvips-linux-arm64 set size:undefined disposed:false
2157 http fetch GET 200 https://registry.npmjs.org/@img%2fsharp-libvips-darwin-arm64 88ms (cache miss)
2158 silly packumentCache full:https://registry.npmjs.org/@img%2fsharp-libvips-darwin-arm64 set size:undefined disposed:false
2159 http fetch GET 200 https://registry.npmjs.org/client-only 81ms (cache miss)
2160 silly packumentCache full:https://registry.npmjs.org/client-only set size:undefined disposed:false
2161 http fetch GET 200 https://registry.npmjs.org/@img%2fsharp-libvips-linux-ppc64 208ms (cache miss)
2162 silly packumentCache full:https://registry.npmjs.org/@img%2fsharp-libvips-linux-ppc64 set size:undefined disposed:false
2163 http fetch GET 200 https://registry.npmjs.org/@img%2fsharp-libvips-linuxmusl-x64 179ms (cache miss)
2164 silly packumentCache full:https://registry.npmjs.org/@img%2fsharp-libvips-linuxmusl-x64 set size:undefined disposed:false
2165 http fetch GET 200 https://registry.npmjs.org/@img%2fsharp-libvips-linuxmusl-arm64 224ms (cache miss)
2166 silly packumentCache full:https://registry.npmjs.org/@img%2fsharp-libvips-linuxmusl-arm64 set size:undefined disposed:false
2167 http fetch GET 200 https://registry.npmjs.org/@img%2fsharp-wasm32 745ms (cache miss)
2168 silly packumentCache full:https://registry.npmjs.org/@img%2fsharp-wasm32 set size:undefined disposed:false
2169 http fetch GET 200 https://registry.npmjs.org/@img%2fsharp-win32-arm64 681ms (cache miss)
2170 silly packumentCache full:https://registry.npmjs.org/@img%2fsharp-win32-arm64 set size:undefined disposed:false
2171 http fetch GET 200 https://registry.npmjs.org/@img%2fsharp-linuxmusl-arm64 773ms (cache miss)
2172 silly packumentCache full:https://registry.npmjs.org/@img%2fsharp-linuxmusl-arm64 set size:undefined disposed:false
2173 silly placeDep ROOT tslib@2.8.1 OK for: @swc/helpers@0.5.15 want: ^2.8.0
2174 silly placeDep ROOT deep-is@0.1.4 OK for: optionator@0.9.4 want: ^0.1.3
2175 silly placeDep ROOT fast-levenshtein@2.0.6 OK for: optionator@0.9.4 want: ^2.0.6
2176 silly placeDep ROOT word-wrap@1.2.5 OK for: optionator@0.9.4 want: ^1.2.5
2177 silly placeDep ROOT p-limit@3.1.0 OK for: p-locate@5.0.0 want: ^3.0.2
2178 silly fetch manifest yocto-queue@^0.1.0
2179 silly packumentCache full:https://registry.npmjs.org/yocto-queue cache-miss
2180 http fetch GET 200 https://registry.npmjs.org/yocto-queue 29ms (cache miss)
2181 silly packumentCache full:https://registry.npmjs.org/yocto-queue set size:undefined disposed:false
2182 silly placeDep ROOT yocto-queue@0.1.0 OK for: p-limit@3.1.0 want: ^0.1.0
2183 silly placeDep ROOT callsites@3.1.0 OK for: parent-module@1.0.1 want: ^3.0.0
2184 silly placeDep ROOT nanoid@3.3.11 OK for: postcss@8.5.6 want: ^3.3.11
2185 silly placeDep ROOT loose-envify@1.4.0 OK for: prop-types@15.8.1 want: ^1.4.0
2186 silly placeDep ROOT object-assign@4.1.1 OK for: prop-types@15.8.1 want: ^4.1.1
2187 silly placeDep ROOT react-is@16.13.1 OK for: prop-types@15.8.1 want: ^16.13.1
2188 silly placeDep ROOT scheduler@0.27.0 OK for: react-dom@19.2.0 want: ^0.27.0
2189 silly placeDep ROOT path-parse@1.0.7 OK for: resolve@1.22.11 want: ^1.0.7
2190 silly placeDep ROOT supports-preserve-symlinks-flag@1.0.0 OK for: resolve@1.22.11 want: ^1.0.0
2191 silly placeDep ROOT queue-microtask@1.2.3 OK for: run-parallel@1.2.0 want: ^1.2.2
2192 silly placeDep ROOT isarray@2.0.5 OK for: safe-array-concat@1.1.3 want: ^2.0.5
2193 silly placeDep ROOT @img/colour@1.0.0 OK for: sharp@0.34.4 want: ^1.0.0
2194 silly placeDep ROOT @img/sharp-darwin-arm64@0.34.4 OK for: sharp@0.34.4 want: 0.34.4
2195 silly placeDep ROOT @img/sharp-darwin-x64@0.34.4 OK for: sharp@0.34.4 want: 0.34.4
2196 silly placeDep ROOT @img/sharp-libvips-darwin-arm64@1.2.3 OK for: sharp@0.34.4 want: 1.2.3
2197 silly placeDep ROOT @img/sharp-libvips-darwin-x64@1.2.3 OK for: sharp@0.34.4 want: 1.2.3
2198 silly placeDep ROOT @img/sharp-libvips-linux-arm@1.2.3 OK for: sharp@0.34.4 want: 1.2.3
2199 silly placeDep ROOT @img/sharp-libvips-linux-arm64@1.2.3 OK for: sharp@0.34.4 want: 1.2.3
2200 silly placeDep ROOT @img/sharp-libvips-linux-ppc64@1.2.3 OK for: sharp@0.34.4 want: 1.2.3
2201 silly placeDep ROOT @img/sharp-libvips-linux-s390x@1.2.3 OK for: sharp@0.34.4 want: 1.2.3
2202 silly placeDep ROOT @img/sharp-libvips-linux-x64@1.2.3 OK for: sharp@0.34.4 want: 1.2.3
2203 silly placeDep ROOT @img/sharp-libvips-linuxmusl-arm64@1.2.3 OK for: sharp@0.34.4 want: 1.2.3
2204 silly placeDep ROOT @img/sharp-libvips-linuxmusl-x64@1.2.3 OK for: sharp@0.34.4 want: 1.2.3
2205 silly placeDep ROOT @img/sharp-linux-arm@0.34.4 OK for: sharp@0.34.4 want: 0.34.4
2206 silly placeDep ROOT @img/sharp-linux-arm64@0.34.4 OK for: sharp@0.34.4 want: 0.34.4
2207 silly placeDep ROOT @img/sharp-linux-ppc64@0.34.4 OK for: sharp@0.34.4 want: 0.34.4
2208 silly placeDep ROOT @img/sharp-linux-s390x@0.34.4 OK for: sharp@0.34.4 want: 0.34.4
2209 silly placeDep ROOT @img/sharp-linux-x64@0.34.4 OK for: sharp@0.34.4 want: 0.34.4
2210 silly placeDep ROOT @img/sharp-linuxmusl-arm64@0.34.4 OK for: sharp@0.34.4 want: 0.34.4
2211 silly placeDep ROOT @img/sharp-linuxmusl-x64@0.34.4 OK for: sharp@0.34.4 want: 0.34.4
2212 silly placeDep ROOT @img/sharp-wasm32@0.34.4 OK for: sharp@0.34.4 want: 0.34.4
2213 silly placeDep ROOT @img/sharp-win32-arm64@0.34.4 OK for: sharp@0.34.4 want: 0.34.4
2214 silly placeDep ROOT @img/sharp-win32-ia32@0.34.4 OK for: sharp@0.34.4 want: 0.34.4
2215 silly placeDep ROOT @img/sharp-win32-x64@0.34.4 OK for: sharp@0.34.4 want: 0.34.4
2216 silly placeDep node_modules/sharp semver@7.7.3 OK for: sharp@0.34.4 want: ^7.7.2
2217 silly fetch manifest @emnapi/runtime@^1.5.0
2218 silly packumentCache full:https://registry.npmjs.org/@emnapi%2fruntime cache-miss
2219 http fetch GET 200 https://registry.npmjs.org/@emnapi%2fruntime 195ms (cache miss)
2220 silly packumentCache full:https://registry.npmjs.org/@emnapi%2fruntime set size:undefined disposed:false
2221 silly placeDep ROOT @emnapi/runtime@1.6.0 OK for: @img/sharp-wasm32@0.34.4 want: ^1.5.0
2222 silly placeDep ROOT shebang-regex@3.0.0 OK for: shebang-command@2.0.0 want: ^3.0.0
2223 silly placeDep ROOT side-channel-list@1.0.0 OK for: side-channel@1.1.0 want: ^1.0.0
2224 silly placeDep ROOT side-channel-map@1.0.1 OK for: side-channel@1.1.0 want: ^1.0.1
2225 silly placeDep ROOT side-channel-weakmap@1.0.2 OK for: side-channel@1.1.0 want: ^1.0.2
2226 silly placeDep ROOT client-only@0.0.1 OK for: styled-jsx@5.1.6 want: 0.0.1
2227 silly placeDep ROOT has-flag@4.0.0 OK for: supports-color@7.2.0 want: ^4.0.0
2228 silly placeDep node_modules/tinyglobby fdir@6.5.0 OK for: tinyglobby@0.2.15 want: ^6.5.0
2229 silly placeDep node_modules/tinyglobby picomatch@4.0.3 OK for: fdir@6.5.0 want: ^3 || ^4
2230 silly placeDep ROOT is-number@7.0.0 OK for: to-regex-range@5.0.1 want: ^7.0.0
2231 silly placeDep ROOT @types/json5@0.0.29 OK for: tsconfig-paths@3.15.0 want: ^0.0.29
2232 silly placeDep node_modules/tsconfig-paths json5@1.0.2 OK for: tsconfig-paths@3.15.0 want: ^1.0.2
2233 silly placeDep ROOT minimist@1.2.8 OK for: tsconfig-paths@3.15.0 want: ^1.2.6
2234 silly placeDep ROOT strip-bom@3.0.0 OK for: tsconfig-paths@3.15.0 want: ^3.0.0
2235 silly fetch manifest minimist@^1.2.0
2236 silly packumentCache full:https://registry.npmjs.org/minimist cache-miss
2237 http cache https://registry.npmjs.org/minimist 2ms (cache hit)
2238 silly packumentCache full:https://registry.npmjs.org/minimist set size:77082 disposed:false
2239 silly placeDep ROOT for-each@0.3.5 OK for: typed-array-byte-length@1.0.3 want: ^0.3.3
2240 silly placeDep ROOT reflect.getprototypeof@1.0.10 OK for: typed-array-byte-offset@1.0.4 want: ^1.0.9
2241 silly fetch manifest which-builtin-type@^1.2.1
2242 silly packumentCache full:https://registry.npmjs.org/which-builtin-type cache-miss
2243 http fetch GET 200 https://registry.npmjs.org/which-builtin-type 88ms (cache miss)
2244 silly packumentCache full:https://registry.npmjs.org/which-builtin-type set size:undefined disposed:false
2245 silly placeDep ROOT which-builtin-type@1.2.1 OK for: reflect.getprototypeof@1.0.10 want: ^1.2.1
2246 silly fetch manifest is-async-function@^2.0.0
2247 silly packumentCache full:https://registry.npmjs.org/is-async-function cache-miss
2248 silly fetch manifest is-finalizationregistry@^1.1.0
2249 silly packumentCache full:https://registry.npmjs.org/is-finalizationregistry cache-miss
2250 silly fetch manifest is-generator-function@^1.0.10
2251 silly packumentCache full:https://registry.npmjs.org/is-generator-function cache-miss
2252 silly fetch manifest which-boxed-primitive@^1.1.0
2253 silly packumentCache full:https://registry.npmjs.org/which-boxed-primitive cache-miss
2254 silly fetch manifest which-collection@^1.0.2
2255 silly packumentCache full:https://registry.npmjs.org/which-collection cache-miss
2256 http cache https://registry.npmjs.org/which-boxed-primitive 5ms (cache hit)
2257 silly packumentCache full:https://registry.npmjs.org/which-boxed-primitive set size:19407 disposed:false
2258 http fetch GET 200 https://registry.npmjs.org/is-generator-function 98ms (cache miss)
2259 silly packumentCache full:https://registry.npmjs.org/is-generator-function set size:undefined disposed:false
2260 http fetch GET 200 https://registry.npmjs.org/is-finalizationregistry 105ms (cache miss)
2261 silly packumentCache full:https://registry.npmjs.org/is-finalizationregistry set size:undefined disposed:false
2262 http fetch GET 200 https://registry.npmjs.org/is-async-function 106ms (cache miss)
2263 silly packumentCache full:https://registry.npmjs.org/is-async-function set size:undefined disposed:false
2264 http fetch GET 200 https://registry.npmjs.org/which-collection 105ms (cache miss)
2265 silly packumentCache full:https://registry.npmjs.org/which-collection set size:undefined disposed:false
2266 silly fetch manifest eslint@^8.57.0 || ^9.0.0
2267 silly packumentCache full:https://registry.npmjs.org/eslint cache-miss
2268 http cache https://registry.npmjs.org/eslint 3ms (cache hit)
2269 silly packumentCache full:https://registry.npmjs.org/eslint set size:1859520 disposed:false
2270 silly fetch manifest typescript@>=4.8.4 <6.0.0
2271 silly packumentCache full:https://registry.npmjs.org/typescript cache-miss
2272 http cache https://registry.npmjs.org/typescript 15ms (cache hit)
2273 silly packumentCache full:https://registry.npmjs.org/typescript set size:14840123 disposed:false
2274 silly placeDep ROOT @typescript-eslint/eslint-plugin@8.46.2 OK for: typescript-eslint@8.46.2 want: 8.46.2
2275 silly placeDep ROOT @typescript-eslint/parser@8.46.2 OK for: @typescript-eslint/eslint-plugin@8.46.2 want: ^8.46.2
2276 silly placeDep ROOT @typescript-eslint/typescript-estree@8.46.2 OK for: typescript-eslint@8.46.2 want: 8.46.2
2277 silly placeDep ROOT @typescript-eslint/utils@8.46.2 OK for: typescript-eslint@8.46.2 want: 8.46.2
2278 silly fetch manifest @typescript-eslint/scope-manager@8.46.2
2279 silly packumentCache full:https://registry.npmjs.org/@typescript-eslint%2fscope-manager cache-miss
2280 silly fetch manifest @typescript-eslint/type-utils@8.46.2
2281 silly packumentCache full:https://registry.npmjs.org/@typescript-eslint%2ftype-utils cache-miss
2282 silly fetch manifest @typescript-eslint/visitor-keys@8.46.2
2283 silly packumentCache full:https://registry.npmjs.org/@typescript-eslint%2fvisitor-keys cache-miss
2284 silly fetch manifest graphemer@^1.4.0
2285 silly packumentCache full:https://registry.npmjs.org/graphemer cache-miss
2286 silly fetch manifest ignore@^7.0.0
2287 silly packumentCache full:https://registry.npmjs.org/ignore cache-miss
2288 silly fetch manifest ts-api-utils@^2.1.0
2289 silly packumentCache full:https://registry.npmjs.org/ts-api-utils cache-miss
2290 silly fetch manifest @typescript-eslint/scope-manager@8.46.2
2291 silly packumentCache full:https://registry.npmjs.org/@typescript-eslint%2fscope-manager cache-miss
2292 silly fetch manifest @typescript-eslint/types@8.46.2
2293 silly packumentCache full:https://registry.npmjs.org/@typescript-eslint%2ftypes cache-miss
2294 silly fetch manifest @typescript-eslint/visitor-keys@8.46.2
2295 silly packumentCache full:https://registry.npmjs.org/@typescript-eslint%2fvisitor-keys cache-miss
2296 silly fetch manifest @typescript-eslint/project-service@8.46.2
2297 silly packumentCache full:https://registry.npmjs.org/@typescript-eslint%2fproject-service cache-miss
2298 http cache https://registry.npmjs.org/ignore 6ms (cache hit)
2299 silly packumentCache full:https://registry.npmjs.org/ignore set size:237380 disposed:false
2300 silly fetch manifest @typescript-eslint/tsconfig-utils@8.46.2
2301 silly packumentCache full:https://registry.npmjs.org/@typescript-eslint%2ftsconfig-utils cache-miss
2302 http fetch GET 200 https://registry.npmjs.org/ts-api-utils 69ms (cache miss)
2303 silly packumentCache full:https://registry.npmjs.org/ts-api-utils set size:undefined disposed:false
2304 silly fetch manifest @typescript-eslint/types@8.46.2
2305 silly packumentCache full:https://registry.npmjs.org/@typescript-eslint%2ftypes cache-miss
2306 http fetch GET 200 https://registry.npmjs.org/graphemer 82ms (cache miss)
2307 silly packumentCache full:https://registry.npmjs.org/graphemer set size:undefined disposed:false
2308 silly fetch manifest @typescript-eslint/visitor-keys@8.46.2
2309 silly packumentCache full:https://registry.npmjs.org/@typescript-eslint%2fvisitor-keys cache-miss
2310 http fetch GET 200 https://registry.npmjs.org/@typescript-eslint%2ftsconfig-utils 217ms (cache miss)
2311 silly packumentCache full:https://registry.npmjs.org/@typescript-eslint%2ftsconfig-utils set size:undefined disposed:false
2312 silly fetch manifest fast-glob@^3.3.2
2313 silly packumentCache full:https://registry.npmjs.org/fast-glob cache-miss
2314 http cache https://registry.npmjs.org/fast-glob 5ms (cache hit)
2315 silly packumentCache full:https://registry.npmjs.org/fast-glob set size:220556 disposed:false
2316 silly fetch manifest minimatch@^9.0.4
2317 silly packumentCache full:https://registry.npmjs.org/minimatch cache-miss
2318 http fetch GET 200 https://registry.npmjs.org/@typescript-eslint%2fproject-service 233ms (cache miss)
2319 silly packumentCache full:https://registry.npmjs.org/@typescript-eslint%2fproject-service set size:undefined disposed:false
2320 silly fetch manifest semver@^7.6.0
2321 silly packumentCache full:https://registry.npmjs.org/semver cache-hit
2322 silly fetch manifest @typescript-eslint/scope-manager@8.46.2
2323 silly packumentCache full:https://registry.npmjs.org/@typescript-eslint%2fscope-manager cache-miss
2324 http cache https://registry.npmjs.org/minimatch 5ms (cache hit)
2325 silly packumentCache full:https://registry.npmjs.org/minimatch set size:303959 disposed:false
2326 silly fetch manifest @typescript-eslint/types@8.46.2
2327 silly packumentCache full:https://registry.npmjs.org/@typescript-eslint%2ftypes cache-miss
2328 http fetch GET 200 https://registry.npmjs.org/@typescript-eslint%2ftype-utils 1017ms (cache miss)
2329 silly packumentCache full:https://registry.npmjs.org/@typescript-eslint%2ftype-utils set size:undefined disposed:false
2330 http fetch GET 200 https://registry.npmjs.org/@typescript-eslint%2fscope-manager 2996ms (cache miss)
2331 silly packumentCache full:https://registry.npmjs.org/@typescript-eslint%2fscope-manager set size:undefined disposed:false
2332 http fetch GET 200 https://registry.npmjs.org/@typescript-eslint%2ftypes 3495ms (cache miss)
2333 silly packumentCache full:https://registry.npmjs.org/@typescript-eslint%2ftypes set size:undefined disposed:false
2334 http fetch GET 200 https://registry.npmjs.org/@typescript-eslint%2fscope-manager 3361ms (cache miss)
2335 silly packumentCache full:https://registry.npmjs.org/@typescript-eslint%2fscope-manager set size:undefined disposed:false
2336 http fetch GET 200 https://registry.npmjs.org/@typescript-eslint%2fvisitor-keys 3987ms (cache miss)
2337 silly packumentCache full:https://registry.npmjs.org/@typescript-eslint%2fvisitor-keys set size:undefined disposed:false
2338 http fetch GET 200 https://registry.npmjs.org/@typescript-eslint%2ftypes 3797ms (cache miss)
2339 silly packumentCache full:https://registry.npmjs.org/@typescript-eslint%2ftypes set size:undefined disposed:false
2340 http fetch GET 200 https://registry.npmjs.org/@typescript-eslint%2fscope-manager 4254ms (cache miss)
2341 silly packumentCache full:https://registry.npmjs.org/@typescript-eslint%2fscope-manager set size:undefined disposed:false
2342 http fetch GET 200 https://registry.npmjs.org/@typescript-eslint%2ftypes 4227ms (cache miss)
2343 silly packumentCache full:https://registry.npmjs.org/@typescript-eslint%2ftypes set size:undefined disposed:false
2344 http fetch GET 200 https://registry.npmjs.org/@typescript-eslint%2fvisitor-keys 4321ms (cache miss)
2345 silly packumentCache full:https://registry.npmjs.org/@typescript-eslint%2fvisitor-keys set size:undefined disposed:false
2346 http fetch GET 200 https://registry.npmjs.org/@typescript-eslint%2fvisitor-keys 4663ms (cache miss)
2347 silly packumentCache full:https://registry.npmjs.org/@typescript-eslint%2fvisitor-keys set size:undefined disposed:false
2348 silly placeDep ROOT @typescript-eslint/scope-manager@8.46.2 OK for: @typescript-eslint/eslint-plugin@8.46.2 want: 8.46.2
2349 silly placeDep ROOT @typescript-eslint/type-utils@8.46.2 OK for: @typescript-eslint/eslint-plugin@8.46.2 want: 8.46.2
2350 silly placeDep ROOT @typescript-eslint/visitor-keys@8.46.2 OK for: @typescript-eslint/eslint-plugin@8.46.2 want: 8.46.2
2351 silly placeDep ROOT graphemer@1.4.0 OK for: @typescript-eslint/eslint-plugin@8.46.2 want: ^1.4.0
2352 silly placeDep node_modules/@typescript-eslint/eslint-plugin ignore@7.0.5 OK for: @typescript-eslint/eslint-plugin@8.46.2 want: ^7.0.0
2353 silly placeDep ROOT ts-api-utils@2.1.0 OK for: @typescript-eslint/eslint-plugin@8.46.2 want: ^2.1.0
2354 silly placeDep ROOT @typescript-eslint/types@8.46.2 OK for: @typescript-eslint/parser@8.46.2 want: 8.46.2
2355 silly placeDep ROOT @typescript-eslint/project-service@8.46.2 OK for: @typescript-eslint/typescript-estree@8.46.2 want: 8.46.2
2356 silly placeDep ROOT @typescript-eslint/tsconfig-utils@8.46.2 OK for: @typescript-eslint/typescript-estree@8.46.2 want: 8.46.2
2357 silly placeDep node_modules/@typescript-eslint/typescript-estree fast-glob@3.3.3 OK for: @typescript-eslint/typescript-estree@8.46.2 want: ^3.3.2
2358 silly placeDep node_modules/@typescript-eslint/typescript-estree minimatch@9.0.5 OK for: @typescript-eslint/typescript-estree@8.46.2 want: ^9.0.4
2359 silly placeDep node_modules/@typescript-eslint/typescript-estree semver@7.7.3 OK for: @typescript-eslint/typescript-estree@8.46.2 want: ^7.6.0
2360 silly fetch manifest @typescript-eslint/tsconfig-utils@^8.46.2
2361 silly packumentCache full:https://registry.npmjs.org/@typescript-eslint%2ftsconfig-utils cache-miss
2362 silly fetch manifest brace-expansion@^2.0.1
2363 silly packumentCache full:https://registry.npmjs.org/brace-expansion cache-miss
2364 http cache https://registry.npmjs.org/brace-expansion 2ms (cache hit)
2365 silly packumentCache full:https://registry.npmjs.org/brace-expansion set size:46250 disposed:false
2366 http cache https://registry.npmjs.org/@typescript-eslint%2ftsconfig-utils 3ms (cache hit)
2367 silly packumentCache full:https://registry.npmjs.org/@typescript-eslint%2ftsconfig-utils set size:505104 disposed:false
2368 silly placeDep ROOT has-bigints@1.1.0 OK for: unbox-primitive@1.1.0 want: ^1.0.2
2369 silly placeDep ROOT which-boxed-primitive@1.1.1 OK for: unbox-primitive@1.1.0 want: ^1.1.1
2370 silly fetch manifest is-bigint@^1.1.0
2371 silly packumentCache full:https://registry.npmjs.org/is-bigint cache-miss
2372 silly fetch manifest is-boolean-object@^1.2.1
2373 silly packumentCache full:https://registry.npmjs.org/is-boolean-object cache-miss
2374 silly fetch manifest is-number-object@^1.1.1
2375 silly packumentCache full:https://registry.npmjs.org/is-number-object cache-miss
2376 http fetch GET 200 https://registry.npmjs.org/is-bigint 73ms (cache miss)
2377 silly packumentCache full:https://registry.npmjs.org/is-bigint set size:undefined disposed:false
2378 http fetch GET 200 https://registry.npmjs.org/is-boolean-object 73ms (cache miss)
2379 silly packumentCache full:https://registry.npmjs.org/is-boolean-object set size:undefined disposed:false
2380 http fetch GET 200 https://registry.npmjs.org/is-number-object 106ms (cache miss)
2381 silly packumentCache full:https://registry.npmjs.org/is-number-object set size:undefined disposed:false
2382 silly placeDep ROOT @unrs/resolver-binding-android-arm-eabi@1.11.1 OK for: unrs-resolver@1.11.1 want: 1.11.1
2383 silly placeDep ROOT @unrs/resolver-binding-android-arm64@1.11.1 OK for: unrs-resolver@1.11.1 want: 1.11.1
2384 silly placeDep ROOT @unrs/resolver-binding-darwin-arm64@1.11.1 OK for: unrs-resolver@1.11.1 want: 1.11.1
2385 silly placeDep ROOT @unrs/resolver-binding-darwin-x64@1.11.1 OK for: unrs-resolver@1.11.1 want: 1.11.1
2386 silly placeDep ROOT @unrs/resolver-binding-freebsd-x64@1.11.1 OK for: unrs-resolver@1.11.1 want: 1.11.1
2387 silly placeDep ROOT @unrs/resolver-binding-linux-arm-gnueabihf@1.11.1 OK for: unrs-resolver@1.11.1 want: 1.11.1
2388 silly placeDep ROOT @unrs/resolver-binding-linux-arm-musleabihf@1.11.1 OK for: unrs-resolver@1.11.1 want: 1.11.1
2389 silly placeDep ROOT @unrs/resolver-binding-linux-arm64-gnu@1.11.1 OK for: unrs-resolver@1.11.1 want: 1.11.1
2390 silly placeDep ROOT @unrs/resolver-binding-linux-arm64-musl@1.11.1 OK for: unrs-resolver@1.11.1 want: 1.11.1
2391 silly placeDep ROOT @unrs/resolver-binding-linux-ppc64-gnu@1.11.1 OK for: unrs-resolver@1.11.1 want: 1.11.1
2392 silly placeDep ROOT @unrs/resolver-binding-linux-riscv64-gnu@1.11.1 OK for: unrs-resolver@1.11.1 want: 1.11.1
2393 silly placeDep ROOT @unrs/resolver-binding-linux-riscv64-musl@1.11.1 OK for: unrs-resolver@1.11.1 want: 1.11.1
2394 silly placeDep ROOT @unrs/resolver-binding-linux-s390x-gnu@1.11.1 OK for: unrs-resolver@1.11.1 want: 1.11.1
2395 silly placeDep ROOT @unrs/resolver-binding-linux-x64-gnu@1.11.1 OK for: unrs-resolver@1.11.1 want: 1.11.1
2396 silly placeDep ROOT @unrs/resolver-binding-linux-x64-musl@1.11.1 OK for: unrs-resolver@1.11.1 want: 1.11.1
2397 silly placeDep ROOT @unrs/resolver-binding-wasm32-wasi@1.11.1 OK for: unrs-resolver@1.11.1 want: 1.11.1
2398 silly placeDep ROOT @unrs/resolver-binding-win32-arm64-msvc@1.11.1 OK for: unrs-resolver@1.11.1 want: 1.11.1
2399 silly placeDep ROOT @unrs/resolver-binding-win32-ia32-msvc@1.11.1 OK for: unrs-resolver@1.11.1 want: 1.11.1
2400 silly placeDep ROOT @unrs/resolver-binding-win32-x64-msvc@1.11.1 OK for: unrs-resolver@1.11.1 want: 1.11.1
2401 silly placeDep ROOT napi-postinstall@0.3.4 OK for: unrs-resolver@1.11.1 want: ^0.3.0
2402 silly fetch manifest @napi-rs/wasm-runtime@^0.2.11
2403 silly packumentCache full:https://registry.npmjs.org/@napi-rs%2fwasm-runtime cache-miss
2404 http fetch GET 200 https://registry.npmjs.org/@napi-rs%2fwasm-runtime 203ms (cache miss)
2405 silly packumentCache full:https://registry.npmjs.org/@napi-rs%2fwasm-runtime set size:undefined disposed:false
2406 silly placeDep ROOT @napi-rs/wasm-runtime@0.2.12 OK for: @unrs/resolver-binding-wasm32-wasi@1.11.1 want: ^0.2.11
2407 silly fetch manifest @emnapi/core@^1.4.3
2408 silly packumentCache full:https://registry.npmjs.org/@emnapi%2fcore cache-miss
2409 silly fetch manifest @tybys/wasm-util@^0.10.0
2410 silly packumentCache full:https://registry.npmjs.org/@tybys%2fwasm-util cache-miss
2411 http fetch GET 200 https://registry.npmjs.org/@tybys%2fwasm-util 203ms (cache miss)
2412 silly packumentCache full:https://registry.npmjs.org/@tybys%2fwasm-util set size:undefined disposed:false
2413 http fetch GET 200 https://registry.npmjs.org/@emnapi%2fcore 224ms (cache miss)
2414 silly packumentCache full:https://registry.npmjs.org/@emnapi%2fcore set size:undefined disposed:false
2415 silly placeDep ROOT @emnapi/core@1.6.0 OK for: @napi-rs/wasm-runtime@0.2.12 want: ^1.4.3
2416 silly placeDep ROOT @tybys/wasm-util@0.10.1 OK for: @napi-rs/wasm-runtime@0.2.12 want: ^0.10.0
2417 silly fetch manifest @emnapi/wasi-threads@1.1.0
2418 silly packumentCache full:https://registry.npmjs.org/@emnapi%2fwasi-threads cache-miss
2419 http fetch GET 200 https://registry.npmjs.org/@emnapi%2fwasi-threads 190ms (cache miss)
2420 silly packumentCache full:https://registry.npmjs.org/@emnapi%2fwasi-threads set size:undefined disposed:false
2421 silly placeDep ROOT @emnapi/wasi-threads@1.1.0 OK for: @emnapi/core@1.6.0 want: 1.1.0
2422 silly placeDep ROOT escalade@3.2.0 OK for: update-browserslist-db@1.1.4 want: ^3.2.0
2423 silly placeDep ROOT punycode@2.3.1 OK for: uri-js@4.4.1 want: ^2.1.0
2424 silly placeDep ROOT isexe@2.0.0 OK for: which@2.0.2 want: ^2.0.0
2425 silly placeDep ROOT is-bigint@1.1.0 OK for: which-boxed-primitive@1.1.1 want: ^1.1.0
2426 silly placeDep ROOT is-boolean-object@1.2.2 OK for: which-boxed-primitive@1.1.1 want: ^1.2.1
2427 silly placeDep ROOT is-number-object@1.1.1 OK for: which-boxed-primitive@1.1.1 want: ^1.1.1
2428 silly placeDep ROOT is-async-function@2.1.1 OK for: which-builtin-type@1.2.1 want: ^2.0.0
2429 silly placeDep ROOT is-finalizationregistry@1.1.1 OK for: which-builtin-type@1.2.1 want: ^1.1.0
2430 silly placeDep ROOT is-generator-function@1.1.2 OK for: which-builtin-type@1.2.1 want: ^1.0.10
2431 silly placeDep ROOT which-collection@1.0.2 OK for: which-builtin-type@1.2.1 want: ^1.0.2
2432 silly fetch manifest async-function@^1.0.0
2433 silly packumentCache full:https://registry.npmjs.org/async-function cache-miss
2434 silly fetch manifest generator-function@^2.0.0
2435 silly packumentCache full:https://registry.npmjs.org/generator-function cache-miss
2436 silly fetch manifest is-map@^2.0.3
2437 silly packumentCache full:https://registry.npmjs.org/is-map cache-miss
2438 silly fetch manifest is-weakmap@^2.0.2
2439 silly packumentCache full:https://registry.npmjs.org/is-weakmap cache-miss
2440 silly fetch manifest is-weakset@^2.0.3
2441 silly packumentCache full:https://registry.npmjs.org/is-weakset cache-miss
2442 http fetch GET 200 https://registry.npmjs.org/async-function 71ms (cache miss)
2443 silly packumentCache full:https://registry.npmjs.org/async-function set size:undefined disposed:false
2444 http fetch GET 200 https://registry.npmjs.org/generator-function 72ms (cache miss)
2445 silly packumentCache full:https://registry.npmjs.org/generator-function set size:undefined disposed:false
2446 http fetch GET 200 https://registry.npmjs.org/is-weakmap 73ms (cache miss)
2447 silly packumentCache full:https://registry.npmjs.org/is-weakmap set size:undefined disposed:false
2448 http fetch GET 200 https://registry.npmjs.org/is-weakset 73ms (cache miss)
2449 silly packumentCache full:https://registry.npmjs.org/is-weakset set size:undefined disposed:false
2450 http fetch GET 200 https://registry.npmjs.org/is-map 99ms (cache miss)
2451 silly packumentCache full:https://registry.npmjs.org/is-map set size:undefined disposed:false
2452 silly placeDep ROOT async-function@1.0.0 OK for: is-async-function@2.1.1 want: ^1.0.0
2453 silly placeDep ROOT generator-function@2.0.1 OK for: is-generator-function@1.1.2 want: ^2.0.0
2454 silly placeDep ROOT is-map@2.0.3 OK for: which-collection@1.0.2 want: ^2.0.3
2455 silly placeDep ROOT is-weakmap@2.0.2 OK for: which-collection@1.0.2 want: ^2.0.2
2456 silly placeDep ROOT is-weakset@2.0.4 OK for: which-collection@1.0.2 want: ^2.0.3
2457 silly placeDep node_modules/@typescript-eslint/typescript-estree glob-parent@5.1.2 OK for: fast-glob@3.3.3 want: ^5.1.2
2458 silly placeDep node_modules/@typescript-eslint/typescript-estree brace-expansion@2.0.2 OK for: minimatch@9.0.5 want: ^2.0.1
2459 silly reify moves {}
2460 verbose reify failed optional dependency /Users/keremkirici/Projects/NextJS/portfolio-website/temp/node_modules/@tailwindcss/oxide-wasm32-wasi
2461 silly reify mark deleted [
2461 silly reify   '/Users/keremkirici/Projects/NextJS/portfolio-website/temp/node_modules/@tailwindcss/oxide-wasm32-wasi'
2461 silly reify ]
2462 silly audit bulk request {
2462 silly audit   '@tailwindcss/postcss': [ '4.1.16' ],
2462 silly audit   '@types/node': [ '20.19.24' ],
2462 silly audit   '@types/react': [ '19.2.2' ],
2462 silly audit   '@types/react-dom': [ '19.2.2' ],
2462 silly audit   eslint: [ '9.38.0' ],
2462 silly audit   'eslint-config-next': [ '16.0.1' ],
2462 silly audit   next: [ '16.0.1' ],
2462 silly audit   react: [ '19.2.0' ],
2462 silly audit   'react-dom': [ '19.2.0' ],
2462 silly audit   tailwindcss: [ '4.1.16' ],
2462 silly audit   typescript: [ '5.9.3' ],
2462 silly audit   '@alloc/quick-lru': [ '5.2.0' ],
2462 silly audit   '@tailwindcss/node': [ '4.1.16' ],
2462 silly audit   '@tailwindcss/oxide': [ '4.1.16' ],
2462 silly audit   postcss: [ '8.5.6', '8.4.31' ],
2462 silly audit   '@jridgewell/remapping': [ '2.3.5' ],
2462 silly audit   'enhanced-resolve': [ '5.18.3' ],
2462 silly audit   jiti: [ '2.6.1' ],
2462 silly audit   lightningcss: [ '1.30.2' ],
2462 silly audit   'magic-string': [ '0.30.21' ],
2462 silly audit   'source-map-js': [ '1.2.1' ],
2462 silly audit   '@jridgewell/gen-mapping': [ '0.3.13' ],
2462 silly audit   '@jridgewell/trace-mapping': [ '0.3.31' ],
2462 silly audit   '@jridgewell/sourcemap-codec': [ '1.5.5' ],
2462 silly audit   '@jridgewell/resolve-uri': [ '3.1.2' ],
2462 silly audit   '@tailwindcss/oxide-android-arm64': [ '4.1.16' ],
2462 silly audit   '@tailwindcss/oxide-darwin-arm64': [ '4.1.16' ],
2462 silly audit   '@tailwindcss/oxide-darwin-x64': [ '4.1.16' ],
2462 silly audit   '@tailwindcss/oxide-freebsd-x64': [ '4.1.16' ],
2462 silly audit   '@tailwindcss/oxide-linux-arm-gnueabihf': [ '4.1.16' ],
2462 silly audit   '@tailwindcss/oxide-linux-arm64-gnu': [ '4.1.16' ],
2462 silly audit   '@tailwindcss/oxide-linux-arm64-musl': [ '4.1.16' ],
2462 silly audit   '@tailwindcss/oxide-linux-x64-gnu': [ '4.1.16' ],
2462 silly audit   '@tailwindcss/oxide-linux-x64-musl': [ '4.1.16' ],
2462 silly audit   '@tailwindcss/oxide-win32-arm64-msvc': [ '4.1.16' ],
2462 silly audit   '@tailwindcss/oxide-win32-x64-msvc': [ '4.1.16' ],
2462 silly audit   'undici-types': [ '6.21.0' ],
2462 silly audit   csstype: [ '3.1.3' ],
2462 silly audit   'graceful-fs': [ '4.2.11' ],
2462 silly audit   tapable: [ '2.3.0' ],
2462 silly audit   '@eslint-community/eslint-utils': [ '4.9.0' ],
2462 silly audit   '@eslint-community/regexpp': [ '4.12.2' ],
2462 silly audit   '@eslint/config-array': [ '0.21.1' ],
2462 silly audit   '@eslint/config-helpers': [ '0.4.2' ],
2462 silly audit   '@eslint/core': [ '0.16.0', '0.17.0' ],
2462 silly audit   '@eslint/eslintrc': [ '3.3.1' ],
2462 silly audit   '@eslint/js': [ '9.38.0' ],
2462 silly audit   '@eslint/plugin-kit': [ '0.4.1' ],
2462 silly audit   '@humanfs/node': [ '0.16.7' ],
2462 silly audit   '@humanwhocodes/module-importer': [ '1.0.1' ],
2462 silly audit   '@humanwhocodes/retry': [ '0.4.3' ],
2462 silly audit   '@types/estree': [ '1.0.8' ],
2462 silly audit   ajv: [ '6.12.6' ],
2462 silly audit   chalk: [ '4.1.2' ],
2462 silly audit   'cross-spawn': [ '7.0.6' ],
2462 silly audit   debug: [ '4.4.3', '3.2.7' ],
2462 silly audit   'escape-string-regexp': [ '4.0.0' ],
2462 silly audit   'eslint-scope': [ '8.4.0' ],
2462 silly audit   'eslint-visitor-keys': [ '4.2.1', '3.4.3' ],
2462 silly audit   espree: [ '10.4.0' ],
2462 silly audit   esquery: [ '1.6.0' ],
2462 silly audit   esutils: [ '2.0.3' ],
2462 silly audit   'fast-deep-equal': [ '3.1.3' ],
2462 silly audit   'file-entry-cache': [ '8.0.0' ],
2462 silly audit   'find-up': [ '5.0.0' ],
2462 silly audit   'glob-parent': [ '6.0.2', '5.1.2' ],
2462 silly audit   ignore: [ '5.3.2', '7.0.5' ],
2462 silly audit   imurmurhash: [ '0.1.4' ],
2462 silly audit   'is-glob': [ '4.0.3' ],
2462 silly audit   'json-stable-stringify-without-jsonify': [ '1.0.1' ],
2462 silly audit   'lodash.merge': [ '4.6.2' ],
2462 silly audit   minimatch: [ '3.1.2', '9.0.5' ],
2462 silly audit   'natural-compare': [ '1.4.0' ],
2462 silly audit   optionator: [ '0.9.4' ],
2462 silly audit   '@eslint/object-schema': [ '2.1.7' ],
2462 silly audit   '@types/json-schema': [ '7.0.15' ],
2462 silly audit   globals: [ '14.0.0', '16.4.0' ],
2462 silly audit   'import-fresh': [ '3.3.1' ],
2462 silly audit   'js-yaml': [ '4.1.0' ],
2462 silly audit   'strip-json-comments': [ '3.1.1' ],
2462 silly audit   levn: [ '0.4.1' ],
2462 silly audit   '@humanfs/core': [ '0.19.1' ],
2462 silly audit   'fast-json-stable-stringify': [ '2.1.0' ],
2462 silly audit   'json-schema-traverse': [ '0.4.1' ],
2462 silly audit   'uri-js': [ '4.4.1' ],
2462 silly audit   'ansi-styles': [ '4.3.0' ],
2462 silly audit   'supports-color': [ '7.2.0' ],
2462 silly audit   'color-convert': [ '2.0.1' ],
2462 silly audit   'color-name': [ '1.1.4' ],
2462 silly audit   'path-key': [ '3.1.1' ],
2462 silly audit   'shebang-command': [ '2.0.0' ],
2462 silly audit   which: [ '2.0.2' ],
2462 silly audit   ms: [ '2.1.3' ],
2462 silly audit   '@next/eslint-plugin-next': [ '16.0.1' ],
2462 silly audit   'eslint-import-resolver-node': [ '0.3.9' ],
2462 silly audit   'eslint-import-resolver-typescript': [ '3.10.1' ],
2462 silly audit   'eslint-plugin-import': [ '2.32.0' ],
2462 silly audit   'eslint-plugin-jsx-a11y': [ '6.10.2' ],
2462 silly audit   'eslint-plugin-react': [ '7.37.5' ],
2462 silly audit   'eslint-plugin-react-hooks': [ '7.0.1' ],
2462 silly audit   'typescript-eslint': [ '8.46.2' ],
2462 silly audit   'fast-glob': [ '3.3.1', '3.3.3' ],
2462 silly audit   'is-core-module': [ '2.16.1' ],
2462 silly audit   resolve: [ '1.22.11', '2.0.0-next.5' ],
2462 silly audit   '@nolyfill/is-core-module': [ '1.0.39' ],
2462 silly audit   'get-tsconfig': [ '4.13.0' ],
2462 silly audit   'is-bun-module': [ '2.0.0' ],
2462 silly audit   'stable-hash': [ '0.0.5' ],
2462 silly audit   tinyglobby: [ '0.2.15' ],
2462 silly audit   'unrs-resolver': [ '1.11.1' ],
2462 silly audit   '@rtsao/scc': [ '1.1.0' ],
2462 silly audit   'array-includes': [ '3.1.9' ],
2462 silly audit   'array.prototype.findlastindex': [ '1.2.6' ],
2462 silly audit   'array.prototype.flat': [ '1.3.3' ],
2462 silly audit   'array.prototype.flatmap': [ '1.3.3' ],
2462 silly audit   doctrine: [ '2.1.0' ],
2462 silly audit   'eslint-module-utils': [ '2.12.1' ],
2462 silly audit   hasown: [ '2.0.2' ],
2462 silly audit   'object.fromentries': [ '2.0.8' ],
2462 silly audit   'object.groupby': [ '1.0.3' ],
2462 silly audit   'object.values': [ '1.2.1' ],
2462 silly audit   semver: [ '6.3.1', '7.7.3' ],
2462 silly audit   'string.prototype.trimend': [ '1.0.9' ],
2462 silly audit   'tsconfig-paths': [ '3.15.0' ],
2462 silly audit   'call-bind': [ '1.0.8' ],
2462 silly audit   'call-bound': [ '1.0.4' ],
2462 silly audit   'define-properties': [ '1.2.1' ],
2462 silly audit   'es-abstract': [ '1.24.0' ],
2462 silly audit   'es-object-atoms': [ '1.1.1' ],
2462 silly audit   'get-intrinsic': [ '1.3.0' ],
2462 silly audit   'is-string': [ '1.1.1' ],
2462 silly audit   'math-intrinsics': [ '1.1.0' ],
2462 silly audit   'es-errors': [ '1.3.0' ],
2462 silly audit   'es-shim-unscopables': [ '1.1.0' ],
2462 silly audit   'call-bind-apply-helpers': [ '1.0.2' ],
2462 silly audit   'es-define-property': [ '1.0.1' ],
2462 silly audit   'set-function-length': [ '1.2.2' ],
2462 silly audit   'function-bind': [ '1.1.2' ],
2462 silly audit   'define-data-property': [ '1.1.4' ],
2462 silly audit   'has-property-descriptors': [ '1.0.2' ],
2462 silly audit   'object-keys': [ '1.1.1' ],
2462 silly audit   gopd: [ '1.2.0' ],
2462 silly audit   'array-buffer-byte-length': [ '1.0.2' ],
2462 silly audit   'arraybuffer.prototype.slice': [ '1.0.4' ],
2462 silly audit   'available-typed-arrays': [ '1.0.7' ],
2462 silly audit   'data-view-buffer': [ '1.0.2' ],
2462 silly audit   'data-view-byte-length': [ '1.0.2' ],
2462 silly audit   'data-view-byte-offset': [ '1.0.1' ],
2462 silly audit   'es-set-tostringtag': [ '2.1.0' ],
2462 silly audit   'es-to-primitive': [ '1.3.0' ],
2462 silly audit   'function.prototype.name': [ '1.1.8' ],
2462 silly audit   'get-proto': [ '1.0.1' ],
2462 silly audit   'get-symbol-description': [ '1.1.0' ],
2462 silly audit   globalthis: [ '1.0.4' ],
2462 silly audit   'has-proto': [ '1.2.0' ],
2462 silly audit   'has-symbols': [ '1.1.0' ],
2462 silly audit   'internal-slot': [ '1.1.0' ],
2462 silly audit   'is-array-buffer': [ '3.0.5' ],
2462 silly audit   'is-callable': [ '1.2.7' ],
2462 silly audit   'is-data-view': [ '1.0.2' ],
2462 silly audit   'is-negative-zero': [ '2.0.3' ],
2462 silly audit   'is-regex': [ '1.2.1' ],
2462 silly audit   'is-set': [ '2.0.3' ],
2462 silly audit   'is-shared-array-buffer': [ '1.0.4' ],
2462 silly audit   'is-typed-array': [ '1.1.15' ],
2462 silly audit   'is-weakref': [ '1.1.1' ],
2462 silly audit   'object-inspect': [ '1.13.4' ],
2462 silly audit   'object.assign': [ '4.1.7' ],
2462 silly audit   'own-keys': [ '1.0.1' ],
2462 silly audit   'regexp.prototype.flags': [ '1.5.4' ],
2462 silly audit   'safe-array-concat': [ '1.1.3' ],
2462 silly audit   'safe-push-apply': [ '1.0.0' ],
2462 silly audit   'safe-regex-test': [ '1.1.0' ],
2462 silly audit   'set-proto': [ '1.0.0' ],
2462 silly audit   'stop-iteration-iterator': [ '1.1.0' ],
2462 silly audit   'string.prototype.trim': [ '1.2.10' ],
2462 silly audit   'string.prototype.trimstart': [ '1.0.8' ],
2462 silly audit   'typed-array-buffer': [ '1.0.3' ],
2462 silly audit   'typed-array-byte-length': [ '1.0.3' ],
2462 silly audit   'typed-array-byte-offset': [ '1.0.4' ],
2462 silly audit   'typed-array-length': [ '1.0.7' ],
2462 silly audit   'unbox-primitive': [ '1.1.0' ],
2462 silly audit   'which-typed-array': [ '1.1.19' ],
2462 silly audit   'possible-typed-array-names': [ '1.1.0' ],
2462 silly audit   'has-tostringtag': [ '1.0.2' ],
2462 silly audit   'is-date-object': [ '1.1.0' ],
2462 silly audit   'is-symbol': [ '1.1.1' ],
2462 silly audit   'aria-query': [ '5.3.2' ],
2462 silly audit   'ast-types-flow': [ '0.0.8' ],
2462 silly audit   'axe-core': [ '4.11.0' ],
2462 silly audit   'axobject-query': [ '4.1.0' ],
2462 silly audit   'damerau-levenshtein': [ '1.0.8' ],
2462 silly audit   'emoji-regex': [ '9.2.2' ],
2462 silly audit   'jsx-ast-utils': [ '3.3.5' ],
2462 silly audit   'language-tags': [ '1.0.9' ],
2462 silly audit   'string.prototype.includes': [ '2.0.1' ],
2462 silly audit   'array.prototype.findlast': [ '1.2.5' ],
2462 silly audit   'array.prototype.tosorted': [ '1.1.4' ],
2462 silly audit   'es-iterator-helpers': [ '1.2.1' ],
2462 silly audit   estraverse: [ '5.3.0' ],
2462 silly audit   'object.entries': [ '1.1.9' ],
2462 silly audit   'prop-types': [ '15.8.1' ],
2462 silly audit   'string.prototype.matchall': [ '4.0.12' ],
2462 silly audit   'string.prototype.repeat': [ '1.0.0' ],
2462 silly audit   'iterator.prototype': [ '1.1.5' ],
2462 silly audit   '@babel/core': [ '7.28.5' ],
2462 silly audit   '@babel/parser': [ '7.28.5' ],
2462 silly audit   'hermes-parser': [ '0.25.1' ],
2462 silly audit   zod: [ '4.1.12' ],
2462 silly audit   'zod-validation-error': [ '4.0.2' ],
2462 silly audit   '@babel/code-frame': [ '7.27.1' ],
2462 silly audit   '@babel/generator': [ '7.28.5' ],
2462 silly audit   '@babel/helper-compilation-targets': [ '7.27.2' ],
2462 silly audit   '@babel/helper-module-transforms': [ '7.28.3' ],
2462 silly audit   '@babel/helpers': [ '7.28.4' ],
2462 silly audit   '@babel/template': [ '7.27.2' ],
2462 silly audit   '@babel/traverse': [ '7.28.5' ],
2462 silly audit   '@babel/types': [ '7.28.5' ],
2462 silly audit   'convert-source-map': [ '2.0.0' ],
2462 silly audit   gensync: [ '1.0.0-beta.2' ],
2462 silly audit   json5: [ '2.2.3', '1.0.2' ],
2462 silly audit   '@babel/helper-validator-identifier': [ '7.28.5' ],
2462 silly audit   'js-tokens': [ '4.0.0' ],
2462 silly audit   picocolors: [ '1.1.1' ],
2462 silly audit   jsesc: [ '3.1.0' ],
2462 silly audit   '@babel/compat-data': [ '7.28.5' ],
2462 silly audit   '@babel/helper-validator-option': [ '7.27.1' ],
2462 silly audit   browserslist: [ '4.27.0' ],
2462 silly audit   'lru-cache': [ '5.1.1' ],
2462 silly audit   '@babel/helper-module-imports': [ '7.27.1' ],
2462 silly audit   '@babel/helper-globals': [ '7.28.0' ],
2462 silly audit   '@babel/helper-string-parser': [ '7.27.1' ],
2462 silly audit   'baseline-browser-mapping': [ '2.8.21' ],
2462 silly audit   'caniuse-lite': [ '1.0.30001751' ],
2462 silly audit   'electron-to-chromium': [ '1.5.244' ],
2462 silly audit   'node-releases': [ '2.0.27' ],
2462 silly audit   'update-browserslist-db': [ '1.1.4' ],
2462 silly audit   esrecurse: [ '4.3.0' ],
2462 silly audit   acorn: [ '8.15.0' ],
2462 silly audit   'acorn-jsx': [ '5.3.2' ],
2462 silly audit   '@nodelib/fs.stat': [ '2.0.5' ],
2462 silly audit   '@nodelib/fs.walk': [ '1.2.8' ],
2462 silly audit   merge2: [ '1.4.1' ],
2462 silly audit   micromatch: [ '4.0.8' ],
2462 silly audit   '@nodelib/fs.scandir': [ '2.1.5' ],
2462 silly audit   fastq: [ '1.19.1' ],
2462 silly audit   'run-parallel': [ '1.2.0' ],
2462 silly audit   reusify: [ '1.1.0' ],
2462 silly audit   'flat-cache': [ '4.0.1' ],
2462 silly audit   'locate-path': [ '6.0.0' ],
2462 silly audit   'path-exists': [ '4.0.0' ],
2462 silly audit   flatted: [ '3.3.3' ],
2462 silly audit   keyv: [ '4.5.4' ],
2462 silly audit   'functions-have-names': [ '1.2.3' ],
2462 silly audit   'dunder-proto': [ '1.0.1' ],
2462 silly audit   'resolve-pkg-maps': [ '1.0.0' ],
2462 silly audit   'hermes-estree': [ '0.25.1' ],
2462 silly audit   'parent-module': [ '1.0.1' ],
2462 silly audit   'resolve-from': [ '4.0.0' ],
2462 silly audit   'side-channel': [ '1.1.0' ],
2462 silly audit   'is-extglob': [ '2.1.1' ],
2462 silly audit   'set-function-name': [ '2.0.2' ],
2462 silly audit   argparse: [ '2.0.1' ],
2462 silly audit   'json-buffer': [ '3.0.1' ],
2462 silly audit   'language-subtag-registry': [ '0.3.23' ],
2462 silly audit   'prelude-ls': [ '1.2.1' ],
2462 silly audit   'type-check': [ '0.4.0' ],
2462 silly audit   'detect-libc': [ '2.1.2' ],
2462 silly audit   'lightningcss-android-arm64': [ '1.30.2' ],
2462 silly audit   'lightningcss-darwin-arm64': [ '1.30.2' ],
2462 silly audit   'lightningcss-darwin-x64': [ '1.30.2' ],
2462 silly audit   'lightningcss-freebsd-x64': [ '1.30.2' ],
2462 silly audit   'lightningcss-linux-arm-gnueabihf': [ '1.30.2' ],
2462 silly audit   'lightningcss-linux-arm64-gnu': [ '1.30.2' ],
2462 silly audit   'lightningcss-linux-arm64-musl': [ '1.30.2' ],
2462 silly audit   'lightningcss-linux-x64-gnu': [ '1.30.2' ],
2462 silly audit   'lightningcss-linux-x64-musl': [ '1.30.2' ],
2462 silly audit   'lightningcss-win32-arm64-msvc': [ '1.30.2' ],
2462 silly audit   'lightningcss-win32-x64-msvc': [ '1.30.2' ],
2462 silly audit   'p-locate': [ '5.0.0' ],
2462 silly audit   yallist: [ '3.1.1' ],
2462 silly audit   braces: [ '3.0.3' ],
2462 silly audit   picomatch: [ '2.3.1', '4.0.3' ],
2462 silly audit   'fill-range': [ '7.1.1' ],
2462 silly audit   'to-regex-range': [ '5.0.1' ],
2462 silly audit   'brace-expansion': [ '1.1.12', '2.0.2' ],
2462 silly audit   'balanced-match': [ '1.0.2' ],
2462 silly audit   'concat-map': [ '0.0.1' ],
2462 silly audit   '@next/env': [ '16.0.1' ],
2462 silly audit   '@next/swc-darwin-arm64': [ '16.0.1' ],
2462 silly audit   '@next/swc-darwin-x64': [ '16.0.1' ],
2462 silly audit   '@next/swc-linux-arm64-gnu': [ '16.0.1' ],
2462 silly audit   '@next/swc-linux-arm64-musl': [ '16.0.1' ],
2462 silly audit   '@next/swc-linux-x64-gnu': [ '16.0.1' ],
2462 silly audit   '@next/swc-linux-x64-musl': [ '16.0.1' ],
2462 silly audit   '@next/swc-win32-arm64-msvc': [ '16.0.1' ],
2462 silly audit   '@next/swc-win32-x64-msvc': [ '16.0.1' ],
2462 silly audit   '@swc/helpers': [ '0.5.15' ],
2462 silly audit   sharp: [ '0.34.4' ],
2462 silly audit   'styled-jsx': [ '5.1.6' ],
2462 silly audit   tslib: [ '2.8.1' ],
2462 silly audit   'deep-is': [ '0.1.4' ],
2462 silly audit   'fast-levenshtein': [ '2.0.6' ],
2462 silly audit   'word-wrap': [ '1.2.5' ],
2462 silly audit   'p-limit': [ '3.1.0' ],
2462 silly audit   'yocto-queue': [ '0.1.0' ],
2462 silly audit   callsites: [ '3.1.0' ],
2462 silly audit   nanoid: [ '3.3.11' ],
2462 silly audit   'loose-envify': [ '1.4.0' ],
2462 silly audit   'object-assign': [ '4.1.1' ],
2462 silly audit   'react-is': [ '16.13.1' ],
2462 silly audit   scheduler: [ '0.27.0' ],
2462 silly audit   'path-parse': [ '1.0.7' ],
2462 silly audit   'supports-preserve-symlinks-flag': [ '1.0.0' ],
2462 silly audit   'queue-microtask': [ '1.2.3' ],
2462 silly audit   isarray: [ '2.0.5' ],
2462 silly audit   '@img/colour': [ '1.0.0' ],
2462 silly audit   '@img/sharp-darwin-arm64': [ '0.34.4' ],
2462 silly audit   '@img/sharp-darwin-x64': [ '0.34.4' ],
2462 silly audit   '@img/sharp-libvips-darwin-arm64': [ '1.2.3' ],
2462 silly audit   '@img/sharp-libvips-darwin-x64': [ '1.2.3' ],
2462 silly audit   '@img/sharp-libvips-linux-arm': [ '1.2.3' ],
2462 silly audit   '@img/sharp-libvips-linux-arm64': [ '1.2.3' ],
2462 silly audit   '@img/sharp-libvips-linux-ppc64': [ '1.2.3' ],
2462 silly audit   '@img/sharp-libvips-linux-s390x': [ '1.2.3' ],
2462 silly audit   '@img/sharp-libvips-linux-x64': [ '1.2.3' ],
2462 silly audit   '@img/sharp-libvips-linuxmusl-arm64': [ '1.2.3' ],
2462 silly audit   '@img/sharp-libvips-linuxmusl-x64': [ '1.2.3' ],
2462 silly audit   '@img/sharp-linux-arm': [ '0.34.4' ],
2462 silly audit   '@img/sharp-linux-arm64': [ '0.34.4' ],
2462 silly audit   '@img/sharp-linux-ppc64': [ '0.34.4' ],
2462 silly audit   '@img/sharp-linux-s390x': [ '0.34.4' ],
2462 silly audit   '@img/sharp-linux-x64': [ '0.34.4' ],
2462 silly audit   '@img/sharp-linuxmusl-arm64': [ '0.34.4' ],
2462 silly audit   '@img/sharp-linuxmusl-x64': [ '0.34.4' ],
2462 silly audit   '@img/sharp-wasm32': [ '0.34.4' ],
2462 silly audit   '@img/sharp-win32-arm64': [ '0.34.4' ],
2462 silly audit   '@img/sharp-win32-ia32': [ '0.34.4' ],
2462 silly audit   '@img/sharp-win32-x64': [ '0.34.4' ],
2462 silly audit   '@emnapi/runtime': [ '1.6.0' ],
2462 silly audit   'shebang-regex': [ '3.0.0' ],
2462 silly audit   'side-channel-list': [ '1.0.0' ],
2462 silly audit   'side-channel-map': [ '1.0.1' ],
2462 silly audit   'side-channel-weakmap': [ '1.0.2' ],
2462 silly audit   'client-only': [ '0.0.1' ],
2462 silly audit   'has-flag': [ '4.0.0' ],
2462 silly audit   fdir: [ '6.5.0' ],
2462 silly audit   'is-number': [ '7.0.0' ],
2462 silly audit   '@types/json5': [ '0.0.29' ],
2462 silly audit   minimist: [ '1.2.8' ],
2462 silly audit   'strip-bom': [ '3.0.0' ],
2462 silly audit   'for-each': [ '0.3.5' ],
2462 silly audit   'reflect.getprototypeof': [ '1.0.10' ],
2462 silly audit   'which-builtin-type': [ '1.2.1' ],
2462 silly audit   '@typescript-eslint/eslint-plugin': [ '8.46.2' ],
2462 silly audit   '@typescript-eslint/parser': [ '8.46.2' ],
2462 silly audit   '@typescript-eslint/typescript-estree': [ '8.46.2' ],
2462 silly audit   '@typescript-eslint/utils': [ '8.46.2' ],
2462 silly audit   '@typescript-eslint/scope-manager': [ '8.46.2' ],
2462 silly audit   '@typescript-eslint/type-utils': [ '8.46.2' ],
2462 silly audit   '@typescript-eslint/visitor-keys': [ '8.46.2' ],
2462 silly audit   graphemer: [ '1.4.0' ],
2462 silly audit   'ts-api-utils': [ '2.1.0' ],
2462 silly audit   '@typescript-eslint/types': [ '8.46.2' ],
2462 silly audit   '@typescript-eslint/project-service': [ '8.46.2' ],
2462 silly audit   '@typescript-eslint/tsconfig-utils': [ '8.46.2' ],
2462 silly audit   'has-bigints': [ '1.1.0' ],
2462 silly audit   'which-boxed-primitive': [ '1.1.1' ],
2462 silly audit   '@unrs/resolver-binding-android-arm-eabi': [ '1.11.1' ],
2462 silly audit   '@unrs/resolver-binding-android-arm64': [ '1.11.1' ],
2462 silly audit   '@unrs/resolver-binding-darwin-arm64': [ '1.11.1' ],
2462 silly audit   '@unrs/resolver-binding-darwin-x64': [ '1.11.1' ],
2462 silly audit   '@unrs/resolver-binding-freebsd-x64': [ '1.11.1' ],
2462 silly audit   '@unrs/resolver-binding-linux-arm-gnueabihf': [ '1.11.1' ],
2462 silly audit   '@unrs/resolver-binding-linux-arm-musleabihf': [ '1.11.1' ],
2462 silly audit   '@unrs/resolver-binding-linux-arm64-gnu': [ '1.11.1' ],
2462 silly audit   '@unrs/resolver-binding-linux-arm64-musl': [ '1.11.1' ],
2462 silly audit   '@unrs/resolver-binding-linux-ppc64-gnu': [ '1.11.1' ],
2462 silly audit   '@unrs/resolver-binding-linux-riscv64-gnu': [ '1.11.1' ],
2462 silly audit   '@unrs/resolver-binding-linux-riscv64-musl': [ '1.11.1' ],
2462 silly audit   '@unrs/resolver-binding-linux-s390x-gnu': [ '1.11.1' ],
2462 silly audit   '@unrs/resolver-binding-linux-x64-gnu': [ '1.11.1' ],
2462 silly audit   '@unrs/resolver-binding-linux-x64-musl': [ '1.11.1' ],
2462 silly audit   '@unrs/resolver-binding-wasm32-wasi': [ '1.11.1' ],
2462 silly audit   '@unrs/resolver-binding-win32-arm64-msvc': [ '1.11.1' ],
2462 silly audit   '@unrs/resolver-binding-win32-ia32-msvc': [ '1.11.1' ],
2462 silly audit   '@unrs/resolver-binding-win32-x64-msvc': [ '1.11.1' ],
2462 silly audit   'napi-postinstall': [ '0.3.4' ],
2462 silly audit   '@napi-rs/wasm-runtime': [ '0.2.12' ],
2462 silly audit   '@emnapi/core': [ '1.6.0' ],
2462 silly audit   '@tybys/wasm-util': [ '0.10.1' ],
2462 silly audit   '@emnapi/wasi-threads': [ '1.1.0' ],
2462 silly audit   escalade: [ '3.2.0' ],
2462 silly audit   punycode: [ '2.3.1' ],
2462 silly audit   isexe: [ '2.0.0' ],
2462 silly audit   'is-bigint': [ '1.1.0' ],
2462 silly audit   'is-boolean-object': [ '1.2.2' ],
2462 silly audit   'is-number-object': [ '1.1.1' ],
2462 silly audit   'is-async-function': [ '2.1.1' ],
2462 silly audit   'is-finalizationregistry': [ '1.1.1' ],
2462 silly audit   'is-generator-function': [ '1.1.2' ],
2462 silly audit   'which-collection': [ '1.0.2' ],
2462 silly audit   'async-function': [ '1.0.0' ],
2462 silly audit   'generator-function': [ '2.0.1' ],
2462 silly audit   'is-map': [ '2.0.3' ],
2462 silly audit   'is-weakmap': [ '2.0.2' ],
2462 silly audit   'is-weakset': [ '2.0.4' ],
2462 silly audit   '@tailwindcss/oxide-wasm32-wasi': [ '4.1.16' ]
2462 silly audit }
2463 verbose reify failed optional dependency /Users/keremkirici/Projects/NextJS/portfolio-website/temp/node_modules/@unrs/resolver-binding-win32-x64-msvc
2464 silly reify mark deleted [
2464 silly reify   '/Users/keremkirici/Projects/NextJS/portfolio-website/temp/node_modules/@unrs/resolver-binding-win32-x64-msvc'
2464 silly reify ]
2465 verbose reify failed optional dependency /Users/keremkirici/Projects/NextJS/portfolio-website/temp/node_modules/@unrs/resolver-binding-win32-ia32-msvc
2466 silly reify mark deleted [
2466 silly reify   '/Users/keremkirici/Projects/NextJS/portfolio-website/temp/node_modules/@unrs/resolver-binding-win32-ia32-msvc'
2466 silly reify ]
2467 verbose reify failed optional dependency /Users/keremkirici/Projects/NextJS/portfolio-website/temp/node_modules/@unrs/resolver-binding-win32-arm64-msvc
2468 silly reify mark deleted [
2468 silly reify   '/Users/keremkirici/Projects/NextJS/portfolio-website/temp/node_modules/@unrs/resolver-binding-win32-arm64-msvc'
2468 silly reify ]
2469 verbose reify failed optional dependency /Users/keremkirici/Projects/NextJS/portfolio-website/temp/node_modules/@unrs/resolver-binding-wasm32-wasi
2470 silly reify mark deleted [
2470 silly reify   '/Users/keremkirici/Projects/NextJS/portfolio-website/temp/node_modules/@unrs/resolver-binding-wasm32-wasi'
2470 silly reify ]
2471 verbose reify failed optional dependency /Users/keremkirici/Projects/NextJS/portfolio-website/temp/node_modules/@unrs/resolver-binding-linux-x64-musl
2472 silly reify mark deleted [
2472 silly reify   '/Users/keremkirici/Projects/NextJS/portfolio-website/temp/node_modules/@unrs/resolver-binding-linux-x64-musl'
2472 silly reify ]
2473 verbose reify failed optional dependency /Users/keremkirici/Projects/NextJS/portfolio-website/temp/node_modules/@unrs/resolver-binding-linux-x64-gnu
2474 silly reify mark deleted [
2474 silly reify   '/Users/keremkirici/Projects/NextJS/portfolio-website/temp/node_modules/@unrs/resolver-binding-linux-x64-gnu'
2474 silly reify ]
2475 verbose reify failed optional dependency /Users/keremkirici/Projects/NextJS/portfolio-website/temp/node_modules/@unrs/resolver-binding-linux-s390x-gnu
2476 silly reify mark deleted [
2476 silly reify   '/Users/keremkirici/Projects/NextJS/portfolio-website/temp/node_modules/@unrs/resolver-binding-linux-s390x-gnu'
2476 silly reify ]
2477 verbose reify failed optional dependency /Users/keremkirici/Projects/NextJS/portfolio-website/temp/node_modules/@unrs/resolver-binding-linux-riscv64-musl
2478 silly reify mark deleted [
2478 silly reify   '/Users/keremkirici/Projects/NextJS/portfolio-website/temp/node_modules/@unrs/resolver-binding-linux-riscv64-musl'
2478 silly reify ]
2479 verbose reify failed optional dependency /Users/keremkirici/Projects/NextJS/portfolio-website/temp/node_modules/@unrs/resolver-binding-linux-riscv64-gnu
2480 silly reify mark deleted [
2480 silly reify   '/Users/keremkirici/Projects/NextJS/portfolio-website/temp/node_modules/@unrs/resolver-binding-linux-riscv64-gnu'
2480 silly reify ]
2481 verbose reify failed optional dependency /Users/keremkirici/Projects/NextJS/portfolio-website/temp/node_modules/@unrs/resolver-binding-linux-ppc64-gnu
2482 silly reify mark deleted [
2482 silly reify   '/Users/keremkirici/Projects/NextJS/portfolio-website/temp/node_modules/@unrs/resolver-binding-linux-ppc64-gnu'
2482 silly reify ]
2483 verbose reify failed optional dependency /Users/keremkirici/Projects/NextJS/portfolio-website/temp/node_modules/@unrs/resolver-binding-linux-arm64-musl
2484 silly reify mark deleted [
2484 silly reify   '/Users/keremkirici/Projects/NextJS/portfolio-website/temp/node_modules/@unrs/resolver-binding-linux-arm64-musl'
2484 silly reify ]
2485 verbose reify failed optional dependency /Users/keremkirici/Projects/NextJS/portfolio-website/temp/node_modules/@unrs/resolver-binding-linux-arm64-gnu
2486 silly reify mark deleted [
2486 silly reify   '/Users/keremkirici/Projects/NextJS/portfolio-website/temp/node_modules/@unrs/resolver-binding-linux-arm64-gnu'
2486 silly reify ]
2487 verbose reify failed optional dependency /Users/keremkirici/Projects/NextJS/portfolio-website/temp/node_modules/@unrs/resolver-binding-linux-arm-musleabihf
2488 silly reify mark deleted [
2488 silly reify   '/Users/keremkirici/Projects/NextJS/portfolio-website/temp/node_modules/@unrs/resolver-binding-linux-arm-musleabihf'
2488 silly reify ]
2489 verbose reify failed optional dependency /Users/keremkirici/Projects/NextJS/portfolio-website/temp/node_modules/@unrs/resolver-binding-linux-arm-gnueabihf
2490 silly reify mark deleted [
2490 silly reify   '/Users/keremkirici/Projects/NextJS/portfolio-website/temp/node_modules/@unrs/resolver-binding-linux-arm-gnueabihf'
2490 silly reify ]
2491 verbose reify failed optional dependency /Users/keremkirici/Projects/NextJS/portfolio-website/temp/node_modules/@unrs/resolver-binding-freebsd-x64
2492 silly reify mark deleted [
2492 silly reify   '/Users/keremkirici/Projects/NextJS/portfolio-website/temp/node_modules/@unrs/resolver-binding-freebsd-x64'
2492 silly reify ]
2493 verbose reify failed optional dependency /Users/keremkirici/Projects/NextJS/portfolio-website/temp/node_modules/@unrs/resolver-binding-darwin-x64
2494 silly reify mark deleted [
2494 silly reify   '/Users/keremkirici/Projects/NextJS/portfolio-website/temp/node_modules/@unrs/resolver-binding-darwin-x64'
2494 silly reify ]
2495 verbose reify failed optional dependency /Users/keremkirici/Projects/NextJS/portfolio-website/temp/node_modules/@unrs/resolver-binding-android-arm64
2496 silly reify mark deleted [
2496 silly reify   '/Users/keremkirici/Projects/NextJS/portfolio-website/temp/node_modules/@unrs/resolver-binding-android-arm64'
2496 silly reify ]
2497 verbose reify failed optional dependency /Users/keremkirici/Projects/NextJS/portfolio-website/temp/node_modules/@unrs/resolver-binding-android-arm-eabi
2498 silly reify mark deleted [
2498 silly reify   '/Users/keremkirici/Projects/NextJS/portfolio-website/temp/node_modules/@unrs/resolver-binding-android-arm-eabi'
2498 silly reify ]
2499 verbose reify failed optional dependency /Users/keremkirici/Projects/NextJS/portfolio-website/temp/node_modules/@img/sharp-win32-x64
2500 silly reify mark deleted [
2500 silly reify   '/Users/keremkirici/Projects/NextJS/portfolio-website/temp/node_modules/@img/sharp-win32-x64'
2500 silly reify ]
2501 verbose reify failed optional dependency /Users/keremkirici/Projects/NextJS/portfolio-website/temp/node_modules/@img/sharp-win32-ia32
2502 silly reify mark deleted [
2502 silly reify   '/Users/keremkirici/Projects/NextJS/portfolio-website/temp/node_modules/@img/sharp-win32-ia32'
2502 silly reify ]
2503 verbose reify failed optional dependency /Users/keremkirici/Projects/NextJS/portfolio-website/temp/node_modules/@img/sharp-win32-arm64
2504 silly reify mark deleted [
2504 silly reify   '/Users/keremkirici/Projects/NextJS/portfolio-website/temp/node_modules/@img/sharp-win32-arm64'
2504 silly reify ]
2505 verbose reify failed optional dependency /Users/keremkirici/Projects/NextJS/portfolio-website/temp/node_modules/@img/sharp-wasm32
2506 silly reify mark deleted [
2506 silly reify   '/Users/keremkirici/Projects/NextJS/portfolio-website/temp/node_modules/@img/sharp-wasm32'
2506 silly reify ]
2507 verbose reify failed optional dependency /Users/keremkirici/Projects/NextJS/portfolio-website/temp/node_modules/@img/sharp-linuxmusl-x64
2508 silly reify mark deleted [
2508 silly reify   '/Users/keremkirici/Projects/NextJS/portfolio-website/temp/node_modules/@img/sharp-linuxmusl-x64'
2508 silly reify ]
2509 verbose reify failed optional dependency /Users/keremkirici/Projects/NextJS/portfolio-website/temp/node_modules/@img/sharp-linuxmusl-arm64
2510 silly reify mark deleted [
2510 silly reify   '/Users/keremkirici/Projects/NextJS/portfolio-website/temp/node_modules/@img/sharp-linuxmusl-arm64'
2510 silly reify ]
2511 verbose reify failed optional dependency /Users/keremkirici/Projects/NextJS/portfolio-website/temp/node_modules/@img/sharp-linux-x64
2512 silly reify mark deleted [
2512 silly reify   '/Users/keremkirici/Projects/NextJS/portfolio-website/temp/node_modules/@img/sharp-linux-x64'
2512 silly reify ]
2513 verbose reify failed optional dependency /Users/keremkirici/Projects/NextJS/portfolio-website/temp/node_modules/@img/sharp-linux-s390x
2514 silly reify mark deleted [
2514 silly reify   '/Users/keremkirici/Projects/NextJS/portfolio-website/temp/node_modules/@img/sharp-linux-s390x'
2514 silly reify ]
2515 verbose reify failed optional dependency /Users/keremkirici/Projects/NextJS/portfolio-website/temp/node_modules/@img/sharp-linux-ppc64
2516 silly reify mark deleted [
2516 silly reify   '/Users/keremkirici/Projects/NextJS/portfolio-website/temp/node_modules/@img/sharp-linux-ppc64'
2516 silly reify ]
2517 verbose reify failed optional dependency /Users/keremkirici/Projects/NextJS/portfolio-website/temp/node_modules/@img/sharp-linux-arm64
2518 silly reify mark deleted [
2518 silly reify   '/Users/keremkirici/Projects/NextJS/portfolio-website/temp/node_modules/@img/sharp-linux-arm64'
2518 silly reify ]
2519 verbose reify failed optional dependency /Users/keremkirici/Projects/NextJS/portfolio-website/temp/node_modules/@img/sharp-linux-arm
2520 silly reify mark deleted [
2520 silly reify   '/Users/keremkirici/Projects/NextJS/portfolio-website/temp/node_modules/@img/sharp-linux-arm'
2520 silly reify ]
2521 verbose reify failed optional dependency /Users/keremkirici/Projects/NextJS/portfolio-website/temp/node_modules/@img/sharp-libvips-linuxmusl-x64
2522 silly reify mark deleted [
2522 silly reify   '/Users/keremkirici/Projects/NextJS/portfolio-website/temp/node_modules/@img/sharp-libvips-linuxmusl-x64'
2522 silly reify ]
2523 verbose reify failed optional dependency /Users/keremkirici/Projects/NextJS/portfolio-website/temp/node_modules/@img/sharp-libvips-linuxmusl-arm64
2524 silly reify mark deleted [
2524 silly reify   '/Users/keremkirici/Projects/NextJS/portfolio-website/temp/node_modules/@img/sharp-libvips-linuxmusl-arm64'
2524 silly reify ]
2525 verbose reify failed optional dependency /Users/keremkirici/Projects/NextJS/portfolio-website/temp/node_modules/@img/sharp-libvips-linux-x64
2526 silly reify mark deleted [
2526 silly reify   '/Users/keremkirici/Projects/NextJS/portfolio-website/temp/node_modules/@img/sharp-libvips-linux-x64'
2526 silly reify ]
2527 verbose reify failed optional dependency /Users/keremkirici/Projects/NextJS/portfolio-website/temp/node_modules/@img/sharp-libvips-linux-s390x
2528 silly reify mark deleted [
2528 silly reify   '/Users/keremkirici/Projects/NextJS/portfolio-website/temp/node_modules/@img/sharp-libvips-linux-s390x'
2528 silly reify ]
2529 verbose reify failed optional dependency /Users/keremkirici/Projects/NextJS/portfolio-website/temp/node_modules/@img/sharp-libvips-linux-ppc64
2530 silly reify mark deleted [
2530 silly reify   '/Users/keremkirici/Projects/NextJS/portfolio-website/temp/node_modules/@img/sharp-libvips-linux-ppc64'
2530 silly reify ]
2531 verbose reify failed optional dependency /Users/keremkirici/Projects/NextJS/portfolio-website/temp/node_modules/@img/sharp-libvips-linux-arm64
2532 silly reify mark deleted [
2532 silly reify   '/Users/keremkirici/Projects/NextJS/portfolio-website/temp/node_modules/@img/sharp-libvips-linux-arm64'
2532 silly reify ]
2533 verbose reify failed optional dependency /Users/keremkirici/Projects/NextJS/portfolio-website/temp/node_modules/@img/sharp-libvips-linux-arm
2534 silly reify mark deleted [
2534 silly reify   '/Users/keremkirici/Projects/NextJS/portfolio-website/temp/node_modules/@img/sharp-libvips-linux-arm'
2534 silly reify ]
2535 verbose reify failed optional dependency /Users/keremkirici/Projects/NextJS/portfolio-website/temp/node_modules/@img/sharp-libvips-darwin-x64
2536 silly reify mark deleted [
2536 silly reify   '/Users/keremkirici/Projects/NextJS/portfolio-website/temp/node_modules/@img/sharp-libvips-darwin-x64'
2536 silly reify ]
2537 verbose reify failed optional dependency /Users/keremkirici/Projects/NextJS/portfolio-website/temp/node_modules/@img/sharp-darwin-x64
2538 silly reify mark deleted [
2538 silly reify   '/Users/keremkirici/Projects/NextJS/portfolio-website/temp/node_modules/@img/sharp-darwin-x64'
2538 silly reify ]
2539 verbose reify failed optional dependency /Users/keremkirici/Projects/NextJS/portfolio-website/temp/node_modules/@next/swc-win32-x64-msvc
2540 silly reify mark deleted [
2540 silly reify   '/Users/keremkirici/Projects/NextJS/portfolio-website/temp/node_modules/@next/swc-win32-x64-msvc'
2540 silly reify ]
2541 verbose reify failed optional dependency /Users/keremkirici/Projects/NextJS/portfolio-website/temp/node_modules/@next/swc-win32-arm64-msvc
2542 silly reify mark deleted [
2542 silly reify   '/Users/keremkirici/Projects/NextJS/portfolio-website/temp/node_modules/@next/swc-win32-arm64-msvc'
2542 silly reify ]
2543 verbose reify failed optional dependency /Users/keremkirici/Projects/NextJS/portfolio-website/temp/node_modules/@next/swc-linux-x64-musl
2544 silly reify mark deleted [
2544 silly reify   '/Users/keremkirici/Projects/NextJS/portfolio-website/temp/node_modules/@next/swc-linux-x64-musl'
2544 silly reify ]
2545 verbose reify failed optional dependency /Users/keremkirici/Projects/NextJS/portfolio-website/temp/node_modules/@next/swc-linux-x64-gnu
2546 silly reify mark deleted [
2546 silly reify   '/Users/keremkirici/Projects/NextJS/portfolio-website/temp/node_modules/@next/swc-linux-x64-gnu'
2546 silly reify ]
2547 verbose reify failed optional dependency /Users/keremkirici/Projects/NextJS/portfolio-website/temp/node_modules/@next/swc-linux-arm64-musl
2548 silly reify mark deleted [
2548 silly reify   '/Users/keremkirici/Projects/NextJS/portfolio-website/temp/node_modules/@next/swc-linux-arm64-musl'
2548 silly reify ]
2549 verbose reify failed optional dependency /Users/keremkirici/Projects/NextJS/portfolio-website/temp/node_modules/@next/swc-linux-arm64-gnu
2550 silly reify mark deleted [
2550 silly reify   '/Users/keremkirici/Projects/NextJS/portfolio-website/temp/node_modules/@next/swc-linux-arm64-gnu'
2550 silly reify ]
2551 verbose reify failed optional dependency /Users/keremkirici/Projects/NextJS/portfolio-website/temp/node_modules/@next/swc-darwin-x64
2552 silly reify mark deleted [
2552 silly reify   '/Users/keremkirici/Projects/NextJS/portfolio-website/temp/node_modules/@next/swc-darwin-x64'
2552 silly reify ]
2553 verbose reify failed optional dependency /Users/keremkirici/Projects/NextJS/portfolio-website/temp/node_modules/lightningcss-win32-x64-msvc
2554 silly reify mark deleted [
2554 silly reify   '/Users/keremkirici/Projects/NextJS/portfolio-website/temp/node_modules/lightningcss-win32-x64-msvc'
2554 silly reify ]
2555 verbose reify failed optional dependency /Users/keremkirici/Projects/NextJS/portfolio-website/temp/node_modules/lightningcss-win32-arm64-msvc
2556 silly reify mark deleted [
2556 silly reify   '/Users/keremkirici/Projects/NextJS/portfolio-website/temp/node_modules/lightningcss-win32-arm64-msvc'
2556 silly reify ]
2557 verbose reify failed optional dependency /Users/keremkirici/Projects/NextJS/portfolio-website/temp/node_modules/lightningcss-linux-x64-musl
2558 silly reify mark deleted [
2558 silly reify   '/Users/keremkirici/Projects/NextJS/portfolio-website/temp/node_modules/lightningcss-linux-x64-musl'
2558 silly reify ]
2559 verbose reify failed optional dependency /Users/keremkirici/Projects/NextJS/portfolio-website/temp/node_modules/lightningcss-linux-x64-gnu
2560 silly reify mark deleted [
2560 silly reify   '/Users/keremkirici/Projects/NextJS/portfolio-website/temp/node_modules/lightningcss-linux-x64-gnu'
2560 silly reify ]
2561 verbose reify failed optional dependency /Users/keremkirici/Projects/NextJS/portfolio-website/temp/node_modules/lightningcss-linux-arm64-musl
2562 silly reify mark deleted [
2562 silly reify   '/Users/keremkirici/Projects/NextJS/portfolio-website/temp/node_modules/lightningcss-linux-arm64-musl'
2562 silly reify ]
2563 verbose reify failed optional dependency /Users/keremkirici/Projects/NextJS/portfolio-website/temp/node_modules/lightningcss-linux-arm64-gnu
2564 silly reify mark deleted [
2564 silly reify   '/Users/keremkirici/Projects/NextJS/portfolio-website/temp/node_modules/lightningcss-linux-arm64-gnu'
2564 silly reify ]
2565 verbose reify failed optional dependency /Users/keremkirici/Projects/NextJS/portfolio-website/temp/node_modules/lightningcss-linux-arm-gnueabihf
2566 silly reify mark deleted [
2566 silly reify   '/Users/keremkirici/Projects/NextJS/portfolio-website/temp/node_modules/lightningcss-linux-arm-gnueabihf'
2566 silly reify ]
2567 verbose reify failed optional dependency /Users/keremkirici/Projects/NextJS/portfolio-website/temp/node_modules/lightningcss-freebsd-x64
2568 silly reify mark deleted [
2568 silly reify   '/Users/keremkirici/Projects/NextJS/portfolio-website/temp/node_modules/lightningcss-freebsd-x64'
2568 silly reify ]
2569 verbose reify failed optional dependency /Users/keremkirici/Projects/NextJS/portfolio-website/temp/node_modules/lightningcss-darwin-x64
2570 silly reify mark deleted [
2570 silly reify   '/Users/keremkirici/Projects/NextJS/portfolio-website/temp/node_modules/lightningcss-darwin-x64'
2570 silly reify ]
2571 verbose reify failed optional dependency /Users/keremkirici/Projects/NextJS/portfolio-website/temp/node_modules/lightningcss-android-arm64
2572 silly reify mark deleted [
2572 silly reify   '/Users/keremkirici/Projects/NextJS/portfolio-website/temp/node_modules/lightningcss-android-arm64'
2572 silly reify ]
2573 verbose reify failed optional dependency /Users/keremkirici/Projects/NextJS/portfolio-website/temp/node_modules/@tailwindcss/oxide-win32-x64-msvc
2574 silly reify mark deleted [
2574 silly reify   '/Users/keremkirici/Projects/NextJS/portfolio-website/temp/node_modules/@tailwindcss/oxide-win32-x64-msvc'
2574 silly reify ]
2575 verbose reify failed optional dependency /Users/keremkirici/Projects/NextJS/portfolio-website/temp/node_modules/@tailwindcss/oxide-win32-arm64-msvc
2576 silly reify mark deleted [
2576 silly reify   '/Users/keremkirici/Projects/NextJS/portfolio-website/temp/node_modules/@tailwindcss/oxide-win32-arm64-msvc'
2576 silly reify ]
2577 verbose reify failed optional dependency /Users/keremkirici/Projects/NextJS/portfolio-website/temp/node_modules/@tailwindcss/oxide-linux-x64-musl
2578 silly reify mark deleted [
2578 silly reify   '/Users/keremkirici/Projects/NextJS/portfolio-website/temp/node_modules/@tailwindcss/oxide-linux-x64-musl'
2578 silly reify ]
2579 verbose reify failed optional dependency /Users/keremkirici/Projects/NextJS/portfolio-website/temp/node_modules/@tailwindcss/oxide-linux-x64-gnu
2580 silly reify mark deleted [
2580 silly reify   '/Users/keremkirici/Projects/NextJS/portfolio-website/temp/node_modules/@tailwindcss/oxide-linux-x64-gnu'
2580 silly reify ]
2581 verbose reify failed optional dependency /Users/keremkirici/Projects/NextJS/portfolio-website/temp/node_modules/@tailwindcss/oxide-linux-arm64-musl
2582 silly reify mark deleted [
2582 silly reify   '/Users/keremkirici/Projects/NextJS/portfolio-website/temp/node_modules/@tailwindcss/oxide-linux-arm64-musl'
2582 silly reify ]
2583 verbose reify failed optional dependency /Users/keremkirici/Projects/NextJS/portfolio-website/temp/node_modules/@tailwindcss/oxide-linux-arm64-gnu
2584 silly reify mark deleted [
2584 silly reify   '/Users/keremkirici/Projects/NextJS/portfolio-website/temp/node_modules/@tailwindcss/oxide-linux-arm64-gnu'
2584 silly reify ]
2585 verbose reify failed optional dependency /Users/keremkirici/Projects/NextJS/portfolio-website/temp/node_modules/@tailwindcss/oxide-linux-arm-gnueabihf
2586 silly reify mark deleted [
2586 silly reify   '/Users/keremkirici/Projects/NextJS/portfolio-website/temp/node_modules/@tailwindcss/oxide-linux-arm-gnueabihf'
2586 silly reify ]
2587 verbose reify failed optional dependency /Users/keremkirici/Projects/NextJS/portfolio-website/temp/node_modules/@tailwindcss/oxide-freebsd-x64
2588 silly reify mark deleted [
2588 silly reify   '/Users/keremkirici/Projects/NextJS/portfolio-website/temp/node_modules/@tailwindcss/oxide-freebsd-x64'
2588 silly reify ]
2589 verbose reify failed optional dependency /Users/keremkirici/Projects/NextJS/portfolio-website/temp/node_modules/@tailwindcss/oxide-darwin-x64
2590 silly reify mark deleted [
2590 silly reify   '/Users/keremkirici/Projects/NextJS/portfolio-website/temp/node_modules/@tailwindcss/oxide-darwin-x64'
2590 silly reify ]
2591 verbose reify failed optional dependency /Users/keremkirici/Projects/NextJS/portfolio-website/temp/node_modules/@tailwindcss/oxide-android-arm64
2592 silly reify mark deleted [
2592 silly reify   '/Users/keremkirici/Projects/NextJS/portfolio-website/temp/node_modules/@tailwindcss/oxide-android-arm64'
2592 silly reify ]
2593 http cache is-weakmap@https://registry.npmjs.org/is-weakmap/-/is-weakmap-2.0.2.tgz 0ms (cache hit)
2594 http cache is-weakset@https://registry.npmjs.org/is-weakset/-/is-weakset-2.0.4.tgz 0ms (cache hit)
2595 http cache is-map@https://registry.npmjs.org/is-map/-/is-map-2.0.3.tgz 0ms (cache hit)
2596 http cache async-function@https://registry.npmjs.org/async-function/-/async-function-1.0.0.tgz 0ms (cache hit)
2597 http cache is-generator-function@https://registry.npmjs.org/is-generator-function/-/is-generator-function-1.1.2.tgz 0ms (cache hit)
2598 http cache which-collection@https://registry.npmjs.org/which-collection/-/which-collection-1.0.2.tgz 0ms (cache hit)
2599 http cache generator-function@https://registry.npmjs.org/generator-function/-/generator-function-2.0.1.tgz 0ms (cache hit)
2600 http cache is-finalizationregistry@https://registry.npmjs.org/is-finalizationregistry/-/is-finalizationregistry-1.1.1.tgz 0ms (cache hit)
2601 http cache is-async-function@https://registry.npmjs.org/is-async-function/-/is-async-function-2.1.1.tgz 0ms (cache hit)
2602 http cache is-number-object@https://registry.npmjs.org/is-number-object/-/is-number-object-1.1.1.tgz 0ms (cache hit)
2603 http cache is-boolean-object@https://registry.npmjs.org/is-boolean-object/-/is-boolean-object-1.2.2.tgz 0ms (cache hit)
2604 http cache is-bigint@https://registry.npmjs.org/is-bigint/-/is-bigint-1.1.0.tgz 0ms (cache hit)
2605 http cache punycode@https://registry.npmjs.org/punycode/-/punycode-2.3.1.tgz 0ms (cache hit)
2606 http cache escalade@https://registry.npmjs.org/escalade/-/escalade-3.2.0.tgz 0ms (cache hit)
2607 http cache isexe@https://registry.npmjs.org/isexe/-/isexe-2.0.0.tgz 0ms (cache hit)
2608 http cache @emnapi/core@https://registry.npmjs.org/@emnapi/core/-/core-1.6.0.tgz 0ms (cache hit)
2609 http cache @tybys/wasm-util@https://registry.npmjs.org/@tybys/wasm-util/-/wasm-util-0.10.1.tgz 0ms (cache hit)
2610 http cache @emnapi/wasi-threads@https://registry.npmjs.org/@emnapi/wasi-threads/-/wasi-threads-1.1.0.tgz 0ms (cache hit)
2611 http cache @napi-rs/wasm-runtime@https://registry.npmjs.org/@napi-rs/wasm-runtime/-/wasm-runtime-0.2.12.tgz 0ms (cache hit)
2612 http cache napi-postinstall@https://registry.npmjs.org/napi-postinstall/-/napi-postinstall-0.3.4.tgz 0ms (cache hit)
2613 http cache @unrs/resolver-binding-darwin-arm64@https://registry.npmjs.org/@unrs/resolver-binding-darwin-arm64/-/resolver-binding-darwin-arm64-1.11.1.tgz 0ms (cache hit)
2614 http cache which-boxed-primitive@https://registry.npmjs.org/which-boxed-primitive/-/which-boxed-primitive-1.1.1.tgz 0ms (cache hit)
2615 http cache has-bigints@https://registry.npmjs.org/has-bigints/-/has-bigints-1.1.0.tgz 0ms (cache hit)
2616 http cache @typescript-eslint/tsconfig-utils@https://registry.npmjs.org/@typescript-eslint/tsconfig-utils/-/tsconfig-utils-8.46.2.tgz 0ms (cache hit)
2617 http cache @typescript-eslint/project-service@https://registry.npmjs.org/@typescript-eslint/project-service/-/project-service-8.46.2.tgz 0ms (cache hit)
2618 http cache graphemer@https://registry.npmjs.org/graphemer/-/graphemer-1.4.0.tgz 0ms (cache hit)
2619 http cache ts-api-utils@https://registry.npmjs.org/ts-api-utils/-/ts-api-utils-2.1.0.tgz 0ms (cache hit)
2620 http cache @typescript-eslint/types@https://registry.npmjs.org/@typescript-eslint/types/-/types-8.46.2.tgz 0ms (cache hit)
2621 http cache @typescript-eslint/visitor-keys@https://registry.npmjs.org/@typescript-eslint/visitor-keys/-/visitor-keys-8.46.2.tgz 0ms (cache hit)
2622 http cache @typescript-eslint/type-utils@https://registry.npmjs.org/@typescript-eslint/type-utils/-/type-utils-8.46.2.tgz 0ms (cache hit)
2623 http cache @typescript-eslint/utils@https://registry.npmjs.org/@typescript-eslint/utils/-/utils-8.46.2.tgz 0ms (cache hit)
2624 http cache @typescript-eslint/scope-manager@https://registry.npmjs.org/@typescript-eslint/scope-manager/-/scope-manager-8.46.2.tgz 0ms (cache hit)
2625 http cache @typescript-eslint/typescript-estree@https://registry.npmjs.org/@typescript-eslint/typescript-estree/-/typescript-estree-8.46.2.tgz 0ms (cache hit)
2626 http cache @typescript-eslint/eslint-plugin@https://registry.npmjs.org/@typescript-eslint/eslint-plugin/-/eslint-plugin-8.46.2.tgz 0ms (cache hit)
2627 http cache @typescript-eslint/parser@https://registry.npmjs.org/@typescript-eslint/parser/-/parser-8.46.2.tgz 0ms (cache hit)
2628 http cache which-builtin-type@https://registry.npmjs.org/which-builtin-type/-/which-builtin-type-1.2.1.tgz 0ms (cache hit)
2629 http cache reflect.getprototypeof@https://registry.npmjs.org/reflect.getprototypeof/-/reflect.getprototypeof-1.0.10.tgz 0ms (cache hit)
2630 http cache for-each@https://registry.npmjs.org/for-each/-/for-each-0.3.5.tgz 0ms (cache hit)
2631 http cache minimist@https://registry.npmjs.org/minimist/-/minimist-1.2.8.tgz 0ms (cache hit)
2632 http cache strip-bom@https://registry.npmjs.org/strip-bom/-/strip-bom-3.0.0.tgz 0ms (cache hit)
2633 http cache @types/json5@https://registry.npmjs.org/@types/json5/-/json5-0.0.29.tgz 0ms (cache hit)
2634 http cache is-number@https://registry.npmjs.org/is-number/-/is-number-7.0.0.tgz 0ms (cache hit)
2635 http cache has-flag@https://registry.npmjs.org/has-flag/-/has-flag-4.0.0.tgz 0ms (cache hit)
2636 http cache side-channel-weakmap@https://registry.npmjs.org/side-channel-weakmap/-/side-channel-weakmap-1.0.2.tgz 0ms (cache hit)
2637 http cache client-only@https://registry.npmjs.org/client-only/-/client-only-0.0.1.tgz 0ms (cache hit)
2638 http cache side-channel-map@https://registry.npmjs.org/side-channel-map/-/side-channel-map-1.0.1.tgz 0ms (cache hit)
2639 http cache side-channel-list@https://registry.npmjs.org/side-channel-list/-/side-channel-list-1.0.0.tgz 0ms (cache hit)
2640 http cache shebang-regex@https://registry.npmjs.org/shebang-regex/-/shebang-regex-3.0.0.tgz 0ms (cache hit)
2641 http cache @img/sharp-libvips-darwin-arm64@https://registry.npmjs.org/@img/sharp-libvips-darwin-arm64/-/sharp-libvips-darwin-arm64-1.2.3.tgz 0ms (cache hit)
2642 http cache @emnapi/runtime@https://registry.npmjs.org/@emnapi/runtime/-/runtime-1.6.0.tgz 0ms (cache hit)
2643 http cache @img/colour@https://registry.npmjs.org/@img/colour/-/colour-1.0.0.tgz 0ms (cache hit)
2644 http cache @img/sharp-darwin-arm64@https://registry.npmjs.org/@img/sharp-darwin-arm64/-/sharp-darwin-arm64-0.34.4.tgz 0ms (cache hit)
2645 http cache queue-microtask@https://registry.npmjs.org/queue-microtask/-/queue-microtask-1.2.3.tgz 0ms (cache hit)
2646 http cache isarray@https://registry.npmjs.org/isarray/-/isarray-2.0.5.tgz 0ms (cache hit)
2647 http cache path-parse@https://registry.npmjs.org/path-parse/-/path-parse-1.0.7.tgz 0ms (cache hit)
2648 http cache react-is@https://registry.npmjs.org/react-is/-/react-is-16.13.1.tgz 0ms (cache hit)
2649 http cache scheduler@https://registry.npmjs.org/scheduler/-/scheduler-0.27.0.tgz 0ms (cache hit)
2650 http cache supports-preserve-symlinks-flag@https://registry.npmjs.org/supports-preserve-symlinks-flag/-/supports-preserve-symlinks-flag-1.0.0.tgz 0ms (cache hit)
2651 http cache object-assign@https://registry.npmjs.org/object-assign/-/object-assign-4.1.1.tgz 0ms (cache hit)
2652 http cache callsites@https://registry.npmjs.org/callsites/-/callsites-3.1.0.tgz 0ms (cache hit)
2653 http cache nanoid@https://registry.npmjs.org/nanoid/-/nanoid-3.3.11.tgz 0ms (cache hit)
2654 http cache loose-envify@https://registry.npmjs.org/loose-envify/-/loose-envify-1.4.0.tgz 0ms (cache hit)
2655 http cache yocto-queue@https://registry.npmjs.org/yocto-queue/-/yocto-queue-0.1.0.tgz 0ms (cache hit)
2656 http cache p-limit@https://registry.npmjs.org/p-limit/-/p-limit-3.1.0.tgz 0ms (cache hit)
2657 http cache fast-levenshtein@https://registry.npmjs.org/fast-levenshtein/-/fast-levenshtein-2.0.6.tgz 0ms (cache hit)
2658 http cache word-wrap@https://registry.npmjs.org/word-wrap/-/word-wrap-1.2.5.tgz 0ms (cache hit)
2659 http cache deep-is@https://registry.npmjs.org/deep-is/-/deep-is-0.1.4.tgz 0ms (cache hit)
2660 http cache styled-jsx@https://registry.npmjs.org/styled-jsx/-/styled-jsx-5.1.6.tgz 0ms (cache hit)
2661 http cache sharp@https://registry.npmjs.org/sharp/-/sharp-0.34.4.tgz 0ms (cache hit)
2662 http cache tslib@https://registry.npmjs.org/tslib/-/tslib-2.8.1.tgz 0ms (cache hit)
2663 http cache @swc/helpers@https://registry.npmjs.org/@swc/helpers/-/helpers-0.5.15.tgz 0ms (cache hit)
2664 http cache @next/swc-darwin-arm64@https://registry.npmjs.org/@next/swc-darwin-arm64/-/swc-darwin-arm64-16.0.1.tgz 0ms (cache hit)
2665 http cache @next/env@https://registry.npmjs.org/@next/env/-/env-16.0.1.tgz 0ms (cache hit)
2666 http cache balanced-match@https://registry.npmjs.org/balanced-match/-/balanced-match-1.0.2.tgz 0ms (cache hit)
2667 http cache concat-map@https://registry.npmjs.org/concat-map/-/concat-map-0.0.1.tgz 0ms (cache hit)
2668 http cache brace-expansion@https://registry.npmjs.org/brace-expansion/-/brace-expansion-1.1.12.tgz 0ms (cache hit)
2669 http cache to-regex-range@https://registry.npmjs.org/to-regex-range/-/to-regex-range-5.0.1.tgz 0ms (cache hit)
2670 http cache fill-range@https://registry.npmjs.org/fill-range/-/fill-range-7.1.1.tgz 0ms (cache hit)
2671 http cache braces@https://registry.npmjs.org/braces/-/braces-3.0.3.tgz 0ms (cache hit)
2672 http cache picomatch@https://registry.npmjs.org/picomatch/-/picomatch-2.3.1.tgz 0ms (cache hit)
2673 http cache yallist@https://registry.npmjs.org/yallist/-/yallist-3.1.1.tgz 0ms (cache hit)
2674 http cache p-locate@https://registry.npmjs.org/p-locate/-/p-locate-5.0.0.tgz 0ms (cache hit)
2675 http cache lightningcss-darwin-arm64@https://registry.npmjs.org/lightningcss-darwin-arm64/-/lightningcss-darwin-arm64-1.30.2.tgz 0ms (cache hit)
2676 http cache detect-libc@https://registry.npmjs.org/detect-libc/-/detect-libc-2.1.2.tgz 0ms (cache hit)
2677 http cache prelude-ls@https://registry.npmjs.org/prelude-ls/-/prelude-ls-1.2.1.tgz 0ms (cache hit)
2678 http cache type-check@https://registry.npmjs.org/type-check/-/type-check-0.4.0.tgz 0ms (cache hit)
2679 http cache language-subtag-registry@https://registry.npmjs.org/language-subtag-registry/-/language-subtag-registry-0.3.23.tgz 0ms (cache hit)
2680 http cache json-buffer@https://registry.npmjs.org/json-buffer/-/json-buffer-3.0.1.tgz 0ms (cache hit)
2681 http cache argparse@https://registry.npmjs.org/argparse/-/argparse-2.0.1.tgz 0ms (cache hit)
2682 http cache is-extglob@https://registry.npmjs.org/is-extglob/-/is-extglob-2.1.1.tgz 0ms (cache hit)
2683 http cache side-channel@https://registry.npmjs.org/side-channel/-/side-channel-1.1.0.tgz 0ms (cache hit)
2684 http cache resolve-from@https://registry.npmjs.org/resolve-from/-/resolve-from-4.0.0.tgz 0ms (cache hit)
2685 http cache set-function-name@https://registry.npmjs.org/set-function-name/-/set-function-name-2.0.2.tgz 0ms (cache hit)
2686 http cache parent-module@https://registry.npmjs.org/parent-module/-/parent-module-1.0.1.tgz 0ms (cache hit)
2687 http cache hermes-estree@https://registry.npmjs.org/hermes-estree/-/hermes-estree-0.25.1.tgz 0ms (cache hit)
2688 http cache resolve-pkg-maps@https://registry.npmjs.org/resolve-pkg-maps/-/resolve-pkg-maps-1.0.0.tgz 0ms (cache hit)
2689 http cache functions-have-names@https://registry.npmjs.org/functions-have-names/-/functions-have-names-1.2.3.tgz 0ms (cache hit)
2690 http cache flatted@https://registry.npmjs.org/flatted/-/flatted-3.3.3.tgz 0ms (cache hit)
2691 http cache dunder-proto@https://registry.npmjs.org/dunder-proto/-/dunder-proto-1.0.1.tgz 0ms (cache hit)
2692 http cache keyv@https://registry.npmjs.org/keyv/-/keyv-4.5.4.tgz 0ms (cache hit)
2693 http cache path-exists@https://registry.npmjs.org/path-exists/-/path-exists-4.0.0.tgz 0ms (cache hit)
2694 http cache reusify@https://registry.npmjs.org/reusify/-/reusify-1.1.0.tgz 0ms (cache hit)
2695 http cache locate-path@https://registry.npmjs.org/locate-path/-/locate-path-6.0.0.tgz 0ms (cache hit)
2696 http cache flat-cache@https://registry.npmjs.org/flat-cache/-/flat-cache-4.0.1.tgz 0ms (cache hit)
2697 http cache run-parallel@https://registry.npmjs.org/run-parallel/-/run-parallel-1.2.0.tgz 0ms (cache hit)
2698 http cache fastq@https://registry.npmjs.org/fastq/-/fastq-1.19.1.tgz 0ms (cache hit)
2699 http cache micromatch@https://registry.npmjs.org/micromatch/-/micromatch-4.0.8.tgz 0ms (cache hit)
2700 http cache @nodelib/fs.scandir@https://registry.npmjs.org/@nodelib/fs.scandir/-/fs.scandir-2.1.5.tgz 0ms (cache hit)
2701 http cache @nodelib/fs.walk@https://registry.npmjs.org/@nodelib/fs.walk/-/fs.walk-1.2.8.tgz 0ms (cache hit)
2702 http cache merge2@https://registry.npmjs.org/merge2/-/merge2-1.4.1.tgz 0ms (cache hit)
2703 http cache @nodelib/fs.stat@https://registry.npmjs.org/@nodelib/fs.stat/-/fs.stat-2.0.5.tgz 0ms (cache hit)
2704 http cache acorn-jsx@https://registry.npmjs.org/acorn-jsx/-/acorn-jsx-5.3.2.tgz 0ms (cache hit)
2705 http cache esrecurse@https://registry.npmjs.org/esrecurse/-/esrecurse-4.3.0.tgz 0ms (cache hit)
2706 http cache acorn@https://registry.npmjs.org/acorn/-/acorn-8.15.0.tgz 0ms (cache hit)
2707 http cache electron-to-chromium@https://registry.npmjs.org/electron-to-chromium/-/electron-to-chromium-1.5.244.tgz 0ms (cache hit)
2708 http cache node-releases@https://registry.npmjs.org/node-releases/-/node-releases-2.0.27.tgz 0ms (cache hit)
2709 http cache update-browserslist-db@https://registry.npmjs.org/update-browserslist-db/-/update-browserslist-db-1.1.4.tgz 0ms (cache hit)
2710 http cache caniuse-lite@https://registry.npmjs.org/caniuse-lite/-/caniuse-lite-1.0.30001751.tgz 0ms (cache hit)
2711 http cache baseline-browser-mapping@https://registry.npmjs.org/baseline-browser-mapping/-/baseline-browser-mapping-2.8.21.tgz 0ms (cache hit)
2712 http cache @babel/helper-string-parser@https://registry.npmjs.org/@babel/helper-string-parser/-/helper-string-parser-7.27.1.tgz 0ms (cache hit)
2713 http cache @babel/helper-globals@https://registry.npmjs.org/@babel/helper-globals/-/helper-globals-7.28.0.tgz 0ms (cache hit)
2714 http cache lru-cache@https://registry.npmjs.org/lru-cache/-/lru-cache-5.1.1.tgz 0ms (cache hit)
2715 http cache @babel/helper-module-imports@https://registry.npmjs.org/@babel/helper-module-imports/-/helper-module-imports-7.27.1.tgz 0ms (cache hit)
2716 http cache browserslist@https://registry.npmjs.org/browserslist/-/browserslist-4.27.0.tgz 0ms (cache hit)
2717 http cache jsesc@https://registry.npmjs.org/jsesc/-/jsesc-3.1.0.tgz 0ms (cache hit)
2718 http cache @babel/compat-data@https://registry.npmjs.org/@babel/compat-data/-/compat-data-7.28.5.tgz 0ms (cache hit)
2719 http cache picocolors@https://registry.npmjs.org/picocolors/-/picocolors-1.1.1.tgz 0ms (cache hit)
2720 http cache js-tokens@https://registry.npmjs.org/js-tokens/-/js-tokens-4.0.0.tgz 0ms (cache hit)
2721 http cache @babel/helper-validator-option@https://registry.npmjs.org/@babel/helper-validator-option/-/helper-validator-option-7.27.1.tgz 0ms (cache hit)
2722 http cache @babel/helper-validator-identifier@https://registry.npmjs.org/@babel/helper-validator-identifier/-/helper-validator-identifier-7.28.5.tgz 0ms (cache hit)
2723 http cache gensync@https://registry.npmjs.org/gensync/-/gensync-1.0.0-beta.2.tgz 0ms (cache hit)
2724 http cache @babel/types@https://registry.npmjs.org/@babel/types/-/types-7.28.5.tgz 0ms (cache hit)
2725 http cache json5@https://registry.npmjs.org/json5/-/json5-2.2.3.tgz 0ms (cache hit)
2726 http cache convert-source-map@https://registry.npmjs.org/convert-source-map/-/convert-source-map-2.0.0.tgz 0ms (cache hit)
2727 http cache @babel/template@https://registry.npmjs.org/@babel/template/-/template-7.27.2.tgz 0ms (cache hit)
2728 http cache @babel/traverse@https://registry.npmjs.org/@babel/traverse/-/traverse-7.28.5.tgz 0ms (cache hit)
2729 http cache @babel/helpers@https://registry.npmjs.org/@babel/helpers/-/helpers-7.28.4.tgz 0ms (cache hit)
2730 http cache @babel/helper-module-transforms@https://registry.npmjs.org/@babel/helper-module-transforms/-/helper-module-transforms-7.28.3.tgz 0ms (cache hit)
2731 http cache @babel/generator@https://registry.npmjs.org/@babel/generator/-/generator-7.28.5.tgz 0ms (cache hit)
2732 http cache @babel/helper-compilation-targets@https://registry.npmjs.org/@babel/helper-compilation-targets/-/helper-compilation-targets-7.27.2.tgz 0ms (cache hit)
2733 http cache @babel/code-frame@https://registry.npmjs.org/@babel/code-frame/-/code-frame-7.27.1.tgz 0ms (cache hit)
2734 http cache zod-validation-error@https://registry.npmjs.org/zod-validation-error/-/zod-validation-error-4.0.2.tgz 0ms (cache hit)
2735 http cache zod@https://registry.npmjs.org/zod/-/zod-4.1.12.tgz 0ms (cache hit)
2736 http cache hermes-parser@https://registry.npmjs.org/hermes-parser/-/hermes-parser-0.25.1.tgz 0ms (cache hit)
2737 http cache @babel/parser@https://registry.npmjs.org/@babel/parser/-/parser-7.28.5.tgz 0ms (cache hit)
2738 http cache @babel/core@https://registry.npmjs.org/@babel/core/-/core-7.28.5.tgz 0ms (cache hit)
2739 http cache iterator.prototype@https://registry.npmjs.org/iterator.prototype/-/iterator.prototype-1.1.5.tgz 0ms (cache hit)
2740 http cache string.prototype.repeat@https://registry.npmjs.org/string.prototype.repeat/-/string.prototype.repeat-1.0.0.tgz 0ms (cache hit)
2741 http cache string.prototype.matchall@https://registry.npmjs.org/string.prototype.matchall/-/string.prototype.matchall-4.0.12.tgz 0ms (cache hit)
2742 http cache prop-types@https://registry.npmjs.org/prop-types/-/prop-types-15.8.1.tgz 0ms (cache hit)
2743 http cache object.entries@https://registry.npmjs.org/object.entries/-/object.entries-1.1.9.tgz 0ms (cache hit)
2744 http cache es-iterator-helpers@https://registry.npmjs.org/es-iterator-helpers/-/es-iterator-helpers-1.2.1.tgz 0ms (cache hit)
2745 http cache estraverse@https://registry.npmjs.org/estraverse/-/estraverse-5.3.0.tgz 0ms (cache hit)
2746 http cache array.prototype.tosorted@https://registry.npmjs.org/array.prototype.tosorted/-/array.prototype.tosorted-1.1.4.tgz 0ms (cache hit)
2747 http cache array.prototype.findlast@https://registry.npmjs.org/array.prototype.findlast/-/array.prototype.findlast-1.2.5.tgz 0ms (cache hit)
2748 http cache string.prototype.includes@https://registry.npmjs.org/string.prototype.includes/-/string.prototype.includes-2.0.1.tgz 0ms (cache hit)
2749 http cache language-tags@https://registry.npmjs.org/language-tags/-/language-tags-1.0.9.tgz 0ms (cache hit)
2750 http cache jsx-ast-utils@https://registry.npmjs.org/jsx-ast-utils/-/jsx-ast-utils-3.3.5.tgz 0ms (cache hit)
2751 http cache emoji-regex@https://registry.npmjs.org/emoji-regex/-/emoji-regex-9.2.2.tgz 0ms (cache hit)
2752 http cache damerau-levenshtein@https://registry.npmjs.org/damerau-levenshtein/-/damerau-levenshtein-1.0.8.tgz 0ms (cache hit)
2753 http cache axobject-query@https://registry.npmjs.org/axobject-query/-/axobject-query-4.1.0.tgz 0ms (cache hit)
2754 http cache axe-core@https://registry.npmjs.org/axe-core/-/axe-core-4.11.0.tgz 0ms (cache hit)
2755 http cache ast-types-flow@https://registry.npmjs.org/ast-types-flow/-/ast-types-flow-0.0.8.tgz 0ms (cache hit)
2756 http cache aria-query@https://registry.npmjs.org/aria-query/-/aria-query-5.3.2.tgz 0ms (cache hit)
2757 http cache is-symbol@https://registry.npmjs.org/is-symbol/-/is-symbol-1.1.1.tgz 0ms (cache hit)
2758 http cache is-date-object@https://registry.npmjs.org/is-date-object/-/is-date-object-1.1.0.tgz 0ms (cache hit)
2759 http cache has-tostringtag@https://registry.npmjs.org/has-tostringtag/-/has-tostringtag-1.0.2.tgz 0ms (cache hit)
2760 http cache possible-typed-array-names@https://registry.npmjs.org/possible-typed-array-names/-/possible-typed-array-names-1.1.0.tgz 0ms (cache hit)
2761 http cache which-typed-array@https://registry.npmjs.org/which-typed-array/-/which-typed-array-1.1.19.tgz 0ms (cache hit)
2762 http cache unbox-primitive@https://registry.npmjs.org/unbox-primitive/-/unbox-primitive-1.1.0.tgz 0ms (cache hit)
2763 http cache typed-array-length@https://registry.npmjs.org/typed-array-length/-/typed-array-length-1.0.7.tgz 0ms (cache hit)
2764 http cache typed-array-byte-offset@https://registry.npmjs.org/typed-array-byte-offset/-/typed-array-byte-offset-1.0.4.tgz 0ms (cache hit)
2765 http cache typed-array-byte-length@https://registry.npmjs.org/typed-array-byte-length/-/typed-array-byte-length-1.0.3.tgz 0ms (cache hit)
2766 http cache typed-array-buffer@https://registry.npmjs.org/typed-array-buffer/-/typed-array-buffer-1.0.3.tgz 0ms (cache hit)
2767 http cache string.prototype.trimstart@https://registry.npmjs.org/string.prototype.trimstart/-/string.prototype.trimstart-1.0.8.tgz 0ms (cache hit)
2768 http cache string.prototype.trim@https://registry.npmjs.org/string.prototype.trim/-/string.prototype.trim-1.2.10.tgz 0ms (cache hit)
2769 http cache stop-iteration-iterator@https://registry.npmjs.org/stop-iteration-iterator/-/stop-iteration-iterator-1.1.0.tgz 0ms (cache hit)
2770 http cache set-proto@https://registry.npmjs.org/set-proto/-/set-proto-1.0.0.tgz 0ms (cache hit)
2771 http cache safe-regex-test@https://registry.npmjs.org/safe-regex-test/-/safe-regex-test-1.1.0.tgz 0ms (cache hit)
2772 http cache safe-push-apply@https://registry.npmjs.org/safe-push-apply/-/safe-push-apply-1.0.0.tgz 0ms (cache hit)
2773 http cache safe-array-concat@https://registry.npmjs.org/safe-array-concat/-/safe-array-concat-1.1.3.tgz 0ms (cache hit)
2774 http cache own-keys@https://registry.npmjs.org/own-keys/-/own-keys-1.0.1.tgz 0ms (cache hit)
2775 http cache object.assign@https://registry.npmjs.org/object.assign/-/object.assign-4.1.7.tgz 0ms (cache hit)
2776 http cache object-inspect@https://registry.npmjs.org/object-inspect/-/object-inspect-1.13.4.tgz 0ms (cache hit)
2777 http cache regexp.prototype.flags@https://registry.npmjs.org/regexp.prototype.flags/-/regexp.prototype.flags-1.5.4.tgz 0ms (cache hit)
2778 http cache is-weakref@https://registry.npmjs.org/is-weakref/-/is-weakref-1.1.1.tgz 0ms (cache hit)
2779 http cache is-typed-array@https://registry.npmjs.org/is-typed-array/-/is-typed-array-1.1.15.tgz 0ms (cache hit)
2780 http cache is-shared-array-buffer@https://registry.npmjs.org/is-shared-array-buffer/-/is-shared-array-buffer-1.0.4.tgz 0ms (cache hit)
2781 http cache is-set@https://registry.npmjs.org/is-set/-/is-set-2.0.3.tgz 0ms (cache hit)
2782 http cache is-negative-zero@https://registry.npmjs.org/is-negative-zero/-/is-negative-zero-2.0.3.tgz 0ms (cache hit)
2783 http cache is-regex@https://registry.npmjs.org/is-regex/-/is-regex-1.2.1.tgz 0ms (cache hit)
2784 http cache is-data-view@https://registry.npmjs.org/is-data-view/-/is-data-view-1.0.2.tgz 0ms (cache hit)
2785 http cache is-callable@https://registry.npmjs.org/is-callable/-/is-callable-1.2.7.tgz 0ms (cache hit)
2786 http cache is-array-buffer@https://registry.npmjs.org/is-array-buffer/-/is-array-buffer-3.0.5.tgz 0ms (cache hit)
2787 http cache internal-slot@https://registry.npmjs.org/internal-slot/-/internal-slot-1.1.0.tgz 0ms (cache hit)
2788 http cache has-symbols@https://registry.npmjs.org/has-symbols/-/has-symbols-1.1.0.tgz 0ms (cache hit)
2789 http cache has-proto@https://registry.npmjs.org/has-proto/-/has-proto-1.2.0.tgz 0ms (cache hit)
2790 http cache globalthis@https://registry.npmjs.org/globalthis/-/globalthis-1.0.4.tgz 0ms (cache hit)
2791 http cache get-symbol-description@https://registry.npmjs.org/get-symbol-description/-/get-symbol-description-1.1.0.tgz 0ms (cache hit)
2792 http cache get-proto@https://registry.npmjs.org/get-proto/-/get-proto-1.0.1.tgz 0ms (cache hit)
2793 http cache function.prototype.name@https://registry.npmjs.org/function.prototype.name/-/function.prototype.name-1.1.8.tgz 0ms (cache hit)
2794 http cache es-to-primitive@https://registry.npmjs.org/es-to-primitive/-/es-to-primitive-1.3.0.tgz 0ms (cache hit)
2795 http cache es-set-tostringtag@https://registry.npmjs.org/es-set-tostringtag/-/es-set-tostringtag-2.1.0.tgz 0ms (cache hit)
2796 http cache data-view-byte-offset@https://registry.npmjs.org/data-view-byte-offset/-/data-view-byte-offset-1.0.1.tgz 0ms (cache hit)
2797 http cache data-view-byte-length@https://registry.npmjs.org/data-view-byte-length/-/data-view-byte-length-1.0.2.tgz 0ms (cache hit)
2798 http cache data-view-buffer@https://registry.npmjs.org/data-view-buffer/-/data-view-buffer-1.0.2.tgz 0ms (cache hit)
2799 http cache available-typed-arrays@https://registry.npmjs.org/available-typed-arrays/-/available-typed-arrays-1.0.7.tgz 0ms (cache hit)
2800 http cache arraybuffer.prototype.slice@https://registry.npmjs.org/arraybuffer.prototype.slice/-/arraybuffer.prototype.slice-1.0.4.tgz 0ms (cache hit)
2801 http cache array-buffer-byte-length@https://registry.npmjs.org/array-buffer-byte-length/-/array-buffer-byte-length-1.0.2.tgz 0ms (cache hit)
2802 http cache gopd@https://registry.npmjs.org/gopd/-/gopd-1.2.0.tgz 0ms (cache hit)
2803 http cache object-keys@https://registry.npmjs.org/object-keys/-/object-keys-1.1.1.tgz 0ms (cache hit)
2804 http cache has-property-descriptors@https://registry.npmjs.org/has-property-descriptors/-/has-property-descriptors-1.0.2.tgz 0ms (cache hit)
2805 http cache define-data-property@https://registry.npmjs.org/define-data-property/-/define-data-property-1.1.4.tgz 0ms (cache hit)
2806 http cache function-bind@https://registry.npmjs.org/function-bind/-/function-bind-1.1.2.tgz 0ms (cache hit)
2807 http cache set-function-length@https://registry.npmjs.org/set-function-length/-/set-function-length-1.2.2.tgz 0ms (cache hit)
2808 http cache call-bind-apply-helpers@https://registry.npmjs.org/call-bind-apply-helpers/-/call-bind-apply-helpers-1.0.2.tgz 0ms (cache hit)
2809 http cache es-define-property@https://registry.npmjs.org/es-define-property/-/es-define-property-1.0.1.tgz 0ms (cache hit)
2810 http cache es-shim-unscopables@https://registry.npmjs.org/es-shim-unscopables/-/es-shim-unscopables-1.1.0.tgz 0ms (cache hit)
2811 http cache es-errors@https://registry.npmjs.org/es-errors/-/es-errors-1.3.0.tgz 0ms (cache hit)
2812 http cache math-intrinsics@https://registry.npmjs.org/math-intrinsics/-/math-intrinsics-1.1.0.tgz 0ms (cache hit)
2813 http cache get-intrinsic@https://registry.npmjs.org/get-intrinsic/-/get-intrinsic-1.3.0.tgz 0ms (cache hit)
2814 http cache is-string@https://registry.npmjs.org/is-string/-/is-string-1.1.1.tgz 0ms (cache hit)
2815 http cache es-object-atoms@https://registry.npmjs.org/es-object-atoms/-/es-object-atoms-1.1.1.tgz 0ms (cache hit)
2816 http cache define-properties@https://registry.npmjs.org/define-properties/-/define-properties-1.2.1.tgz 0ms (cache hit)
2817 http cache es-abstract@https://registry.npmjs.org/es-abstract/-/es-abstract-1.24.0.tgz 0ms (cache hit)
2818 http cache call-bound@https://registry.npmjs.org/call-bound/-/call-bound-1.0.4.tgz 0ms (cache hit)
2819 http cache call-bind@https://registry.npmjs.org/call-bind/-/call-bind-1.0.8.tgz 0ms (cache hit)
2820 http cache tsconfig-paths@https://registry.npmjs.org/tsconfig-paths/-/tsconfig-paths-3.15.0.tgz 0ms (cache hit)
2821 http cache string.prototype.trimend@https://registry.npmjs.org/string.prototype.trimend/-/string.prototype.trimend-1.0.9.tgz 0ms (cache hit)
2822 http cache semver@https://registry.npmjs.org/semver/-/semver-6.3.1.tgz 0ms (cache hit)
2823 http cache object.values@https://registry.npmjs.org/object.values/-/object.values-1.2.1.tgz 0ms (cache hit)
2824 http cache object.groupby@https://registry.npmjs.org/object.groupby/-/object.groupby-1.0.3.tgz 0ms (cache hit)
2825 http cache hasown@https://registry.npmjs.org/hasown/-/hasown-2.0.2.tgz 0ms (cache hit)
2826 http cache eslint-module-utils@https://registry.npmjs.org/eslint-module-utils/-/eslint-module-utils-2.12.1.tgz 0ms (cache hit)
2827 http cache object.fromentries@https://registry.npmjs.org/object.fromentries/-/object.fromentries-2.0.8.tgz 0ms (cache hit)
2828 http cache doctrine@https://registry.npmjs.org/doctrine/-/doctrine-2.1.0.tgz 0ms (cache hit)
2829 http cache array.prototype.flat@https://registry.npmjs.org/array.prototype.flat/-/array.prototype.flat-1.3.3.tgz 0ms (cache hit)
2830 http cache array.prototype.findlastindex@https://registry.npmjs.org/array.prototype.findlastindex/-/array.prototype.findlastindex-1.2.6.tgz 0ms (cache hit)
2831 http cache array-includes@https://registry.npmjs.org/array-includes/-/array-includes-3.1.9.tgz 0ms (cache hit)
2832 http cache @rtsao/scc@https://registry.npmjs.org/@rtsao/scc/-/scc-1.1.0.tgz 0ms (cache hit)
2833 http cache unrs-resolver@https://registry.npmjs.org/unrs-resolver/-/unrs-resolver-1.11.1.tgz 0ms (cache hit)
2834 http cache array.prototype.flatmap@https://registry.npmjs.org/array.prototype.flatmap/-/array.prototype.flatmap-1.3.3.tgz 0ms (cache hit)
2835 http cache tinyglobby@https://registry.npmjs.org/tinyglobby/-/tinyglobby-0.2.15.tgz 0ms (cache hit)
2836 http cache stable-hash@https://registry.npmjs.org/stable-hash/-/stable-hash-0.0.5.tgz 0ms (cache hit)
2837 http cache is-bun-module@https://registry.npmjs.org/is-bun-module/-/is-bun-module-2.0.0.tgz 0ms (cache hit)
2838 http cache resolve@https://registry.npmjs.org/resolve/-/resolve-1.22.11.tgz 0ms (cache hit)
2839 http cache get-tsconfig@https://registry.npmjs.org/get-tsconfig/-/get-tsconfig-4.13.0.tgz 0ms (cache hit)
2840 http cache @nolyfill/is-core-module@https://registry.npmjs.org/@nolyfill/is-core-module/-/is-core-module-1.0.39.tgz 0ms (cache hit)
2841 http cache is-core-module@https://registry.npmjs.org/is-core-module/-/is-core-module-2.16.1.tgz 0ms (cache hit)
2842 http cache fast-glob@https://registry.npmjs.org/fast-glob/-/fast-glob-3.3.1.tgz 0ms (cache hit)
2843 http cache typescript-eslint@https://registry.npmjs.org/typescript-eslint/-/typescript-eslint-8.46.2.tgz 0ms (cache hit)
2844 http cache eslint-plugin-react-hooks@https://registry.npmjs.org/eslint-plugin-react-hooks/-/eslint-plugin-react-hooks-7.0.1.tgz 0ms (cache hit)
2845 http cache eslint-plugin-react@https://registry.npmjs.org/eslint-plugin-react/-/eslint-plugin-react-7.37.5.tgz 0ms (cache hit)
2846 http cache eslint-plugin-jsx-a11y@https://registry.npmjs.org/eslint-plugin-jsx-a11y/-/eslint-plugin-jsx-a11y-6.10.2.tgz 0ms (cache hit)
2847 http cache eslint-plugin-import@https://registry.npmjs.org/eslint-plugin-import/-/eslint-plugin-import-2.32.0.tgz 0ms (cache hit)
2848 http cache eslint-import-resolver-typescript@https://registry.npmjs.org/eslint-import-resolver-typescript/-/eslint-import-resolver-typescript-3.10.1.tgz 0ms (cache hit)
2849 http cache eslint-import-resolver-node@https://registry.npmjs.org/eslint-import-resolver-node/-/eslint-import-resolver-node-0.3.9.tgz 0ms (cache hit)
2850 http cache @next/eslint-plugin-next@https://registry.npmjs.org/@next/eslint-plugin-next/-/eslint-plugin-next-16.0.1.tgz 0ms (cache hit)
2851 http cache ms@https://registry.npmjs.org/ms/-/ms-2.1.3.tgz 0ms (cache hit)
2852 http cache which@https://registry.npmjs.org/which/-/which-2.0.2.tgz 0ms (cache hit)
2853 http cache shebang-command@https://registry.npmjs.org/shebang-command/-/shebang-command-2.0.0.tgz 0ms (cache hit)
2854 http cache color-name@https://registry.npmjs.org/color-name/-/color-name-1.1.4.tgz 0ms (cache hit)
2855 http cache color-convert@https://registry.npmjs.org/color-convert/-/color-convert-2.0.1.tgz 0ms (cache hit)
2856 http cache path-key@https://registry.npmjs.org/path-key/-/path-key-3.1.1.tgz 0ms (cache hit)
2857 http cache supports-color@https://registry.npmjs.org/supports-color/-/supports-color-7.2.0.tgz 0ms (cache hit)
2858 http cache ansi-styles@https://registry.npmjs.org/ansi-styles/-/ansi-styles-4.3.0.tgz 0ms (cache hit)
2859 http cache uri-js@https://registry.npmjs.org/uri-js/-/uri-js-4.4.1.tgz 0ms (cache hit)
2860 http cache json-schema-traverse@https://registry.npmjs.org/json-schema-traverse/-/json-schema-traverse-0.4.1.tgz 0ms (cache hit)
2861 http cache fast-json-stable-stringify@https://registry.npmjs.org/fast-json-stable-stringify/-/fast-json-stable-stringify-2.1.0.tgz 0ms (cache hit)
2862 http cache @humanfs/core@https://registry.npmjs.org/@humanfs/core/-/core-0.19.1.tgz 0ms (cache hit)
2863 http cache levn@https://registry.npmjs.org/levn/-/levn-0.4.1.tgz 0ms (cache hit)
2864 http cache strip-json-comments@https://registry.npmjs.org/strip-json-comments/-/strip-json-comments-3.1.1.tgz 0ms (cache hit)
2865 http cache js-yaml@https://registry.npmjs.org/js-yaml/-/js-yaml-4.1.0.tgz 0ms (cache hit)
2866 http cache globals@https://registry.npmjs.org/globals/-/globals-14.0.0.tgz 0ms (cache hit)
2867 http cache import-fresh@https://registry.npmjs.org/import-fresh/-/import-fresh-3.3.1.tgz 0ms (cache hit)
2868 http cache @types/json-schema@https://registry.npmjs.org/@types/json-schema/-/json-schema-7.0.15.tgz 0ms (cache hit)
2869 http cache @eslint/object-schema@https://registry.npmjs.org/@eslint/object-schema/-/object-schema-2.1.7.tgz 0ms (cache hit)
2870 http cache optionator@https://registry.npmjs.org/optionator/-/optionator-0.9.4.tgz 0ms (cache hit)
2871 http cache natural-compare@https://registry.npmjs.org/natural-compare/-/natural-compare-1.4.0.tgz 0ms (cache hit)
2872 http cache minimatch@https://registry.npmjs.org/minimatch/-/minimatch-3.1.2.tgz 0ms (cache hit)
2873 http cache lodash.merge@https://registry.npmjs.org/lodash.merge/-/lodash.merge-4.6.2.tgz 0ms (cache hit)
2874 http cache json-stable-stringify-without-jsonify@https://registry.npmjs.org/json-stable-stringify-without-jsonify/-/json-stable-stringify-without-jsonify-1.0.1.tgz 0ms (cache hit)
2875 http cache is-glob@https://registry.npmjs.org/is-glob/-/is-glob-4.0.3.tgz 0ms (cache hit)
2876 http cache imurmurhash@https://registry.npmjs.org/imurmurhash/-/imurmurhash-0.1.4.tgz 0ms (cache hit)
2877 http cache ignore@https://registry.npmjs.org/ignore/-/ignore-5.3.2.tgz 0ms (cache hit)
2878 http cache glob-parent@https://registry.npmjs.org/glob-parent/-/glob-parent-6.0.2.tgz 0ms (cache hit)
2879 http cache file-entry-cache@https://registry.npmjs.org/file-entry-cache/-/file-entry-cache-8.0.0.tgz 0ms (cache hit)
2880 http cache fast-deep-equal@https://registry.npmjs.org/fast-deep-equal/-/fast-deep-equal-3.1.3.tgz 0ms (cache hit)
2881 http cache esutils@https://registry.npmjs.org/esutils/-/esutils-2.0.3.tgz 0ms (cache hit)
2882 http cache esquery@https://registry.npmjs.org/esquery/-/esquery-1.6.0.tgz 0ms (cache hit)
2883 http cache espree@https://registry.npmjs.org/espree/-/espree-10.4.0.tgz 0ms (cache hit)
2884 http cache find-up@https://registry.npmjs.org/find-up/-/find-up-5.0.0.tgz 0ms (cache hit)
2885 http cache eslint-visitor-keys@https://registry.npmjs.org/eslint-visitor-keys/-/eslint-visitor-keys-4.2.1.tgz 0ms (cache hit)
2886 http cache eslint-scope@https://registry.npmjs.org/eslint-scope/-/eslint-scope-8.4.0.tgz 0ms (cache hit)
2887 http cache escape-string-regexp@https://registry.npmjs.org/escape-string-regexp/-/escape-string-regexp-4.0.0.tgz 0ms (cache hit)
2888 http cache debug@https://registry.npmjs.org/debug/-/debug-4.4.3.tgz 0ms (cache hit)
2889 http cache cross-spawn@https://registry.npmjs.org/cross-spawn/-/cross-spawn-7.0.6.tgz 0ms (cache hit)
2890 http cache chalk@https://registry.npmjs.org/chalk/-/chalk-4.1.2.tgz 0ms (cache hit)
2891 http cache ajv@https://registry.npmjs.org/ajv/-/ajv-6.12.6.tgz 0ms (cache hit)
2892 http cache @types/estree@https://registry.npmjs.org/@types/estree/-/estree-1.0.8.tgz 0ms (cache hit)
2893 http cache @humanwhocodes/retry@https://registry.npmjs.org/@humanwhocodes/retry/-/retry-0.4.3.tgz 0ms (cache hit)
2894 http cache @humanwhocodes/module-importer@https://registry.npmjs.org/@humanwhocodes/module-importer/-/module-importer-1.0.1.tgz 0ms (cache hit)
2895 http cache @humanfs/node@https://registry.npmjs.org/@humanfs/node/-/node-0.16.7.tgz 0ms (cache hit)
2896 http cache @eslint/plugin-kit@https://registry.npmjs.org/@eslint/plugin-kit/-/plugin-kit-0.4.1.tgz 0ms (cache hit)
2897 http cache @eslint/js@https://registry.npmjs.org/@eslint/js/-/js-9.38.0.tgz 0ms (cache hit)
2898 http cache @eslint/eslintrc@https://registry.npmjs.org/@eslint/eslintrc/-/eslintrc-3.3.1.tgz 0ms (cache hit)
2899 http cache @eslint/config-helpers@https://registry.npmjs.org/@eslint/config-helpers/-/config-helpers-0.4.2.tgz 0ms (cache hit)
2900 http cache @eslint/config-array@https://registry.npmjs.org/@eslint/config-array/-/config-array-0.21.1.tgz 0ms (cache hit)
2901 http cache @eslint-community/regexpp@https://registry.npmjs.org/@eslint-community/regexpp/-/regexpp-4.12.2.tgz 0ms (cache hit)
2902 http cache @eslint-community/eslint-utils@https://registry.npmjs.org/@eslint-community/eslint-utils/-/eslint-utils-4.9.0.tgz 0ms (cache hit)
2903 http cache @eslint/core@https://registry.npmjs.org/@eslint/core/-/core-0.16.0.tgz 0ms (cache hit)
2904 http cache tapable@https://registry.npmjs.org/tapable/-/tapable-2.3.0.tgz 0ms (cache hit)
2905 http cache graceful-fs@https://registry.npmjs.org/graceful-fs/-/graceful-fs-4.2.11.tgz 0ms (cache hit)
2906 http cache csstype@https://registry.npmjs.org/csstype/-/csstype-3.1.3.tgz 0ms (cache hit)
2907 http cache undici-types@https://registry.npmjs.org/undici-types/-/undici-types-6.21.0.tgz 0ms (cache hit)
2908 http cache @tailwindcss/oxide-darwin-arm64@https://registry.npmjs.org/@tailwindcss/oxide-darwin-arm64/-/oxide-darwin-arm64-4.1.16.tgz 0ms (cache hit)
2909 http cache @jridgewell/resolve-uri@https://registry.npmjs.org/@jridgewell/resolve-uri/-/resolve-uri-3.1.2.tgz 0ms (cache hit)
2910 http cache @jridgewell/sourcemap-codec@https://registry.npmjs.org/@jridgewell/sourcemap-codec/-/sourcemap-codec-1.5.5.tgz 0ms (cache hit)
2911 http cache @jridgewell/trace-mapping@https://registry.npmjs.org/@jridgewell/trace-mapping/-/trace-mapping-0.3.31.tgz 0ms (cache hit)
2912 http cache @jridgewell/gen-mapping@https://registry.npmjs.org/@jridgewell/gen-mapping/-/gen-mapping-0.3.13.tgz 0ms (cache hit)
2913 http cache source-map-js@https://registry.npmjs.org/source-map-js/-/source-map-js-1.2.1.tgz 0ms (cache hit)
2914 http cache magic-string@https://registry.npmjs.org/magic-string/-/magic-string-0.30.21.tgz 0ms (cache hit)
2915 http cache lightningcss@https://registry.npmjs.org/lightningcss/-/lightningcss-1.30.2.tgz 0ms (cache hit)
2916 http cache jiti@https://registry.npmjs.org/jiti/-/jiti-2.6.1.tgz 0ms (cache hit)
2917 http cache enhanced-resolve@https://registry.npmjs.org/enhanced-resolve/-/enhanced-resolve-5.18.3.tgz 0ms (cache hit)
2918 http cache @jridgewell/remapping@https://registry.npmjs.org/@jridgewell/remapping/-/remapping-2.3.5.tgz 0ms (cache hit)
2919 http cache postcss@https://registry.npmjs.org/postcss/-/postcss-8.5.6.tgz 0ms (cache hit)
2920 http cache @tailwindcss/oxide@https://registry.npmjs.org/@tailwindcss/oxide/-/oxide-4.1.16.tgz 0ms (cache hit)
2921 http cache @tailwindcss/node@https://registry.npmjs.org/@tailwindcss/node/-/node-4.1.16.tgz 0ms (cache hit)
2922 http cache @alloc/quick-lru@https://registry.npmjs.org/@alloc/quick-lru/-/quick-lru-5.2.0.tgz 0ms (cache hit)
2923 http cache typescript@https://registry.npmjs.org/typescript/-/typescript-5.9.3.tgz 0ms (cache hit)
2924 http cache tailwindcss@https://registry.npmjs.org/tailwindcss/-/tailwindcss-4.1.16.tgz 0ms (cache hit)
2925 http cache react-dom@https://registry.npmjs.org/react-dom/-/react-dom-19.2.0.tgz 0ms (cache hit)
2926 http cache react@https://registry.npmjs.org/react/-/react-19.2.0.tgz 0ms (cache hit)
2927 http cache next@https://registry.npmjs.org/next/-/next-16.0.1.tgz 0ms (cache hit)
2928 http cache eslint-config-next@https://registry.npmjs.org/eslint-config-next/-/eslint-config-next-16.0.1.tgz 0ms (cache hit)
2929 http cache eslint@https://registry.npmjs.org/eslint/-/eslint-9.38.0.tgz 0ms (cache hit)
2930 http cache @types/react-dom@https://registry.npmjs.org/@types/react-dom/-/react-dom-19.2.2.tgz 0ms (cache hit)
2931 http cache @types/react@https://registry.npmjs.org/@types/react/-/react-19.2.2.tgz 0ms (cache hit)
2932 http cache @types/node@https://registry.npmjs.org/@types/node/-/node-20.19.24.tgz 0ms (cache hit)
2933 http cache @tailwindcss/postcss@https://registry.npmjs.org/@tailwindcss/postcss/-/postcss-4.1.16.tgz 0ms (cache hit)
2934 http cache glob-parent@https://registry.npmjs.org/glob-parent/-/glob-parent-5.1.2.tgz 0ms (cache hit)
2935 http cache semver@https://registry.npmjs.org/semver/-/semver-7.7.3.tgz 0ms (cache hit)
2936 http cache brace-expansion@https://registry.npmjs.org/brace-expansion/-/brace-expansion-2.0.2.tgz 0ms (cache hit)
2937 http cache fast-glob@https://registry.npmjs.org/fast-glob/-/fast-glob-3.3.3.tgz 0ms (cache hit)
2938 http cache minimatch@https://registry.npmjs.org/minimatch/-/minimatch-9.0.5.tgz 1ms (cache hit)
2939 http cache ignore@https://registry.npmjs.org/ignore/-/ignore-7.0.5.tgz 0ms (cache hit)
2940 http cache semver@https://registry.npmjs.org/semver/-/semver-7.7.3.tgz 0ms (cache hit)
2941 http cache json5@https://registry.npmjs.org/json5/-/json5-1.0.2.tgz 0ms (cache hit)
2942 http cache debug@https://registry.npmjs.org/debug/-/debug-3.2.7.tgz 0ms (cache hit)
2943 http cache picomatch@https://registry.npmjs.org/picomatch/-/picomatch-4.0.3.tgz 0ms (cache hit)
2944 http cache fdir@https://registry.npmjs.org/fdir/-/fdir-6.5.0.tgz 0ms (cache hit)
2945 http cache semver@https://registry.npmjs.org/semver/-/semver-7.7.3.tgz 0ms (cache hit)
2946 http cache glob-parent@https://registry.npmjs.org/glob-parent/-/glob-parent-5.1.2.tgz 0ms (cache hit)
2947 http cache resolve@https://registry.npmjs.org/resolve/-/resolve-2.0.0-next.5.tgz 0ms (cache hit)
2948 http cache debug@https://registry.npmjs.org/debug/-/debug-3.2.7.tgz 0ms (cache hit)
2949 http cache debug@https://registry.npmjs.org/debug/-/debug-3.2.7.tgz 0ms (cache hit)
2950 http cache @eslint/core@https://registry.npmjs.org/@eslint/core/-/core-0.17.0.tgz 0ms (cache hit)
2951 http cache @eslint/core@https://registry.npmjs.org/@eslint/core/-/core-0.17.0.tgz 0ms (cache hit)
2952 http cache postcss@https://registry.npmjs.org/postcss/-/postcss-8.4.31.tgz 0ms (cache hit)
2953 http cache globals@https://registry.npmjs.org/globals/-/globals-16.4.0.tgz 0ms (cache hit)
2954 http cache eslint-visitor-keys@https://registry.npmjs.org/eslint-visitor-keys/-/eslint-visitor-keys-3.4.3.tgz 0ms (cache hit)
2955 silly tarball no local data for is-weakmap@https://registry.npmjs.org/is-weakmap/-/is-weakmap-2.0.2.tgz. Extracting by manifest.
2956 silly tarball no local data for is-weakset@https://registry.npmjs.org/is-weakset/-/is-weakset-2.0.4.tgz. Extracting by manifest.
2957 silly tarball no local data for is-map@https://registry.npmjs.org/is-map/-/is-map-2.0.3.tgz. Extracting by manifest.
2958 silly tarball no local data for async-function@https://registry.npmjs.org/async-function/-/async-function-1.0.0.tgz. Extracting by manifest.
2959 silly tarball no local data for is-generator-function@https://registry.npmjs.org/is-generator-function/-/is-generator-function-1.1.2.tgz. Extracting by manifest.
2960 silly tarball no local data for which-collection@https://registry.npmjs.org/which-collection/-/which-collection-1.0.2.tgz. Extracting by manifest.
2961 silly tarball no local data for generator-function@https://registry.npmjs.org/generator-function/-/generator-function-2.0.1.tgz. Extracting by manifest.
2962 silly tarball no local data for is-finalizationregistry@https://registry.npmjs.org/is-finalizationregistry/-/is-finalizationregistry-1.1.1.tgz. Extracting by manifest.
2963 silly tarball no local data for is-async-function@https://registry.npmjs.org/is-async-function/-/is-async-function-2.1.1.tgz. Extracting by manifest.
2964 silly tarball no local data for is-number-object@https://registry.npmjs.org/is-number-object/-/is-number-object-1.1.1.tgz. Extracting by manifest.
2965 silly tarball no local data for is-boolean-object@https://registry.npmjs.org/is-boolean-object/-/is-boolean-object-1.2.2.tgz. Extracting by manifest.
2966 silly tarball no local data for is-bigint@https://registry.npmjs.org/is-bigint/-/is-bigint-1.1.0.tgz. Extracting by manifest.
2967 silly tarball no local data for punycode@https://registry.npmjs.org/punycode/-/punycode-2.3.1.tgz. Extracting by manifest.
2968 silly tarball no local data for escalade@https://registry.npmjs.org/escalade/-/escalade-3.2.0.tgz. Extracting by manifest.
2969 silly tarball no local data for isexe@https://registry.npmjs.org/isexe/-/isexe-2.0.0.tgz. Extracting by manifest.
2970 silly tarball no local data for @emnapi/core@https://registry.npmjs.org/@emnapi/core/-/core-1.6.0.tgz. Extracting by manifest.
2971 silly tarball no local data for @tybys/wasm-util@https://registry.npmjs.org/@tybys/wasm-util/-/wasm-util-0.10.1.tgz. Extracting by manifest.
2972 silly tarball no local data for @emnapi/wasi-threads@https://registry.npmjs.org/@emnapi/wasi-threads/-/wasi-threads-1.1.0.tgz. Extracting by manifest.
2973 silly tarball no local data for @napi-rs/wasm-runtime@https://registry.npmjs.org/@napi-rs/wasm-runtime/-/wasm-runtime-0.2.12.tgz. Extracting by manifest.
2974 silly tarball no local data for napi-postinstall@https://registry.npmjs.org/napi-postinstall/-/napi-postinstall-0.3.4.tgz. Extracting by manifest.
2975 silly tarball no local data for @unrs/resolver-binding-darwin-arm64@https://registry.npmjs.org/@unrs/resolver-binding-darwin-arm64/-/resolver-binding-darwin-arm64-1.11.1.tgz. Extracting by manifest.
2976 silly tarball no local data for which-boxed-primitive@https://registry.npmjs.org/which-boxed-primitive/-/which-boxed-primitive-1.1.1.tgz. Extracting by manifest.
2977 silly tarball no local data for has-bigints@https://registry.npmjs.org/has-bigints/-/has-bigints-1.1.0.tgz. Extracting by manifest.
2978 silly tarball no local data for @typescript-eslint/tsconfig-utils@https://registry.npmjs.org/@typescript-eslint/tsconfig-utils/-/tsconfig-utils-8.46.2.tgz. Extracting by manifest.
2979 silly tarball no local data for @typescript-eslint/project-service@https://registry.npmjs.org/@typescript-eslint/project-service/-/project-service-8.46.2.tgz. Extracting by manifest.
2980 silly tarball no local data for graphemer@https://registry.npmjs.org/graphemer/-/graphemer-1.4.0.tgz. Extracting by manifest.
2981 silly tarball no local data for ts-api-utils@https://registry.npmjs.org/ts-api-utils/-/ts-api-utils-2.1.0.tgz. Extracting by manifest.
2982 silly tarball no local data for @typescript-eslint/types@https://registry.npmjs.org/@typescript-eslint/types/-/types-8.46.2.tgz. Extracting by manifest.
2983 silly tarball no local data for @typescript-eslint/visitor-keys@https://registry.npmjs.org/@typescript-eslint/visitor-keys/-/visitor-keys-8.46.2.tgz. Extracting by manifest.
2984 silly tarball no local data for @typescript-eslint/type-utils@https://registry.npmjs.org/@typescript-eslint/type-utils/-/type-utils-8.46.2.tgz. Extracting by manifest.
2985 silly tarball no local data for @typescript-eslint/utils@https://registry.npmjs.org/@typescript-eslint/utils/-/utils-8.46.2.tgz. Extracting by manifest.
2986 silly tarball no local data for @typescript-eslint/scope-manager@https://registry.npmjs.org/@typescript-eslint/scope-manager/-/scope-manager-8.46.2.tgz. Extracting by manifest.
2987 silly tarball no local data for @typescript-eslint/typescript-estree@https://registry.npmjs.org/@typescript-eslint/typescript-estree/-/typescript-estree-8.46.2.tgz. Extracting by manifest.
2988 silly tarball no local data for @typescript-eslint/eslint-plugin@https://registry.npmjs.org/@typescript-eslint/eslint-plugin/-/eslint-plugin-8.46.2.tgz. Extracting by manifest.
2989 silly tarball no local data for @typescript-eslint/parser@https://registry.npmjs.org/@typescript-eslint/parser/-/parser-8.46.2.tgz. Extracting by manifest.
2990 silly tarball no local data for which-builtin-type@https://registry.npmjs.org/which-builtin-type/-/which-builtin-type-1.2.1.tgz. Extracting by manifest.
2991 silly tarball no local data for reflect.getprototypeof@https://registry.npmjs.org/reflect.getprototypeof/-/reflect.getprototypeof-1.0.10.tgz. Extracting by manifest.
2992 silly tarball no local data for for-each@https://registry.npmjs.org/for-each/-/for-each-0.3.5.tgz. Extracting by manifest.
2993 silly tarball no local data for minimist@https://registry.npmjs.org/minimist/-/minimist-1.2.8.tgz. Extracting by manifest.
2994 silly tarball no local data for strip-bom@https://registry.npmjs.org/strip-bom/-/strip-bom-3.0.0.tgz. Extracting by manifest.
2995 silly tarball no local data for @types/json5@https://registry.npmjs.org/@types/json5/-/json5-0.0.29.tgz. Extracting by manifest.
2996 silly tarball no local data for is-number@https://registry.npmjs.org/is-number/-/is-number-7.0.0.tgz. Extracting by manifest.
2997 silly tarball no local data for has-flag@https://registry.npmjs.org/has-flag/-/has-flag-4.0.0.tgz. Extracting by manifest.
2998 silly tarball no local data for side-channel-weakmap@https://registry.npmjs.org/side-channel-weakmap/-/side-channel-weakmap-1.0.2.tgz. Extracting by manifest.
2999 silly tarball no local data for client-only@https://registry.npmjs.org/client-only/-/client-only-0.0.1.tgz. Extracting by manifest.
3000 silly tarball no local data for side-channel-map@https://registry.npmjs.org/side-channel-map/-/side-channel-map-1.0.1.tgz. Extracting by manifest.
3001 silly tarball no local data for side-channel-list@https://registry.npmjs.org/side-channel-list/-/side-channel-list-1.0.0.tgz. Extracting by manifest.
3002 silly tarball no local data for shebang-regex@https://registry.npmjs.org/shebang-regex/-/shebang-regex-3.0.0.tgz. Extracting by manifest.
3003 silly tarball no local data for @img/sharp-libvips-darwin-arm64@https://registry.npmjs.org/@img/sharp-libvips-darwin-arm64/-/sharp-libvips-darwin-arm64-1.2.3.tgz. Extracting by manifest.
3004 silly tarball no local data for @emnapi/runtime@https://registry.npmjs.org/@emnapi/runtime/-/runtime-1.6.0.tgz. Extracting by manifest.
3005 silly tarball no local data for @img/colour@https://registry.npmjs.org/@img/colour/-/colour-1.0.0.tgz. Extracting by manifest.
3006 silly tarball no local data for @img/sharp-darwin-arm64@https://registry.npmjs.org/@img/sharp-darwin-arm64/-/sharp-darwin-arm64-0.34.4.tgz. Extracting by manifest.
3007 silly tarball no local data for queue-microtask@https://registry.npmjs.org/queue-microtask/-/queue-microtask-1.2.3.tgz. Extracting by manifest.
3008 silly tarball no local data for isarray@https://registry.npmjs.org/isarray/-/isarray-2.0.5.tgz. Extracting by manifest.
3009 silly tarball no local data for path-parse@https://registry.npmjs.org/path-parse/-/path-parse-1.0.7.tgz. Extracting by manifest.
3010 silly tarball no local data for react-is@https://registry.npmjs.org/react-is/-/react-is-16.13.1.tgz. Extracting by manifest.
3011 silly tarball no local data for scheduler@https://registry.npmjs.org/scheduler/-/scheduler-0.27.0.tgz. Extracting by manifest.
3012 silly tarball no local data for supports-preserve-symlinks-flag@https://registry.npmjs.org/supports-preserve-symlinks-flag/-/supports-preserve-symlinks-flag-1.0.0.tgz. Extracting by manifest.
3013 silly tarball no local data for object-assign@https://registry.npmjs.org/object-assign/-/object-assign-4.1.1.tgz. Extracting by manifest.
3014 silly tarball no local data for callsites@https://registry.npmjs.org/callsites/-/callsites-3.1.0.tgz. Extracting by manifest.
3015 silly tarball no local data for nanoid@https://registry.npmjs.org/nanoid/-/nanoid-3.3.11.tgz. Extracting by manifest.
3016 silly tarball no local data for loose-envify@https://registry.npmjs.org/loose-envify/-/loose-envify-1.4.0.tgz. Extracting by manifest.
3017 silly tarball no local data for yocto-queue@https://registry.npmjs.org/yocto-queue/-/yocto-queue-0.1.0.tgz. Extracting by manifest.
3018 silly tarball no local data for p-limit@https://registry.npmjs.org/p-limit/-/p-limit-3.1.0.tgz. Extracting by manifest.
3019 silly tarball no local data for fast-levenshtein@https://registry.npmjs.org/fast-levenshtein/-/fast-levenshtein-2.0.6.tgz. Extracting by manifest.
3020 silly tarball no local data for word-wrap@https://registry.npmjs.org/word-wrap/-/word-wrap-1.2.5.tgz. Extracting by manifest.
3021 silly tarball no local data for deep-is@https://registry.npmjs.org/deep-is/-/deep-is-0.1.4.tgz. Extracting by manifest.
3022 silly tarball no local data for styled-jsx@https://registry.npmjs.org/styled-jsx/-/styled-jsx-5.1.6.tgz. Extracting by manifest.
3023 silly tarball no local data for sharp@https://registry.npmjs.org/sharp/-/sharp-0.34.4.tgz. Extracting by manifest.
3024 silly tarball no local data for tslib@https://registry.npmjs.org/tslib/-/tslib-2.8.1.tgz. Extracting by manifest.
3025 silly tarball no local data for @swc/helpers@https://registry.npmjs.org/@swc/helpers/-/helpers-0.5.15.tgz. Extracting by manifest.
3026 silly tarball no local data for @next/swc-darwin-arm64@https://registry.npmjs.org/@next/swc-darwin-arm64/-/swc-darwin-arm64-16.0.1.tgz. Extracting by manifest.
3027 silly tarball no local data for @next/env@https://registry.npmjs.org/@next/env/-/env-16.0.1.tgz. Extracting by manifest.
3028 silly tarball no local data for balanced-match@https://registry.npmjs.org/balanced-match/-/balanced-match-1.0.2.tgz. Extracting by manifest.
3029 silly tarball no local data for concat-map@https://registry.npmjs.org/concat-map/-/concat-map-0.0.1.tgz. Extracting by manifest.
3030 silly tarball no local data for brace-expansion@https://registry.npmjs.org/brace-expansion/-/brace-expansion-1.1.12.tgz. Extracting by manifest.
3031 silly tarball no local data for to-regex-range@https://registry.npmjs.org/to-regex-range/-/to-regex-range-5.0.1.tgz. Extracting by manifest.
3032 silly tarball no local data for fill-range@https://registry.npmjs.org/fill-range/-/fill-range-7.1.1.tgz. Extracting by manifest.
3033 silly tarball no local data for braces@https://registry.npmjs.org/braces/-/braces-3.0.3.tgz. Extracting by manifest.
3034 silly tarball no local data for picomatch@https://registry.npmjs.org/picomatch/-/picomatch-2.3.1.tgz. Extracting by manifest.
3035 silly tarball no local data for yallist@https://registry.npmjs.org/yallist/-/yallist-3.1.1.tgz. Extracting by manifest.
3036 silly tarball no local data for p-locate@https://registry.npmjs.org/p-locate/-/p-locate-5.0.0.tgz. Extracting by manifest.
3037 silly tarball no local data for lightningcss-darwin-arm64@https://registry.npmjs.org/lightningcss-darwin-arm64/-/lightningcss-darwin-arm64-1.30.2.tgz. Extracting by manifest.
3038 silly tarball no local data for detect-libc@https://registry.npmjs.org/detect-libc/-/detect-libc-2.1.2.tgz. Extracting by manifest.
3039 silly tarball no local data for prelude-ls@https://registry.npmjs.org/prelude-ls/-/prelude-ls-1.2.1.tgz. Extracting by manifest.
3040 silly tarball no local data for type-check@https://registry.npmjs.org/type-check/-/type-check-0.4.0.tgz. Extracting by manifest.
3041 silly tarball no local data for language-subtag-registry@https://registry.npmjs.org/language-subtag-registry/-/language-subtag-registry-0.3.23.tgz. Extracting by manifest.
3042 silly tarball no local data for json-buffer@https://registry.npmjs.org/json-buffer/-/json-buffer-3.0.1.tgz. Extracting by manifest.
3043 silly tarball no local data for argparse@https://registry.npmjs.org/argparse/-/argparse-2.0.1.tgz. Extracting by manifest.
3044 silly tarball no local data for is-extglob@https://registry.npmjs.org/is-extglob/-/is-extglob-2.1.1.tgz. Extracting by manifest.
3045 silly tarball no local data for side-channel@https://registry.npmjs.org/side-channel/-/side-channel-1.1.0.tgz. Extracting by manifest.
3046 silly tarball no local data for resolve-from@https://registry.npmjs.org/resolve-from/-/resolve-from-4.0.0.tgz. Extracting by manifest.
3047 silly tarball no local data for set-function-name@https://registry.npmjs.org/set-function-name/-/set-function-name-2.0.2.tgz. Extracting by manifest.
3048 silly tarball no local data for parent-module@https://registry.npmjs.org/parent-module/-/parent-module-1.0.1.tgz. Extracting by manifest.
3049 silly tarball no local data for hermes-estree@https://registry.npmjs.org/hermes-estree/-/hermes-estree-0.25.1.tgz. Extracting by manifest.
3050 silly tarball no local data for resolve-pkg-maps@https://registry.npmjs.org/resolve-pkg-maps/-/resolve-pkg-maps-1.0.0.tgz. Extracting by manifest.
3051 silly tarball no local data for functions-have-names@https://registry.npmjs.org/functions-have-names/-/functions-have-names-1.2.3.tgz. Extracting by manifest.
3052 silly tarball no local data for flatted@https://registry.npmjs.org/flatted/-/flatted-3.3.3.tgz. Extracting by manifest.
3053 silly tarball no local data for dunder-proto@https://registry.npmjs.org/dunder-proto/-/dunder-proto-1.0.1.tgz. Extracting by manifest.
3054 silly tarball no local data for keyv@https://registry.npmjs.org/keyv/-/keyv-4.5.4.tgz. Extracting by manifest.
3055 silly tarball no local data for path-exists@https://registry.npmjs.org/path-exists/-/path-exists-4.0.0.tgz. Extracting by manifest.
3056 silly tarball no local data for reusify@https://registry.npmjs.org/reusify/-/reusify-1.1.0.tgz. Extracting by manifest.
3057 silly tarball no local data for locate-path@https://registry.npmjs.org/locate-path/-/locate-path-6.0.0.tgz. Extracting by manifest.
3058 silly tarball no local data for flat-cache@https://registry.npmjs.org/flat-cache/-/flat-cache-4.0.1.tgz. Extracting by manifest.
3059 silly tarball no local data for run-parallel@https://registry.npmjs.org/run-parallel/-/run-parallel-1.2.0.tgz. Extracting by manifest.
3060 silly tarball no local data for fastq@https://registry.npmjs.org/fastq/-/fastq-1.19.1.tgz. Extracting by manifest.
3061 silly tarball no local data for micromatch@https://registry.npmjs.org/micromatch/-/micromatch-4.0.8.tgz. Extracting by manifest.
3062 silly tarball no local data for @nodelib/fs.scandir@https://registry.npmjs.org/@nodelib/fs.scandir/-/fs.scandir-2.1.5.tgz. Extracting by manifest.
3063 silly tarball no local data for @nodelib/fs.walk@https://registry.npmjs.org/@nodelib/fs.walk/-/fs.walk-1.2.8.tgz. Extracting by manifest.
3064 silly tarball no local data for merge2@https://registry.npmjs.org/merge2/-/merge2-1.4.1.tgz. Extracting by manifest.
3065 silly tarball no local data for @nodelib/fs.stat@https://registry.npmjs.org/@nodelib/fs.stat/-/fs.stat-2.0.5.tgz. Extracting by manifest.
3066 silly tarball no local data for acorn-jsx@https://registry.npmjs.org/acorn-jsx/-/acorn-jsx-5.3.2.tgz. Extracting by manifest.
3067 silly tarball no local data for esrecurse@https://registry.npmjs.org/esrecurse/-/esrecurse-4.3.0.tgz. Extracting by manifest.
3068 silly tarball no local data for acorn@https://registry.npmjs.org/acorn/-/acorn-8.15.0.tgz. Extracting by manifest.
3069 silly tarball no local data for electron-to-chromium@https://registry.npmjs.org/electron-to-chromium/-/electron-to-chromium-1.5.244.tgz. Extracting by manifest.
3070 silly tarball no local data for node-releases@https://registry.npmjs.org/node-releases/-/node-releases-2.0.27.tgz. Extracting by manifest.
3071 silly tarball no local data for update-browserslist-db@https://registry.npmjs.org/update-browserslist-db/-/update-browserslist-db-1.1.4.tgz. Extracting by manifest.
3072 silly tarball no local data for caniuse-lite@https://registry.npmjs.org/caniuse-lite/-/caniuse-lite-1.0.30001751.tgz. Extracting by manifest.
3073 silly tarball no local data for baseline-browser-mapping@https://registry.npmjs.org/baseline-browser-mapping/-/baseline-browser-mapping-2.8.21.tgz. Extracting by manifest.
3074 silly tarball no local data for @babel/helper-string-parser@https://registry.npmjs.org/@babel/helper-string-parser/-/helper-string-parser-7.27.1.tgz. Extracting by manifest.
3075 silly tarball no local data for @babel/helper-globals@https://registry.npmjs.org/@babel/helper-globals/-/helper-globals-7.28.0.tgz. Extracting by manifest.
3076 silly tarball no local data for lru-cache@https://registry.npmjs.org/lru-cache/-/lru-cache-5.1.1.tgz. Extracting by manifest.
3077 silly tarball no local data for @babel/helper-module-imports@https://registry.npmjs.org/@babel/helper-module-imports/-/helper-module-imports-7.27.1.tgz. Extracting by manifest.
3078 silly tarball no local data for browserslist@https://registry.npmjs.org/browserslist/-/browserslist-4.27.0.tgz. Extracting by manifest.
3079 silly tarball no local data for jsesc@https://registry.npmjs.org/jsesc/-/jsesc-3.1.0.tgz. Extracting by manifest.
3080 silly tarball no local data for @babel/compat-data@https://registry.npmjs.org/@babel/compat-data/-/compat-data-7.28.5.tgz. Extracting by manifest.
3081 silly tarball no local data for picocolors@https://registry.npmjs.org/picocolors/-/picocolors-1.1.1.tgz. Extracting by manifest.
3082 silly tarball no local data for js-tokens@https://registry.npmjs.org/js-tokens/-/js-tokens-4.0.0.tgz. Extracting by manifest.
3083 silly tarball no local data for @babel/helper-validator-option@https://registry.npmjs.org/@babel/helper-validator-option/-/helper-validator-option-7.27.1.tgz. Extracting by manifest.
3084 silly tarball no local data for @babel/helper-validator-identifier@https://registry.npmjs.org/@babel/helper-validator-identifier/-/helper-validator-identifier-7.28.5.tgz. Extracting by manifest.
3085 silly tarball no local data for gensync@https://registry.npmjs.org/gensync/-/gensync-1.0.0-beta.2.tgz. Extracting by manifest.
3086 silly tarball no local data for @babel/types@https://registry.npmjs.org/@babel/types/-/types-7.28.5.tgz. Extracting by manifest.
3087 silly tarball no local data for json5@https://registry.npmjs.org/json5/-/json5-2.2.3.tgz. Extracting by manifest.
3088 silly tarball no local data for convert-source-map@https://registry.npmjs.org/convert-source-map/-/convert-source-map-2.0.0.tgz. Extracting by manifest.
3089 silly tarball no local data for @babel/template@https://registry.npmjs.org/@babel/template/-/template-7.27.2.tgz. Extracting by manifest.
3090 silly tarball no local data for @babel/traverse@https://registry.npmjs.org/@babel/traverse/-/traverse-7.28.5.tgz. Extracting by manifest.
3091 silly tarball no local data for @babel/helpers@https://registry.npmjs.org/@babel/helpers/-/helpers-7.28.4.tgz. Extracting by manifest.
3092 silly tarball no local data for @babel/helper-module-transforms@https://registry.npmjs.org/@babel/helper-module-transforms/-/helper-module-transforms-7.28.3.tgz. Extracting by manifest.
3093 silly tarball no local data for @babel/generator@https://registry.npmjs.org/@babel/generator/-/generator-7.28.5.tgz. Extracting by manifest.
3094 silly tarball no local data for @babel/helper-compilation-targets@https://registry.npmjs.org/@babel/helper-compilation-targets/-/helper-compilation-targets-7.27.2.tgz. Extracting by manifest.
3095 silly tarball no local data for @babel/code-frame@https://registry.npmjs.org/@babel/code-frame/-/code-frame-7.27.1.tgz. Extracting by manifest.
3096 silly tarball no local data for zod-validation-error@https://registry.npmjs.org/zod-validation-error/-/zod-validation-error-4.0.2.tgz. Extracting by manifest.
3097 silly tarball no local data for zod@https://registry.npmjs.org/zod/-/zod-4.1.12.tgz. Extracting by manifest.
3098 silly tarball no local data for hermes-parser@https://registry.npmjs.org/hermes-parser/-/hermes-parser-0.25.1.tgz. Extracting by manifest.
3099 silly tarball no local data for @babel/parser@https://registry.npmjs.org/@babel/parser/-/parser-7.28.5.tgz. Extracting by manifest.
3100 silly tarball no local data for @babel/core@https://registry.npmjs.org/@babel/core/-/core-7.28.5.tgz. Extracting by manifest.
3101 silly tarball no local data for iterator.prototype@https://registry.npmjs.org/iterator.prototype/-/iterator.prototype-1.1.5.tgz. Extracting by manifest.
3102 silly tarball no local data for string.prototype.repeat@https://registry.npmjs.org/string.prototype.repeat/-/string.prototype.repeat-1.0.0.tgz. Extracting by manifest.
3103 silly tarball no local data for string.prototype.matchall@https://registry.npmjs.org/string.prototype.matchall/-/string.prototype.matchall-4.0.12.tgz. Extracting by manifest.
3104 silly tarball no local data for prop-types@https://registry.npmjs.org/prop-types/-/prop-types-15.8.1.tgz. Extracting by manifest.
3105 silly tarball no local data for object.entries@https://registry.npmjs.org/object.entries/-/object.entries-1.1.9.tgz. Extracting by manifest.
3106 silly tarball no local data for es-iterator-helpers@https://registry.npmjs.org/es-iterator-helpers/-/es-iterator-helpers-1.2.1.tgz. Extracting by manifest.
3107 silly tarball no local data for estraverse@https://registry.npmjs.org/estraverse/-/estraverse-5.3.0.tgz. Extracting by manifest.
3108 silly tarball no local data for array.prototype.tosorted@https://registry.npmjs.org/array.prototype.tosorted/-/array.prototype.tosorted-1.1.4.tgz. Extracting by manifest.
3109 silly tarball no local data for array.prototype.findlast@https://registry.npmjs.org/array.prototype.findlast/-/array.prototype.findlast-1.2.5.tgz. Extracting by manifest.
3110 silly tarball no local data for string.prototype.includes@https://registry.npmjs.org/string.prototype.includes/-/string.prototype.includes-2.0.1.tgz. Extracting by manifest.
3111 silly tarball no local data for language-tags@https://registry.npmjs.org/language-tags/-/language-tags-1.0.9.tgz. Extracting by manifest.
3112 silly tarball no local data for jsx-ast-utils@https://registry.npmjs.org/jsx-ast-utils/-/jsx-ast-utils-3.3.5.tgz. Extracting by manifest.
3113 silly tarball no local data for emoji-regex@https://registry.npmjs.org/emoji-regex/-/emoji-regex-9.2.2.tgz. Extracting by manifest.
3114 silly tarball no local data for damerau-levenshtein@https://registry.npmjs.org/damerau-levenshtein/-/damerau-levenshtein-1.0.8.tgz. Extracting by manifest.
3115 silly tarball no local data for axobject-query@https://registry.npmjs.org/axobject-query/-/axobject-query-4.1.0.tgz. Extracting by manifest.
3116 silly tarball no local data for axe-core@https://registry.npmjs.org/axe-core/-/axe-core-4.11.0.tgz. Extracting by manifest.
3117 silly tarball no local data for ast-types-flow@https://registry.npmjs.org/ast-types-flow/-/ast-types-flow-0.0.8.tgz. Extracting by manifest.
3118 silly tarball no local data for aria-query@https://registry.npmjs.org/aria-query/-/aria-query-5.3.2.tgz. Extracting by manifest.
3119 silly tarball no local data for is-symbol@https://registry.npmjs.org/is-symbol/-/is-symbol-1.1.1.tgz. Extracting by manifest.
3120 silly tarball no local data for is-date-object@https://registry.npmjs.org/is-date-object/-/is-date-object-1.1.0.tgz. Extracting by manifest.
3121 silly tarball no local data for has-tostringtag@https://registry.npmjs.org/has-tostringtag/-/has-tostringtag-1.0.2.tgz. Extracting by manifest.
3122 silly tarball no local data for possible-typed-array-names@https://registry.npmjs.org/possible-typed-array-names/-/possible-typed-array-names-1.1.0.tgz. Extracting by manifest.
3123 silly tarball no local data for which-typed-array@https://registry.npmjs.org/which-typed-array/-/which-typed-array-1.1.19.tgz. Extracting by manifest.
3124 silly tarball no local data for unbox-primitive@https://registry.npmjs.org/unbox-primitive/-/unbox-primitive-1.1.0.tgz. Extracting by manifest.
3125 silly tarball no local data for typed-array-length@https://registry.npmjs.org/typed-array-length/-/typed-array-length-1.0.7.tgz. Extracting by manifest.
3126 silly tarball no local data for typed-array-byte-offset@https://registry.npmjs.org/typed-array-byte-offset/-/typed-array-byte-offset-1.0.4.tgz. Extracting by manifest.
3127 silly tarball no local data for typed-array-byte-length@https://registry.npmjs.org/typed-array-byte-length/-/typed-array-byte-length-1.0.3.tgz. Extracting by manifest.
3128 silly tarball no local data for typed-array-buffer@https://registry.npmjs.org/typed-array-buffer/-/typed-array-buffer-1.0.3.tgz. Extracting by manifest.
3129 silly tarball no local data for string.prototype.trimstart@https://registry.npmjs.org/string.prototype.trimstart/-/string.prototype.trimstart-1.0.8.tgz. Extracting by manifest.
3130 silly tarball no local data for string.prototype.trim@https://registry.npmjs.org/string.prototype.trim/-/string.prototype.trim-1.2.10.tgz. Extracting by manifest.
3131 silly tarball no local data for stop-iteration-iterator@https://registry.npmjs.org/stop-iteration-iterator/-/stop-iteration-iterator-1.1.0.tgz. Extracting by manifest.
3132 silly tarball no local data for set-proto@https://registry.npmjs.org/set-proto/-/set-proto-1.0.0.tgz. Extracting by manifest.
3133 silly tarball no local data for safe-regex-test@https://registry.npmjs.org/safe-regex-test/-/safe-regex-test-1.1.0.tgz. Extracting by manifest.
3134 silly tarball no local data for safe-push-apply@https://registry.npmjs.org/safe-push-apply/-/safe-push-apply-1.0.0.tgz. Extracting by manifest.
3135 silly tarball no local data for safe-array-concat@https://registry.npmjs.org/safe-array-concat/-/safe-array-concat-1.1.3.tgz. Extracting by manifest.
3136 silly tarball no local data for own-keys@https://registry.npmjs.org/own-keys/-/own-keys-1.0.1.tgz. Extracting by manifest.
3137 silly tarball no local data for object.assign@https://registry.npmjs.org/object.assign/-/object.assign-4.1.7.tgz. Extracting by manifest.
3138 silly tarball no local data for object-inspect@https://registry.npmjs.org/object-inspect/-/object-inspect-1.13.4.tgz. Extracting by manifest.
3139 silly tarball no local data for regexp.prototype.flags@https://registry.npmjs.org/regexp.prototype.flags/-/regexp.prototype.flags-1.5.4.tgz. Extracting by manifest.
3140 silly tarball no local data for is-weakref@https://registry.npmjs.org/is-weakref/-/is-weakref-1.1.1.tgz. Extracting by manifest.
3141 silly tarball no local data for is-typed-array@https://registry.npmjs.org/is-typed-array/-/is-typed-array-1.1.15.tgz. Extracting by manifest.
3142 silly tarball no local data for is-shared-array-buffer@https://registry.npmjs.org/is-shared-array-buffer/-/is-shared-array-buffer-1.0.4.tgz. Extracting by manifest.
3143 silly tarball no local data for is-set@https://registry.npmjs.org/is-set/-/is-set-2.0.3.tgz. Extracting by manifest.
3144 silly tarball no local data for is-negative-zero@https://registry.npmjs.org/is-negative-zero/-/is-negative-zero-2.0.3.tgz. Extracting by manifest.
3145 silly tarball no local data for is-regex@https://registry.npmjs.org/is-regex/-/is-regex-1.2.1.tgz. Extracting by manifest.
3146 silly tarball no local data for is-data-view@https://registry.npmjs.org/is-data-view/-/is-data-view-1.0.2.tgz. Extracting by manifest.
3147 silly tarball no local data for is-callable@https://registry.npmjs.org/is-callable/-/is-callable-1.2.7.tgz. Extracting by manifest.
3148 silly tarball no local data for is-array-buffer@https://registry.npmjs.org/is-array-buffer/-/is-array-buffer-3.0.5.tgz. Extracting by manifest.
3149 silly tarball no local data for internal-slot@https://registry.npmjs.org/internal-slot/-/internal-slot-1.1.0.tgz. Extracting by manifest.
3150 silly tarball no local data for has-symbols@https://registry.npmjs.org/has-symbols/-/has-symbols-1.1.0.tgz. Extracting by manifest.
3151 silly tarball no local data for has-proto@https://registry.npmjs.org/has-proto/-/has-proto-1.2.0.tgz. Extracting by manifest.
3152 silly tarball no local data for globalthis@https://registry.npmjs.org/globalthis/-/globalthis-1.0.4.tgz. Extracting by manifest.
3153 silly tarball no local data for get-symbol-description@https://registry.npmjs.org/get-symbol-description/-/get-symbol-description-1.1.0.tgz. Extracting by manifest.
3154 silly tarball no local data for get-proto@https://registry.npmjs.org/get-proto/-/get-proto-1.0.1.tgz. Extracting by manifest.
3155 silly tarball no local data for function.prototype.name@https://registry.npmjs.org/function.prototype.name/-/function.prototype.name-1.1.8.tgz. Extracting by manifest.
3156 silly tarball no local data for es-to-primitive@https://registry.npmjs.org/es-to-primitive/-/es-to-primitive-1.3.0.tgz. Extracting by manifest.
3157 silly tarball no local data for es-set-tostringtag@https://registry.npmjs.org/es-set-tostringtag/-/es-set-tostringtag-2.1.0.tgz. Extracting by manifest.
3158 silly tarball no local data for data-view-byte-offset@https://registry.npmjs.org/data-view-byte-offset/-/data-view-byte-offset-1.0.1.tgz. Extracting by manifest.
3159 silly tarball no local data for data-view-byte-length@https://registry.npmjs.org/data-view-byte-length/-/data-view-byte-length-1.0.2.tgz. Extracting by manifest.
3160 silly tarball no local data for data-view-buffer@https://registry.npmjs.org/data-view-buffer/-/data-view-buffer-1.0.2.tgz. Extracting by manifest.
3161 silly tarball no local data for available-typed-arrays@https://registry.npmjs.org/available-typed-arrays/-/available-typed-arrays-1.0.7.tgz. Extracting by manifest.
3162 silly tarball no local data for arraybuffer.prototype.slice@https://registry.npmjs.org/arraybuffer.prototype.slice/-/arraybuffer.prototype.slice-1.0.4.tgz. Extracting by manifest.
3163 silly tarball no local data for array-buffer-byte-length@https://registry.npmjs.org/array-buffer-byte-length/-/array-buffer-byte-length-1.0.2.tgz. Extracting by manifest.
3164 silly tarball no local data for gopd@https://registry.npmjs.org/gopd/-/gopd-1.2.0.tgz. Extracting by manifest.
3165 silly tarball no local data for object-keys@https://registry.npmjs.org/object-keys/-/object-keys-1.1.1.tgz. Extracting by manifest.
3166 silly tarball no local data for has-property-descriptors@https://registry.npmjs.org/has-property-descriptors/-/has-property-descriptors-1.0.2.tgz. Extracting by manifest.
3167 silly tarball no local data for define-data-property@https://registry.npmjs.org/define-data-property/-/define-data-property-1.1.4.tgz. Extracting by manifest.
3168 silly tarball no local data for function-bind@https://registry.npmjs.org/function-bind/-/function-bind-1.1.2.tgz. Extracting by manifest.
3169 silly tarball no local data for set-function-length@https://registry.npmjs.org/set-function-length/-/set-function-length-1.2.2.tgz. Extracting by manifest.
3170 silly tarball no local data for call-bind-apply-helpers@https://registry.npmjs.org/call-bind-apply-helpers/-/call-bind-apply-helpers-1.0.2.tgz. Extracting by manifest.
3171 silly tarball no local data for es-define-property@https://registry.npmjs.org/es-define-property/-/es-define-property-1.0.1.tgz. Extracting by manifest.
3172 silly tarball no local data for es-shim-unscopables@https://registry.npmjs.org/es-shim-unscopables/-/es-shim-unscopables-1.1.0.tgz. Extracting by manifest.
3173 silly tarball no local data for es-errors@https://registry.npmjs.org/es-errors/-/es-errors-1.3.0.tgz. Extracting by manifest.
3174 silly tarball no local data for math-intrinsics@https://registry.npmjs.org/math-intrinsics/-/math-intrinsics-1.1.0.tgz. Extracting by manifest.
3175 silly tarball no local data for get-intrinsic@https://registry.npmjs.org/get-intrinsic/-/get-intrinsic-1.3.0.tgz. Extracting by manifest.
3176 silly tarball no local data for is-string@https://registry.npmjs.org/is-string/-/is-string-1.1.1.tgz. Extracting by manifest.
3177 silly tarball no local data for es-object-atoms@https://registry.npmjs.org/es-object-atoms/-/es-object-atoms-1.1.1.tgz. Extracting by manifest.
3178 silly tarball no local data for define-properties@https://registry.npmjs.org/define-properties/-/define-properties-1.2.1.tgz. Extracting by manifest.
3179 silly tarball no local data for es-abstract@https://registry.npmjs.org/es-abstract/-/es-abstract-1.24.0.tgz. Extracting by manifest.
3180 silly tarball no local data for call-bound@https://registry.npmjs.org/call-bound/-/call-bound-1.0.4.tgz. Extracting by manifest.
3181 silly tarball no local data for call-bind@https://registry.npmjs.org/call-bind/-/call-bind-1.0.8.tgz. Extracting by manifest.
3182 silly tarball no local data for tsconfig-paths@https://registry.npmjs.org/tsconfig-paths/-/tsconfig-paths-3.15.0.tgz. Extracting by manifest.
3183 silly tarball no local data for string.prototype.trimend@https://registry.npmjs.org/string.prototype.trimend/-/string.prototype.trimend-1.0.9.tgz. Extracting by manifest.
3184 silly tarball no local data for semver@https://registry.npmjs.org/semver/-/semver-6.3.1.tgz. Extracting by manifest.
3185 silly tarball no local data for object.values@https://registry.npmjs.org/object.values/-/object.values-1.2.1.tgz. Extracting by manifest.
3186 silly tarball no local data for object.groupby@https://registry.npmjs.org/object.groupby/-/object.groupby-1.0.3.tgz. Extracting by manifest.
3187 silly tarball no local data for hasown@https://registry.npmjs.org/hasown/-/hasown-2.0.2.tgz. Extracting by manifest.
3188 silly tarball no local data for eslint-module-utils@https://registry.npmjs.org/eslint-module-utils/-/eslint-module-utils-2.12.1.tgz. Extracting by manifest.
3189 silly tarball no local data for object.fromentries@https://registry.npmjs.org/object.fromentries/-/object.fromentries-2.0.8.tgz. Extracting by manifest.
3190 silly tarball no local data for doctrine@https://registry.npmjs.org/doctrine/-/doctrine-2.1.0.tgz. Extracting by manifest.
3191 silly tarball no local data for array.prototype.flat@https://registry.npmjs.org/array.prototype.flat/-/array.prototype.flat-1.3.3.tgz. Extracting by manifest.
3192 silly tarball no local data for array.prototype.findlastindex@https://registry.npmjs.org/array.prototype.findlastindex/-/array.prototype.findlastindex-1.2.6.tgz. Extracting by manifest.
3193 silly tarball no local data for array-includes@https://registry.npmjs.org/array-includes/-/array-includes-3.1.9.tgz. Extracting by manifest.
3194 silly tarball no local data for @rtsao/scc@https://registry.npmjs.org/@rtsao/scc/-/scc-1.1.0.tgz. Extracting by manifest.
3195 silly tarball no local data for unrs-resolver@https://registry.npmjs.org/unrs-resolver/-/unrs-resolver-1.11.1.tgz. Extracting by manifest.
3196 silly tarball no local data for array.prototype.flatmap@https://registry.npmjs.org/array.prototype.flatmap/-/array.prototype.flatmap-1.3.3.tgz. Extracting by manifest.
3197 silly tarball no local data for tinyglobby@https://registry.npmjs.org/tinyglobby/-/tinyglobby-0.2.15.tgz. Extracting by manifest.
3198 silly tarball no local data for stable-hash@https://registry.npmjs.org/stable-hash/-/stable-hash-0.0.5.tgz. Extracting by manifest.
3199 silly tarball no local data for is-bun-module@https://registry.npmjs.org/is-bun-module/-/is-bun-module-2.0.0.tgz. Extracting by manifest.
3200 silly tarball no local data for resolve@https://registry.npmjs.org/resolve/-/resolve-1.22.11.tgz. Extracting by manifest.
3201 silly tarball no local data for get-tsconfig@https://registry.npmjs.org/get-tsconfig/-/get-tsconfig-4.13.0.tgz. Extracting by manifest.
3202 silly tarball no local data for @nolyfill/is-core-module@https://registry.npmjs.org/@nolyfill/is-core-module/-/is-core-module-1.0.39.tgz. Extracting by manifest.
3203 silly tarball no local data for is-core-module@https://registry.npmjs.org/is-core-module/-/is-core-module-2.16.1.tgz. Extracting by manifest.
3204 silly tarball no local data for fast-glob@https://registry.npmjs.org/fast-glob/-/fast-glob-3.3.1.tgz. Extracting by manifest.
3205 silly tarball no local data for typescript-eslint@https://registry.npmjs.org/typescript-eslint/-/typescript-eslint-8.46.2.tgz. Extracting by manifest.
3206 silly tarball no local data for eslint-plugin-react-hooks@https://registry.npmjs.org/eslint-plugin-react-hooks/-/eslint-plugin-react-hooks-7.0.1.tgz. Extracting by manifest.
3207 silly tarball no local data for eslint-plugin-react@https://registry.npmjs.org/eslint-plugin-react/-/eslint-plugin-react-7.37.5.tgz. Extracting by manifest.
3208 silly tarball no local data for eslint-plugin-jsx-a11y@https://registry.npmjs.org/eslint-plugin-jsx-a11y/-/eslint-plugin-jsx-a11y-6.10.2.tgz. Extracting by manifest.
3209 silly tarball no local data for eslint-plugin-import@https://registry.npmjs.org/eslint-plugin-import/-/eslint-plugin-import-2.32.0.tgz. Extracting by manifest.
3210 silly tarball no local data for eslint-import-resolver-typescript@https://registry.npmjs.org/eslint-import-resolver-typescript/-/eslint-import-resolver-typescript-3.10.1.tgz. Extracting by manifest.
3211 silly tarball no local data for eslint-import-resolver-node@https://registry.npmjs.org/eslint-import-resolver-node/-/eslint-import-resolver-node-0.3.9.tgz. Extracting by manifest.
3212 silly tarball no local data for @next/eslint-plugin-next@https://registry.npmjs.org/@next/eslint-plugin-next/-/eslint-plugin-next-16.0.1.tgz. Extracting by manifest.
3213 silly tarball no local data for ms@https://registry.npmjs.org/ms/-/ms-2.1.3.tgz. Extracting by manifest.
3214 silly tarball no local data for which@https://registry.npmjs.org/which/-/which-2.0.2.tgz. Extracting by manifest.
3215 silly tarball no local data for shebang-command@https://registry.npmjs.org/shebang-command/-/shebang-command-2.0.0.tgz. Extracting by manifest.
3216 silly tarball no local data for color-name@https://registry.npmjs.org/color-name/-/color-name-1.1.4.tgz. Extracting by manifest.
3217 silly tarball no local data for color-convert@https://registry.npmjs.org/color-convert/-/color-convert-2.0.1.tgz. Extracting by manifest.
3218 silly tarball no local data for path-key@https://registry.npmjs.org/path-key/-/path-key-3.1.1.tgz. Extracting by manifest.
3219 silly tarball no local data for supports-color@https://registry.npmjs.org/supports-color/-/supports-color-7.2.0.tgz. Extracting by manifest.
3220 silly tarball no local data for ansi-styles@https://registry.npmjs.org/ansi-styles/-/ansi-styles-4.3.0.tgz. Extracting by manifest.
3221 silly tarball no local data for uri-js@https://registry.npmjs.org/uri-js/-/uri-js-4.4.1.tgz. Extracting by manifest.
3222 silly tarball no local data for json-schema-traverse@https://registry.npmjs.org/json-schema-traverse/-/json-schema-traverse-0.4.1.tgz. Extracting by manifest.
3223 silly tarball no local data for fast-json-stable-stringify@https://registry.npmjs.org/fast-json-stable-stringify/-/fast-json-stable-stringify-2.1.0.tgz. Extracting by manifest.
3224 silly tarball no local data for @humanfs/core@https://registry.npmjs.org/@humanfs/core/-/core-0.19.1.tgz. Extracting by manifest.
3225 silly tarball no local data for levn@https://registry.npmjs.org/levn/-/levn-0.4.1.tgz. Extracting by manifest.
3226 silly tarball no local data for strip-json-comments@https://registry.npmjs.org/strip-json-comments/-/strip-json-comments-3.1.1.tgz. Extracting by manifest.
3227 silly tarball no local data for js-yaml@https://registry.npmjs.org/js-yaml/-/js-yaml-4.1.0.tgz. Extracting by manifest.
3228 silly tarball no local data for globals@https://registry.npmjs.org/globals/-/globals-14.0.0.tgz. Extracting by manifest.
3229 silly tarball no local data for import-fresh@https://registry.npmjs.org/import-fresh/-/import-fresh-3.3.1.tgz. Extracting by manifest.
3230 silly tarball no local data for @types/json-schema@https://registry.npmjs.org/@types/json-schema/-/json-schema-7.0.15.tgz. Extracting by manifest.
3231 silly tarball no local data for @eslint/object-schema@https://registry.npmjs.org/@eslint/object-schema/-/object-schema-2.1.7.tgz. Extracting by manifest.
3232 silly tarball no local data for optionator@https://registry.npmjs.org/optionator/-/optionator-0.9.4.tgz. Extracting by manifest.
3233 silly tarball no local data for natural-compare@https://registry.npmjs.org/natural-compare/-/natural-compare-1.4.0.tgz. Extracting by manifest.
3234 silly tarball no local data for minimatch@https://registry.npmjs.org/minimatch/-/minimatch-3.1.2.tgz. Extracting by manifest.
3235 silly tarball no local data for lodash.merge@https://registry.npmjs.org/lodash.merge/-/lodash.merge-4.6.2.tgz. Extracting by manifest.
3236 silly tarball no local data for json-stable-stringify-without-jsonify@https://registry.npmjs.org/json-stable-stringify-without-jsonify/-/json-stable-stringify-without-jsonify-1.0.1.tgz. Extracting by manifest.
3237 silly tarball no local data for is-glob@https://registry.npmjs.org/is-glob/-/is-glob-4.0.3.tgz. Extracting by manifest.
3238 silly tarball no local data for imurmurhash@https://registry.npmjs.org/imurmurhash/-/imurmurhash-0.1.4.tgz. Extracting by manifest.
3239 silly tarball no local data for ignore@https://registry.npmjs.org/ignore/-/ignore-5.3.2.tgz. Extracting by manifest.
3240 silly tarball no local data for glob-parent@https://registry.npmjs.org/glob-parent/-/glob-parent-6.0.2.tgz. Extracting by manifest.
3241 silly tarball no local data for file-entry-cache@https://registry.npmjs.org/file-entry-cache/-/file-entry-cache-8.0.0.tgz. Extracting by manifest.
3242 silly tarball no local data for fast-deep-equal@https://registry.npmjs.org/fast-deep-equal/-/fast-deep-equal-3.1.3.tgz. Extracting by manifest.
3243 silly tarball no local data for esutils@https://registry.npmjs.org/esutils/-/esutils-2.0.3.tgz. Extracting by manifest.
3244 silly tarball no local data for esquery@https://registry.npmjs.org/esquery/-/esquery-1.6.0.tgz. Extracting by manifest.
3245 silly tarball no local data for espree@https://registry.npmjs.org/espree/-/espree-10.4.0.tgz. Extracting by manifest.
3246 silly tarball no local data for find-up@https://registry.npmjs.org/find-up/-/find-up-5.0.0.tgz. Extracting by manifest.
3247 silly tarball no local data for eslint-visitor-keys@https://registry.npmjs.org/eslint-visitor-keys/-/eslint-visitor-keys-4.2.1.tgz. Extracting by manifest.
3248 silly tarball no local data for eslint-scope@https://registry.npmjs.org/eslint-scope/-/eslint-scope-8.4.0.tgz. Extracting by manifest.
3249 silly tarball no local data for escape-string-regexp@https://registry.npmjs.org/escape-string-regexp/-/escape-string-regexp-4.0.0.tgz. Extracting by manifest.
3250 silly tarball no local data for debug@https://registry.npmjs.org/debug/-/debug-4.4.3.tgz. Extracting by manifest.
3251 silly tarball no local data for cross-spawn@https://registry.npmjs.org/cross-spawn/-/cross-spawn-7.0.6.tgz. Extracting by manifest.
3252 silly tarball no local data for chalk@https://registry.npmjs.org/chalk/-/chalk-4.1.2.tgz. Extracting by manifest.
3253 silly tarball no local data for ajv@https://registry.npmjs.org/ajv/-/ajv-6.12.6.tgz. Extracting by manifest.
3254 silly tarball no local data for @types/estree@https://registry.npmjs.org/@types/estree/-/estree-1.0.8.tgz. Extracting by manifest.
3255 silly tarball no local data for @humanwhocodes/retry@https://registry.npmjs.org/@humanwhocodes/retry/-/retry-0.4.3.tgz. Extracting by manifest.
3256 silly tarball no local data for @humanwhocodes/module-importer@https://registry.npmjs.org/@humanwhocodes/module-importer/-/module-importer-1.0.1.tgz. Extracting by manifest.
3257 silly tarball no local data for @humanfs/node@https://registry.npmjs.org/@humanfs/node/-/node-0.16.7.tgz. Extracting by manifest.
3258 silly tarball no local data for @eslint/plugin-kit@https://registry.npmjs.org/@eslint/plugin-kit/-/plugin-kit-0.4.1.tgz. Extracting by manifest.
3259 silly tarball no local data for @eslint/js@https://registry.npmjs.org/@eslint/js/-/js-9.38.0.tgz. Extracting by manifest.
3260 silly tarball no local data for @eslint/eslintrc@https://registry.npmjs.org/@eslint/eslintrc/-/eslintrc-3.3.1.tgz. Extracting by manifest.
3261 silly tarball no local data for @eslint/config-helpers@https://registry.npmjs.org/@eslint/config-helpers/-/config-helpers-0.4.2.tgz. Extracting by manifest.
3262 silly tarball no local data for @eslint/config-array@https://registry.npmjs.org/@eslint/config-array/-/config-array-0.21.1.tgz. Extracting by manifest.
3263 silly tarball no local data for @eslint-community/regexpp@https://registry.npmjs.org/@eslint-community/regexpp/-/regexpp-4.12.2.tgz. Extracting by manifest.
3264 silly tarball no local data for @eslint-community/eslint-utils@https://registry.npmjs.org/@eslint-community/eslint-utils/-/eslint-utils-4.9.0.tgz. Extracting by manifest.
3265 silly tarball no local data for @eslint/core@https://registry.npmjs.org/@eslint/core/-/core-0.16.0.tgz. Extracting by manifest.
3266 silly tarball no local data for tapable@https://registry.npmjs.org/tapable/-/tapable-2.3.0.tgz. Extracting by manifest.
3267 silly tarball no local data for graceful-fs@https://registry.npmjs.org/graceful-fs/-/graceful-fs-4.2.11.tgz. Extracting by manifest.
3268 silly tarball no local data for csstype@https://registry.npmjs.org/csstype/-/csstype-3.1.3.tgz. Extracting by manifest.
3269 silly tarball no local data for undici-types@https://registry.npmjs.org/undici-types/-/undici-types-6.21.0.tgz. Extracting by manifest.
3270 silly tarball no local data for @tailwindcss/oxide-darwin-arm64@https://registry.npmjs.org/@tailwindcss/oxide-darwin-arm64/-/oxide-darwin-arm64-4.1.16.tgz. Extracting by manifest.
3271 silly tarball no local data for @jridgewell/resolve-uri@https://registry.npmjs.org/@jridgewell/resolve-uri/-/resolve-uri-3.1.2.tgz. Extracting by manifest.
3272 silly tarball no local data for @jridgewell/sourcemap-codec@https://registry.npmjs.org/@jridgewell/sourcemap-codec/-/sourcemap-codec-1.5.5.tgz. Extracting by manifest.
3273 silly tarball no local data for @jridgewell/trace-mapping@https://registry.npmjs.org/@jridgewell/trace-mapping/-/trace-mapping-0.3.31.tgz. Extracting by manifest.
3274 silly tarball no local data for @jridgewell/gen-mapping@https://registry.npmjs.org/@jridgewell/gen-mapping/-/gen-mapping-0.3.13.tgz. Extracting by manifest.
3275 silly tarball no local data for source-map-js@https://registry.npmjs.org/source-map-js/-/source-map-js-1.2.1.tgz. Extracting by manifest.
3276 silly tarball no local data for magic-string@https://registry.npmjs.org/magic-string/-/magic-string-0.30.21.tgz. Extracting by manifest.
3277 silly tarball no local data for lightningcss@https://registry.npmjs.org/lightningcss/-/lightningcss-1.30.2.tgz. Extracting by manifest.
3278 silly tarball no local data for jiti@https://registry.npmjs.org/jiti/-/jiti-2.6.1.tgz. Extracting by manifest.
3279 silly tarball no local data for enhanced-resolve@https://registry.npmjs.org/enhanced-resolve/-/enhanced-resolve-5.18.3.tgz. Extracting by manifest.
3280 silly tarball no local data for @jridgewell/remapping@https://registry.npmjs.org/@jridgewell/remapping/-/remapping-2.3.5.tgz. Extracting by manifest.
3281 silly tarball no local data for postcss@https://registry.npmjs.org/postcss/-/postcss-8.5.6.tgz. Extracting by manifest.
3282 silly tarball no local data for @tailwindcss/oxide@https://registry.npmjs.org/@tailwindcss/oxide/-/oxide-4.1.16.tgz. Extracting by manifest.
3283 silly tarball no local data for @tailwindcss/node@https://registry.npmjs.org/@tailwindcss/node/-/node-4.1.16.tgz. Extracting by manifest.
3284 silly tarball no local data for @alloc/quick-lru@https://registry.npmjs.org/@alloc/quick-lru/-/quick-lru-5.2.0.tgz. Extracting by manifest.
3285 silly tarball no local data for typescript@https://registry.npmjs.org/typescript/-/typescript-5.9.3.tgz. Extracting by manifest.
3286 silly tarball no local data for tailwindcss@https://registry.npmjs.org/tailwindcss/-/tailwindcss-4.1.16.tgz. Extracting by manifest.
3287 silly tarball no local data for react-dom@https://registry.npmjs.org/react-dom/-/react-dom-19.2.0.tgz. Extracting by manifest.
3288 silly tarball no local data for react@https://registry.npmjs.org/react/-/react-19.2.0.tgz. Extracting by manifest.
3289 silly tarball no local data for next@https://registry.npmjs.org/next/-/next-16.0.1.tgz. Extracting by manifest.
3290 silly tarball no local data for eslint-config-next@https://registry.npmjs.org/eslint-config-next/-/eslint-config-next-16.0.1.tgz. Extracting by manifest.
3291 silly tarball no local data for eslint@https://registry.npmjs.org/eslint/-/eslint-9.38.0.tgz. Extracting by manifest.
3292 silly tarball no local data for @types/react-dom@https://registry.npmjs.org/@types/react-dom/-/react-dom-19.2.2.tgz. Extracting by manifest.
3293 silly tarball no local data for @types/react@https://registry.npmjs.org/@types/react/-/react-19.2.2.tgz. Extracting by manifest.
3294 silly tarball no local data for @types/node@https://registry.npmjs.org/@types/node/-/node-20.19.24.tgz. Extracting by manifest.
3295 silly tarball no local data for @tailwindcss/postcss@https://registry.npmjs.org/@tailwindcss/postcss/-/postcss-4.1.16.tgz. Extracting by manifest.
3296 silly tarball no local data for glob-parent@https://registry.npmjs.org/glob-parent/-/glob-parent-5.1.2.tgz. Extracting by manifest.
3297 silly tarball no local data for semver@https://registry.npmjs.org/semver/-/semver-7.7.3.tgz. Extracting by manifest.
3298 silly tarball no local data for brace-expansion@https://registry.npmjs.org/brace-expansion/-/brace-expansion-2.0.2.tgz. Extracting by manifest.
3299 silly tarball no local data for fast-glob@https://registry.npmjs.org/fast-glob/-/fast-glob-3.3.3.tgz. Extracting by manifest.
3300 silly tarball no local data for minimatch@https://registry.npmjs.org/minimatch/-/minimatch-9.0.5.tgz. Extracting by manifest.
3301 silly tarball no local data for ignore@https://registry.npmjs.org/ignore/-/ignore-7.0.5.tgz. Extracting by manifest.
3302 silly tarball no local data for semver@https://registry.npmjs.org/semver/-/semver-7.7.3.tgz. Extracting by manifest.
3303 silly tarball no local data for json5@https://registry.npmjs.org/json5/-/json5-1.0.2.tgz. Extracting by manifest.
3304 silly tarball no local data for debug@https://registry.npmjs.org/debug/-/debug-3.2.7.tgz. Extracting by manifest.
3305 silly tarball no local data for picomatch@https://registry.npmjs.org/picomatch/-/picomatch-4.0.3.tgz. Extracting by manifest.
3306 silly tarball no local data for fdir@https://registry.npmjs.org/fdir/-/fdir-6.5.0.tgz. Extracting by manifest.
3307 silly tarball no local data for semver@https://registry.npmjs.org/semver/-/semver-7.7.3.tgz. Extracting by manifest.
3308 silly tarball no local data for glob-parent@https://registry.npmjs.org/glob-parent/-/glob-parent-5.1.2.tgz. Extracting by manifest.
3309 silly tarball no local data for resolve@https://registry.npmjs.org/resolve/-/resolve-2.0.0-next.5.tgz. Extracting by manifest.
3310 silly tarball no local data for debug@https://registry.npmjs.org/debug/-/debug-3.2.7.tgz. Extracting by manifest.
3311 silly tarball no local data for debug@https://registry.npmjs.org/debug/-/debug-3.2.7.tgz. Extracting by manifest.
3312 silly tarball no local data for @eslint/core@https://registry.npmjs.org/@eslint/core/-/core-0.17.0.tgz. Extracting by manifest.
3313 silly tarball no local data for @eslint/core@https://registry.npmjs.org/@eslint/core/-/core-0.17.0.tgz. Extracting by manifest.
3314 silly tarball no local data for postcss@https://registry.npmjs.org/postcss/-/postcss-8.4.31.tgz. Extracting by manifest.
3315 silly tarball no local data for globals@https://registry.npmjs.org/globals/-/globals-16.4.0.tgz. Extracting by manifest.
3316 silly tarball no local data for eslint-visitor-keys@https://registry.npmjs.org/eslint-visitor-keys/-/eslint-visitor-keys-3.4.3.tgz. Extracting by manifest.
3317 http fetch GET 200 https://registry.npmjs.org/is-weakmap/-/is-weakmap-2.0.2.tgz 164ms (cache miss)
3318 http fetch GET 200 https://registry.npmjs.org/async-function/-/async-function-1.0.0.tgz 161ms (cache miss)
3319 http fetch GET 200 https://registry.npmjs.org/is-finalizationregistry/-/is-finalizationregistry-1.1.1.tgz 161ms (cache miss)
3320 http fetch GET 200 https://registry.npmjs.org/which-collection/-/which-collection-1.0.2.tgz 162ms (cache miss)
3321 http fetch GET 200 https://registry.npmjs.org/is-async-function/-/is-async-function-2.1.1.tgz 161ms (cache miss)
3322 http fetch GET 200 https://registry.npmjs.org/is-generator-function/-/is-generator-function-1.1.2.tgz 162ms (cache miss)
3323 http fetch GET 200 https://registry.npmjs.org/generator-function/-/generator-function-2.0.1.tgz 162ms (cache miss)
3324 http fetch GET 200 https://registry.npmjs.org/is-weakset/-/is-weakset-2.0.4.tgz 163ms (cache miss)
3325 http fetch GET 200 https://registry.npmjs.org/is-map/-/is-map-2.0.3.tgz 163ms (cache miss)
3326 http fetch GET 200 https://registry.npmjs.org/isexe/-/isexe-2.0.0.tgz 167ms (cache miss)
3327 http fetch GET 200 https://registry.npmjs.org/has-bigints/-/has-bigints-1.1.0.tgz 193ms (cache miss)
3328 http fetch GET 200 https://registry.npmjs.org/which-boxed-primitive/-/which-boxed-primitive-1.1.1.tgz 197ms (cache miss)
3329 http fetch GET 200 https://registry.npmjs.org/punycode/-/punycode-2.3.1.tgz 199ms (cache miss)
3330 http fetch GET 200 https://registry.npmjs.org/is-number-object/-/is-number-object-1.1.1.tgz 201ms (cache miss)
3331 http fetch GET 200 https://registry.npmjs.org/napi-postinstall/-/napi-postinstall-0.3.4.tgz 199ms (cache miss)
3332 http fetch GET 200 https://registry.npmjs.org/escalade/-/escalade-3.2.0.tgz 202ms (cache miss)
3333 http fetch GET 200 https://registry.npmjs.org/is-bigint/-/is-bigint-1.1.0.tgz 203ms (cache miss)
3334 http fetch GET 200 https://registry.npmjs.org/is-boolean-object/-/is-boolean-object-1.2.2.tgz 203ms (cache miss)
3335 http fetch POST 200 https://registry.npmjs.org/-/npm/v1/security/advisories/bulk 245ms
3336 silly audit report {}
3337 http fetch GET 200 https://registry.npmjs.org/@emnapi/wasi-threads/-/wasi-threads-1.1.0.tgz 214ms (cache miss)
3338 http fetch GET 200 https://registry.npmjs.org/@typescript-eslint/types/-/types-8.46.2.tgz 240ms (cache miss)
3339 http fetch GET 200 https://registry.npmjs.org/@typescript-eslint/scope-manager/-/scope-manager-8.46.2.tgz 254ms (cache miss)
3340 http fetch GET 200 https://registry.npmjs.org/graphemer/-/graphemer-1.4.0.tgz 257ms (cache miss)
3341 http fetch GET 200 https://registry.npmjs.org/@typescript-eslint/tsconfig-utils/-/tsconfig-utils-8.46.2.tgz 270ms (cache miss)
3342 http fetch GET 200 https://registry.npmjs.org/@tybys/wasm-util/-/wasm-util-0.10.1.tgz 281ms (cache miss)
3343 http fetch GET 200 https://registry.npmjs.org/which-builtin-type/-/which-builtin-type-1.2.1.tgz 277ms (cache miss)
3344 http fetch GET 200 https://registry.npmjs.org/reflect.getprototypeof/-/reflect.getprototypeof-1.0.10.tgz 287ms (cache miss)
3345 http fetch GET 200 https://registry.npmjs.org/@typescript-eslint/project-service/-/project-service-8.46.2.tgz 289ms (cache miss)
3346 http fetch GET 200 https://registry.npmjs.org/ts-api-utils/-/ts-api-utils-2.1.0.tgz 295ms (cache miss)
3347 http fetch GET 200 https://registry.npmjs.org/strip-bom/-/strip-bom-3.0.0.tgz 297ms (cache miss)
3348 http fetch GET 200 https://registry.npmjs.org/@typescript-eslint/type-utils/-/type-utils-8.46.2.tgz 306ms (cache miss)
3349 http fetch GET 200 https://registry.npmjs.org/for-each/-/for-each-0.3.5.tgz 306ms (cache miss)
3350 http fetch GET 200 https://registry.npmjs.org/minimist/-/minimist-1.2.8.tgz 309ms (cache miss)
3351 http fetch GET 200 https://registry.npmjs.org/is-number/-/is-number-7.0.0.tgz 308ms (cache miss)
3352 http fetch GET 200 https://registry.npmjs.org/@typescript-eslint/utils/-/utils-8.46.2.tgz 314ms (cache miss)
3353 http fetch GET 200 https://registry.npmjs.org/has-flag/-/has-flag-4.0.0.tgz 315ms (cache miss)
3354 http fetch GET 200 https://registry.npmjs.org/@typescript-eslint/visitor-keys/-/visitor-keys-8.46.2.tgz 328ms (cache miss)
3355 http fetch GET 200 https://registry.npmjs.org/side-channel-map/-/side-channel-map-1.0.1.tgz 324ms (cache miss)
3356 http fetch GET 200 https://registry.npmjs.org/side-channel-weakmap/-/side-channel-weakmap-1.0.2.tgz 326ms (cache miss)
3357 http fetch GET 200 https://registry.npmjs.org/client-only/-/client-only-0.0.1.tgz 325ms (cache miss)
3358 http fetch GET 200 https://registry.npmjs.org/shebang-regex/-/shebang-regex-3.0.0.tgz 326ms (cache miss)
3359 http fetch GET 200 https://registry.npmjs.org/side-channel-list/-/side-channel-list-1.0.0.tgz 329ms (cache miss)
3360 http fetch GET 200 https://registry.npmjs.org/isarray/-/isarray-2.0.5.tgz 352ms (cache miss)
3361 http fetch GET 200 https://registry.npmjs.org/path-parse/-/path-parse-1.0.7.tgz 352ms (cache miss)
3362 http fetch GET 200 https://registry.npmjs.org/queue-microtask/-/queue-microtask-1.2.3.tgz 353ms (cache miss)
3363 http fetch GET 200 https://registry.npmjs.org/react-is/-/react-is-16.13.1.tgz 362ms (cache miss)
3364 http fetch GET 200 https://registry.npmjs.org/@typescript-eslint/typescript-estree/-/typescript-estree-8.46.2.tgz 371ms (cache miss)
3365 http fetch GET 200 https://registry.npmjs.org/scheduler/-/scheduler-0.27.0.tgz 373ms (cache miss)
3366 http fetch GET 200 https://registry.npmjs.org/object-assign/-/object-assign-4.1.1.tgz 373ms (cache miss)
3367 http fetch GET 200 https://registry.npmjs.org/supports-preserve-symlinks-flag/-/supports-preserve-symlinks-flag-1.0.0.tgz 375ms (cache miss)
3368 http fetch GET 200 https://registry.npmjs.org/@types/json5/-/json5-0.0.29.tgz 384ms (cache miss)
3369 http fetch GET 200 https://registry.npmjs.org/@unrs/resolver-binding-darwin-arm64/-/resolver-binding-darwin-arm64-1.11.1.tgz 393ms (cache miss)
3370 http fetch GET 200 https://registry.npmjs.org/loose-envify/-/loose-envify-1.4.0.tgz 392ms (cache miss)
3371 http fetch GET 200 https://registry.npmjs.org/yocto-queue/-/yocto-queue-0.1.0.tgz 397ms (cache miss)
3372 http fetch GET 200 https://registry.npmjs.org/nanoid/-/nanoid-3.3.11.tgz 402ms (cache miss)
3373 http fetch GET 200 https://registry.npmjs.org/@emnapi/core/-/core-1.6.0.tgz 411ms (cache miss)
3374 http fetch GET 200 https://registry.npmjs.org/callsites/-/callsites-3.1.0.tgz 414ms (cache miss)
3375 http fetch GET 200 https://registry.npmjs.org/deep-is/-/deep-is-0.1.4.tgz 412ms (cache miss)
3376 http fetch GET 200 https://registry.npmjs.org/word-wrap/-/word-wrap-1.2.5.tgz 416ms (cache miss)
3377 http fetch GET 200 https://registry.npmjs.org/tslib/-/tslib-2.8.1.tgz 437ms (cache miss)
3378 http fetch GET 200 https://registry.npmjs.org/balanced-match/-/balanced-match-1.0.2.tgz 458ms (cache miss)
3379 http fetch GET 200 https://registry.npmjs.org/concat-map/-/concat-map-0.0.1.tgz 485ms (cache miss)
3380 http fetch GET 200 https://registry.npmjs.org/@emnapi/runtime/-/runtime-1.6.0.tgz 565ms (cache miss)
3381 http fetch GET 200 https://registry.npmjs.org/@img/colour/-/colour-1.0.0.tgz 611ms (cache miss)
3382 http fetch GET 200 https://registry.npmjs.org/p-limit/-/p-limit-3.1.0.tgz 641ms (cache miss)
3383 http fetch GET 200 https://registry.npmjs.org/fill-range/-/fill-range-7.1.1.tgz 638ms (cache miss)
3384 http fetch GET 200 https://registry.npmjs.org/fast-levenshtein/-/fast-levenshtein-2.0.6.tgz 646ms (cache miss)
3385 http fetch GET 200 https://registry.npmjs.org/@typescript-eslint/eslint-plugin/-/eslint-plugin-8.46.2.tgz 701ms (cache miss)
3386 http fetch GET 200 https://registry.npmjs.org/@typescript-eslint/parser/-/parser-8.46.2.tgz 702ms (cache miss)
3387 http fetch GET 200 https://registry.npmjs.org/p-locate/-/p-locate-5.0.0.tgz 711ms (cache miss)
3388 http fetch GET 200 https://registry.npmjs.org/picomatch/-/picomatch-2.3.1.tgz 713ms (cache miss)
3389 http fetch GET 200 https://registry.npmjs.org/@img/sharp-darwin-arm64/-/sharp-darwin-arm64-0.34.4.tgz 745ms (cache miss)
3390 http fetch GET 200 https://registry.npmjs.org/detect-libc/-/detect-libc-2.1.2.tgz 747ms (cache miss)
3391 http fetch GET 200 https://registry.npmjs.org/prelude-ls/-/prelude-ls-1.2.1.tgz 757ms (cache miss)
3392 http fetch GET 200 https://registry.npmjs.org/brace-expansion/-/brace-expansion-1.1.12.tgz 763ms (cache miss)
3393 http fetch GET 200 https://registry.npmjs.org/json-buffer/-/json-buffer-3.0.1.tgz 787ms (cache miss)
3394 http fetch GET 200 https://registry.npmjs.org/sharp/-/sharp-0.34.4.tgz 804ms (cache miss)
3395 http fetch GET 200 https://registry.npmjs.org/is-extglob/-/is-extglob-2.1.1.tgz 807ms (cache miss)
3396 http fetch GET 200 https://registry.npmjs.org/to-regex-range/-/to-regex-range-5.0.1.tgz 815ms (cache miss)
3397 http fetch GET 200 https://registry.npmjs.org/@swc/helpers/-/helpers-0.5.15.tgz 819ms (cache miss)
3398 http fetch GET 200 https://registry.npmjs.org/resolve-from/-/resolve-from-4.0.0.tgz 817ms (cache miss)
3399 http fetch GET 200 https://registry.npmjs.org/argparse/-/argparse-2.0.1.tgz 828ms (cache miss)
3400 http fetch GET 200 https://registry.npmjs.org/set-function-name/-/set-function-name-2.0.2.tgz 838ms (cache miss)
3401 http fetch GET 200 https://registry.npmjs.org/side-channel/-/side-channel-1.1.0.tgz 858ms (cache miss)
3402 http fetch GET 200 https://registry.npmjs.org/resolve-pkg-maps/-/resolve-pkg-maps-1.0.0.tgz 871ms (cache miss)
3403 http fetch GET 200 https://registry.npmjs.org/hermes-estree/-/hermes-estree-0.25.1.tgz 897ms (cache miss)
3404 http fetch GET 200 https://registry.npmjs.org/flatted/-/flatted-3.3.3.tgz 901ms (cache miss)
3405 http fetch GET 200 https://registry.npmjs.org/dunder-proto/-/dunder-proto-1.0.1.tgz 901ms (cache miss)
3406 http fetch GET 200 https://registry.npmjs.org/braces/-/braces-3.0.3.tgz 908ms (cache miss)
3407 http fetch GET 200 https://registry.npmjs.org/yallist/-/yallist-3.1.1.tgz 914ms (cache miss)
3408 http fetch GET 200 https://registry.npmjs.org/keyv/-/keyv-4.5.4.tgz 923ms (cache miss)
3409 http fetch GET 200 https://registry.npmjs.org/locate-path/-/locate-path-6.0.0.tgz 928ms (cache miss)
3410 http fetch GET 200 https://registry.npmjs.org/reusify/-/reusify-1.1.0.tgz 928ms (cache miss)
3411 http fetch GET 200 https://registry.npmjs.org/path-exists/-/path-exists-4.0.0.tgz 932ms (cache miss)
3412 http fetch GET 200 https://registry.npmjs.org/run-parallel/-/run-parallel-1.2.0.tgz 945ms (cache miss)
3413 http fetch GET 200 https://registry.npmjs.org/flat-cache/-/flat-cache-4.0.1.tgz 945ms (cache miss)
3414 http fetch GET 200 https://registry.npmjs.org/micromatch/-/micromatch-4.0.8.tgz 964ms (cache miss)
3415 http fetch GET 200 https://registry.npmjs.org/merge2/-/merge2-1.4.1.tgz 978ms (cache miss)
3416 http fetch GET 200 https://registry.npmjs.org/type-check/-/type-check-0.4.0.tgz 987ms (cache miss)
3417 http fetch GET 200 https://registry.npmjs.org/@nodelib/fs.walk/-/fs.walk-1.2.8.tgz 997ms (cache miss)
3418 http fetch GET 200 https://registry.npmjs.org/esrecurse/-/esrecurse-4.3.0.tgz 1015ms (cache miss)
3419 http fetch GET 200 https://registry.npmjs.org/parent-module/-/parent-module-1.0.1.tgz 1059ms (cache miss)
3420 http fetch GET 200 https://registry.npmjs.org/electron-to-chromium/-/electron-to-chromium-1.5.244.tgz 1074ms (cache miss)
3421 http fetch GET 200 https://registry.npmjs.org/node-releases/-/node-releases-2.0.27.tgz 1089ms (cache miss)
3422 http fetch GET 200 https://registry.npmjs.org/functions-have-names/-/functions-have-names-1.2.3.tgz 1098ms (cache miss)
3423 http fetch GET 200 https://registry.npmjs.org/@napi-rs/wasm-runtime/-/wasm-runtime-0.2.12.tgz 1119ms (cache miss)
3424 http fetch GET 200 https://registry.npmjs.org/language-subtag-registry/-/language-subtag-registry-0.3.23.tgz 1169ms (cache miss)
3425 http fetch GET 200 https://registry.npmjs.org/fastq/-/fastq-1.19.1.tgz 1199ms (cache miss)
3426 http fetch GET 200 https://registry.npmjs.org/baseline-browser-mapping/-/baseline-browser-mapping-2.8.21.tgz 1204ms (cache miss)
3427 http fetch GET 200 https://registry.npmjs.org/acorn/-/acorn-8.15.0.tgz 1222ms (cache miss)
3428 http fetch GET 200 https://registry.npmjs.org/acorn-jsx/-/acorn-jsx-5.3.2.tgz 1240ms (cache miss)
3429 http fetch GET 200 https://registry.npmjs.org/lru-cache/-/lru-cache-5.1.1.tgz 1251ms (cache miss)
3430 http fetch GET 200 https://registry.npmjs.org/browserslist/-/browserslist-4.27.0.tgz 1262ms (cache miss)
3431 http fetch GET 200 https://registry.npmjs.org/@nodelib/fs.stat/-/fs.stat-2.0.5.tgz 1280ms (cache miss)
3432 http fetch GET 200 https://registry.npmjs.org/@babel/compat-data/-/compat-data-7.28.5.tgz 1290ms (cache miss)
3433 http fetch GET 200 https://registry.npmjs.org/@babel/helper-module-imports/-/helper-module-imports-7.27.1.tgz 1311ms (cache miss)
3434 http fetch GET 200 https://registry.npmjs.org/update-browserslist-db/-/update-browserslist-db-1.1.4.tgz 1317ms (cache miss)
3435 http fetch GET 200 https://registry.npmjs.org/gensync/-/gensync-1.0.0-beta.2.tgz 1349ms (cache miss)
3436 http fetch GET 200 https://registry.npmjs.org/@babel/helper-validator-identifier/-/helper-validator-identifier-7.28.5.tgz 1410ms (cache miss)
3437 http fetch GET 200 https://registry.npmjs.org/@nodelib/fs.scandir/-/fs.scandir-2.1.5.tgz 1430ms (cache miss)
3438 http fetch GET 200 https://registry.npmjs.org/convert-source-map/-/convert-source-map-2.0.0.tgz 1474ms (cache miss)
3439 http fetch GET 200 https://registry.npmjs.org/picocolors/-/picocolors-1.1.1.tgz 1501ms (cache miss)
3440 http fetch GET 200 https://registry.npmjs.org/js-tokens/-/js-tokens-4.0.0.tgz 1517ms (cache miss)
3441 http fetch GET 200 https://registry.npmjs.org/jsesc/-/jsesc-3.1.0.tgz 1525ms (cache miss)
3442 http fetch GET 200 https://registry.npmjs.org/@babel/template/-/template-7.27.2.tgz 1559ms (cache miss)
3443 http fetch GET 200 https://registry.npmjs.org/json5/-/json5-2.2.3.tgz 1783ms (cache miss)
3444 http fetch GET 200 https://registry.npmjs.org/@babel/types/-/types-7.28.5.tgz 1794ms (cache miss)
3445 http fetch GET 200 https://registry.npmjs.org/@babel/helper-globals/-/helper-globals-7.28.0.tgz 1856ms (cache miss)
3446 http fetch GET 200 https://registry.npmjs.org/@babel/helpers/-/helpers-7.28.4.tgz 1872ms (cache miss)
3447 http fetch GET 200 https://registry.npmjs.org/@babel/helper-compilation-targets/-/helper-compilation-targets-7.27.2.tgz 1887ms (cache miss)
3448 http fetch GET 200 https://registry.npmjs.org/@babel/generator/-/generator-7.28.5.tgz 1906ms (cache miss)
3449 http fetch GET 200 https://registry.npmjs.org/caniuse-lite/-/caniuse-lite-1.0.30001751.tgz 1990ms (cache miss)
3450 http fetch GET 200 https://registry.npmjs.org/@babel/traverse/-/traverse-7.28.5.tgz 2012ms (cache miss)
3451 http fetch GET 200 https://registry.npmjs.org/@babel/helper-validator-option/-/helper-validator-option-7.27.1.tgz 2030ms (cache miss)
3452 http fetch GET 200 https://registry.npmjs.org/string.prototype.repeat/-/string.prototype.repeat-1.0.0.tgz 2076ms (cache miss)
3453 http fetch GET 200 https://registry.npmjs.org/string.prototype.matchall/-/string.prototype.matchall-4.0.12.tgz 2134ms (cache miss)
3454 http fetch GET 200 https://registry.npmjs.org/styled-jsx/-/styled-jsx-5.1.6.tgz 2352ms (cache miss)
3455 http fetch GET 200 https://registry.npmjs.org/@babel/helper-module-transforms/-/helper-module-transforms-7.28.3.tgz 2341ms (cache miss)
3456 http fetch GET 200 https://registry.npmjs.org/@next/env/-/env-16.0.1.tgz 2448ms (cache miss)
3457 http fetch GET 200 https://registry.npmjs.org/prop-types/-/prop-types-15.8.1.tgz 2452ms (cache miss)
3458 http fetch GET 200 https://registry.npmjs.org/@babel/core/-/core-7.28.5.tgz 2458ms (cache miss)
3459 http fetch GET 200 https://registry.npmjs.org/es-iterator-helpers/-/es-iterator-helpers-1.2.1.tgz 2486ms (cache miss)
3460 http fetch GET 200 https://registry.npmjs.org/array.prototype.findlast/-/array.prototype.findlast-1.2.5.tgz 2524ms (cache miss)
3461 http fetch GET 200 https://registry.npmjs.org/string.prototype.includes/-/string.prototype.includes-2.0.1.tgz 2535ms (cache miss)
3462 http fetch GET 200 https://registry.npmjs.org/array.prototype.tosorted/-/array.prototype.tosorted-1.1.4.tgz 2538ms (cache miss)
3463 http fetch GET 200 https://registry.npmjs.org/estraverse/-/estraverse-5.3.0.tgz 2553ms (cache miss)
3464 http fetch GET 200 https://registry.npmjs.org/language-tags/-/language-tags-1.0.9.tgz 2562ms (cache miss)
3465 http fetch GET 200 https://registry.npmjs.org/damerau-levenshtein/-/damerau-levenshtein-1.0.8.tgz 2593ms (cache miss)
3466 http fetch GET 200 https://registry.npmjs.org/emoji-regex/-/emoji-regex-9.2.2.tgz 2602ms (cache miss)
3467 http fetch GET 200 https://registry.npmjs.org/axobject-query/-/axobject-query-4.1.0.tgz 2638ms (cache miss)
3468 http fetch GET 200 https://registry.npmjs.org/object.entries/-/object.entries-1.1.9.tgz 2664ms (cache miss)
3469 http fetch GET 200 https://registry.npmjs.org/ast-types-flow/-/ast-types-flow-0.0.8.tgz 2672ms (cache miss)
3470 http fetch GET 200 https://registry.npmjs.org/zod-validation-error/-/zod-validation-error-4.0.2.tgz 2896ms (cache miss)
3471 http fetch GET 200 https://registry.npmjs.org/has-tostringtag/-/has-tostringtag-1.0.2.tgz 2920ms (cache miss)
3472 http fetch GET 200 https://registry.npmjs.org/@babel/parser/-/parser-7.28.5.tgz 2933ms (cache miss)
3473 http fetch GET 200 https://registry.npmjs.org/possible-typed-array-names/-/possible-typed-array-names-1.1.0.tgz 2956ms (cache miss)
3474 http fetch GET 200 https://registry.npmjs.org/jsx-ast-utils/-/jsx-ast-utils-3.3.5.tgz 2958ms (cache miss)
3475 http fetch GET 200 https://registry.npmjs.org/is-symbol/-/is-symbol-1.1.1.tgz 2979ms (cache miss)
3476 http fetch GET 200 https://registry.npmjs.org/iterator.prototype/-/iterator.prototype-1.1.5.tgz 2986ms (cache miss)
3477 http fetch GET 200 https://registry.npmjs.org/is-date-object/-/is-date-object-1.1.0.tgz 2986ms (cache miss)
3478 http fetch GET 200 https://registry.npmjs.org/@babel/code-frame/-/code-frame-7.27.1.tgz 3002ms (cache miss)
3479 http fetch GET 200 https://registry.npmjs.org/which-typed-array/-/which-typed-array-1.1.19.tgz 3008ms (cache miss)
3480 http fetch GET 200 https://registry.npmjs.org/typed-array-length/-/typed-array-length-1.0.7.tgz 3011ms (cache miss)
3481 http fetch GET 200 https://registry.npmjs.org/typed-array-byte-length/-/typed-array-byte-length-1.0.3.tgz 3015ms (cache miss)
3482 http fetch GET 200 https://registry.npmjs.org/typed-array-buffer/-/typed-array-buffer-1.0.3.tgz 3037ms (cache miss)
3483 http fetch GET 200 https://registry.npmjs.org/string.prototype.trimstart/-/string.prototype.trimstart-1.0.8.tgz 3039ms (cache miss)
3484 http fetch GET 200 https://registry.npmjs.org/typed-array-byte-offset/-/typed-array-byte-offset-1.0.4.tgz 3046ms (cache miss)
3485 http fetch GET 200 https://registry.npmjs.org/set-proto/-/set-proto-1.0.0.tgz 3057ms (cache miss)
3486 http fetch GET 200 https://registry.npmjs.org/stop-iteration-iterator/-/stop-iteration-iterator-1.1.0.tgz 3065ms (cache miss)
3487 http fetch GET 200 https://registry.npmjs.org/safe-regex-test/-/safe-regex-test-1.1.0.tgz 3077ms (cache miss)
3488 http fetch GET 200 https://registry.npmjs.org/string.prototype.trim/-/string.prototype.trim-1.2.10.tgz 3096ms (cache miss)
3489 http fetch GET 200 https://registry.npmjs.org/safe-array-concat/-/safe-array-concat-1.1.3.tgz 3095ms (cache miss)
3490 http fetch GET 200 https://registry.npmjs.org/own-keys/-/own-keys-1.0.1.tgz 3105ms (cache miss)
3491 http fetch GET 200 https://registry.npmjs.org/axe-core/-/axe-core-4.11.0.tgz 3112ms (cache miss)
3492 http fetch GET 200 https://registry.npmjs.org/is-weakref/-/is-weakref-1.1.1.tgz 3132ms (cache miss)
3493 http fetch GET 200 https://registry.npmjs.org/is-shared-array-buffer/-/is-shared-array-buffer-1.0.4.tgz 3145ms (cache miss)
3494 http fetch GET 200 https://registry.npmjs.org/is-typed-array/-/is-typed-array-1.1.15.tgz 3145ms (cache miss)
3495 http fetch GET 200 https://registry.npmjs.org/regexp.prototype.flags/-/regexp.prototype.flags-1.5.4.tgz 3150ms (cache miss)
3496 http fetch GET 200 https://registry.npmjs.org/zod/-/zod-4.1.12.tgz 3160ms (cache miss)
3497 http fetch GET 200 https://registry.npmjs.org/object.assign/-/object.assign-4.1.7.tgz 3154ms (cache miss)
3498 http fetch GET 200 https://registry.npmjs.org/object-inspect/-/object-inspect-1.13.4.tgz 3166ms (cache miss)
3499 http fetch GET 200 https://registry.npmjs.org/is-set/-/is-set-2.0.3.tgz 3174ms (cache miss)
3500 http fetch GET 200 https://registry.npmjs.org/is-negative-zero/-/is-negative-zero-2.0.3.tgz 3183ms (cache miss)
3501 http fetch GET 200 https://registry.npmjs.org/is-callable/-/is-callable-1.2.7.tgz 3186ms (cache miss)
3502 http fetch GET 200 https://registry.npmjs.org/is-array-buffer/-/is-array-buffer-3.0.5.tgz 3189ms (cache miss)
3503 http fetch GET 200 https://registry.npmjs.org/is-regex/-/is-regex-1.2.1.tgz 3203ms (cache miss)
3504 http fetch GET 200 https://registry.npmjs.org/is-data-view/-/is-data-view-1.0.2.tgz 3206ms (cache miss)
3505 http fetch GET 200 https://registry.npmjs.org/aria-query/-/aria-query-5.3.2.tgz 3219ms (cache miss)
3506 http fetch GET 200 https://registry.npmjs.org/internal-slot/-/internal-slot-1.1.0.tgz 3214ms (cache miss)
3507 http fetch GET 200 https://registry.npmjs.org/has-proto/-/has-proto-1.2.0.tgz 3222ms (cache miss)
3508 http fetch GET 200 https://registry.npmjs.org/globalthis/-/globalthis-1.0.4.tgz 3222ms (cache miss)
3509 http fetch GET 200 https://registry.npmjs.org/has-symbols/-/has-symbols-1.1.0.tgz 3223ms (cache miss)
3510 http fetch GET 200 https://registry.npmjs.org/get-proto/-/get-proto-1.0.1.tgz 3232ms (cache miss)
3511 http fetch GET 200 https://registry.npmjs.org/get-symbol-description/-/get-symbol-description-1.1.0.tgz 3232ms (cache miss)
3512 http fetch GET 200 https://registry.npmjs.org/es-set-tostringtag/-/es-set-tostringtag-2.1.0.tgz 3242ms (cache miss)
3513 http fetch GET 200 https://registry.npmjs.org/data-view-byte-length/-/data-view-byte-length-1.0.2.tgz 3247ms (cache miss)
3514 http fetch GET 200 https://registry.npmjs.org/es-to-primitive/-/es-to-primitive-1.3.0.tgz 3249ms (cache miss)
3515 http fetch GET 200 https://registry.npmjs.org/unbox-primitive/-/unbox-primitive-1.1.0.tgz 3259ms (cache miss)
3516 http fetch GET 200 https://registry.npmjs.org/@babel/helper-string-parser/-/helper-string-parser-7.27.1.tgz 3273ms (cache miss)
3517 http fetch GET 200 https://registry.npmjs.org/data-view-buffer/-/data-view-buffer-1.0.2.tgz 3261ms (cache miss)
3518 http fetch GET 200 https://registry.npmjs.org/data-view-byte-offset/-/data-view-byte-offset-1.0.1.tgz 3261ms (cache miss)
3519 http fetch GET 200 https://registry.npmjs.org/function.prototype.name/-/function.prototype.name-1.1.8.tgz 3266ms (cache miss)
3520 http fetch GET 200 https://registry.npmjs.org/available-typed-arrays/-/available-typed-arrays-1.0.7.tgz 3272ms (cache miss)
3521 http fetch GET 200 https://registry.npmjs.org/arraybuffer.prototype.slice/-/arraybuffer.prototype.slice-1.0.4.tgz 3281ms (cache miss)
3522 http fetch GET 200 https://registry.npmjs.org/gopd/-/gopd-1.2.0.tgz 3281ms (cache miss)
3523 http fetch GET 200 https://registry.npmjs.org/array-buffer-byte-length/-/array-buffer-byte-length-1.0.2.tgz 3286ms (cache miss)
3524 http fetch GET 200 https://registry.npmjs.org/hermes-parser/-/hermes-parser-0.25.1.tgz 3306ms (cache miss)
3525 http fetch GET 200 https://registry.npmjs.org/set-function-length/-/set-function-length-1.2.2.tgz 3294ms (cache miss)
3526 http fetch GET 200 https://registry.npmjs.org/safe-push-apply/-/safe-push-apply-1.0.0.tgz 3304ms (cache miss)
3527 http fetch GET 200 https://registry.npmjs.org/object-keys/-/object-keys-1.1.1.tgz 3301ms (cache miss)
3528 http fetch GET 200 https://registry.npmjs.org/es-define-property/-/es-define-property-1.0.1.tgz 3305ms (cache miss)
3529 http fetch GET 200 https://registry.npmjs.org/has-property-descriptors/-/has-property-descriptors-1.0.2.tgz 3307ms (cache miss)
3530 http fetch GET 200 https://registry.npmjs.org/function-bind/-/function-bind-1.1.2.tgz 3320ms (cache miss)
3531 http fetch GET 200 https://registry.npmjs.org/es-errors/-/es-errors-1.3.0.tgz 3320ms (cache miss)
3532 http fetch GET 200 https://registry.npmjs.org/call-bind-apply-helpers/-/call-bind-apply-helpers-1.0.2.tgz 3325ms (cache miss)
3533 http fetch GET 200 https://registry.npmjs.org/define-data-property/-/define-data-property-1.1.4.tgz 3327ms (cache miss)
3534 http fetch GET 200 https://registry.npmjs.org/es-object-atoms/-/es-object-atoms-1.1.1.tgz 3327ms (cache miss)
3535 http fetch GET 200 https://registry.npmjs.org/define-properties/-/define-properties-1.2.1.tgz 3346ms (cache miss)
3536 http fetch GET 200 https://registry.npmjs.org/get-intrinsic/-/get-intrinsic-1.3.0.tgz 3365ms (cache miss)
3537 http fetch GET 200 https://registry.npmjs.org/call-bind/-/call-bind-1.0.8.tgz 3368ms (cache miss)
3538 http fetch GET 200 https://registry.npmjs.org/string.prototype.trimend/-/string.prototype.trimend-1.0.9.tgz 3382ms (cache miss)
3539 http fetch GET 200 https://registry.npmjs.org/hasown/-/hasown-2.0.2.tgz 3405ms (cache miss)
3540 http fetch GET 200 https://registry.npmjs.org/semver/-/semver-6.3.1.tgz 3408ms (cache miss)
3541 http fetch GET 200 https://registry.npmjs.org/eslint-module-utils/-/eslint-module-utils-2.12.1.tgz 3451ms (cache miss)
3542 http fetch GET 200 https://registry.npmjs.org/object.fromentries/-/object.fromentries-2.0.8.tgz 3459ms (cache miss)
3543 http fetch GET 200 https://registry.npmjs.org/tsconfig-paths/-/tsconfig-paths-3.15.0.tgz 3476ms (cache miss)
3544 http fetch GET 200 https://registry.npmjs.org/array.prototype.findlastindex/-/array.prototype.findlastindex-1.2.6.tgz 3501ms (cache miss)
3545 http fetch GET 200 https://registry.npmjs.org/doctrine/-/doctrine-2.1.0.tgz 3549ms (cache miss)
3546 http fetch GET 200 https://registry.npmjs.org/array-includes/-/array-includes-3.1.9.tgz 3549ms (cache miss)
3547 http fetch GET 200 https://registry.npmjs.org/math-intrinsics/-/math-intrinsics-1.1.0.tgz 3565ms (cache miss)
3548 http fetch GET 200 https://registry.npmjs.org/unrs-resolver/-/unrs-resolver-1.11.1.tgz 3563ms (cache miss)
3549 http fetch GET 200 https://registry.npmjs.org/es-shim-unscopables/-/es-shim-unscopables-1.1.0.tgz 3573ms (cache miss)
3550 http fetch GET 200 https://registry.npmjs.org/array.prototype.flatmap/-/array.prototype.flatmap-1.3.3.tgz 3569ms (cache miss)
3551 http fetch GET 200 https://registry.npmjs.org/is-string/-/is-string-1.1.1.tgz 3575ms (cache miss)
3552 http fetch GET 200 https://registry.npmjs.org/array.prototype.flat/-/array.prototype.flat-1.3.3.tgz 3577ms (cache miss)
3553 http fetch GET 200 https://registry.npmjs.org/@rtsao/scc/-/scc-1.1.0.tgz 3586ms (cache miss)
3554 http fetch GET 200 https://registry.npmjs.org/call-bound/-/call-bound-1.0.4.tgz 3588ms (cache miss)
3555 http fetch GET 200 https://registry.npmjs.org/stable-hash/-/stable-hash-0.0.5.tgz 3598ms (cache miss)
3556 http fetch GET 200 https://registry.npmjs.org/tinyglobby/-/tinyglobby-0.2.15.tgz 3604ms (cache miss)
3557 http fetch GET 200 https://registry.npmjs.org/object.groupby/-/object.groupby-1.0.3.tgz 3644ms (cache miss)
3558 http fetch GET 200 https://registry.npmjs.org/is-bun-module/-/is-bun-module-2.0.0.tgz 3640ms (cache miss)
3559 http fetch GET 200 https://registry.npmjs.org/@nolyfill/is-core-module/-/is-core-module-1.0.39.tgz 3661ms (cache miss)
3560 http fetch GET 200 https://registry.npmjs.org/fast-glob/-/fast-glob-3.3.1.tgz 3734ms (cache miss)
3561 http fetch GET 200 https://registry.npmjs.org/eslint-import-resolver-typescript/-/eslint-import-resolver-typescript-3.10.1.tgz 3737ms (cache miss)
3562 http fetch GET 200 https://registry.npmjs.org/typescript-eslint/-/typescript-eslint-8.46.2.tgz 3870ms (cache miss)
3563 http fetch GET 200 https://registry.npmjs.org/@next/eslint-plugin-next/-/eslint-plugin-next-16.0.1.tgz 3886ms (cache miss)
3564 http fetch GET 200 https://registry.npmjs.org/resolve/-/resolve-1.22.11.tgz 3913ms (cache miss)
3565 http fetch GET 200 https://registry.npmjs.org/ms/-/ms-2.1.3.tgz 3911ms (cache miss)
3566 http fetch GET 200 https://registry.npmjs.org/is-core-module/-/is-core-module-2.16.1.tgz 3912ms (cache miss)
3567 http fetch GET 200 https://registry.npmjs.org/shebang-command/-/shebang-command-2.0.0.tgz 3941ms (cache miss)
3568 http fetch GET 200 https://registry.npmjs.org/path-key/-/path-key-3.1.1.tgz 3978ms (cache miss)
3569 http fetch GET 200 https://registry.npmjs.org/es-abstract/-/es-abstract-1.24.0.tgz 3995ms (cache miss)
3570 http fetch GET 200 https://registry.npmjs.org/color-convert/-/color-convert-2.0.1.tgz 3992ms (cache miss)
3571 http fetch GET 200 https://registry.npmjs.org/supports-color/-/supports-color-7.2.0.tgz 4023ms (cache miss)
3572 http fetch GET 200 https://registry.npmjs.org/ansi-styles/-/ansi-styles-4.3.0.tgz 4032ms (cache miss)
3573 http fetch GET 200 https://registry.npmjs.org/object.values/-/object.values-1.2.1.tgz 4047ms (cache miss)
3574 http fetch GET 200 https://registry.npmjs.org/get-tsconfig/-/get-tsconfig-4.13.0.tgz 4049ms (cache miss)
3575 http fetch GET 200 https://registry.npmjs.org/eslint-import-resolver-node/-/eslint-import-resolver-node-0.3.9.tgz 4050ms (cache miss)
3576 http fetch GET 200 https://registry.npmjs.org/json-schema-traverse/-/json-schema-traverse-0.4.1.tgz 4063ms (cache miss)
3577 http fetch GET 200 https://registry.npmjs.org/fast-json-stable-stringify/-/fast-json-stable-stringify-2.1.0.tgz 4082ms (cache miss)
3578 http fetch GET 200 https://registry.npmjs.org/strip-json-comments/-/strip-json-comments-3.1.1.tgz 4084ms (cache miss)
3579 http fetch GET 200 https://registry.npmjs.org/levn/-/levn-0.4.1.tgz 4107ms (cache miss)
3580 http fetch GET 200 https://registry.npmjs.org/eslint-plugin-react/-/eslint-plugin-react-7.37.5.tgz 4115ms (cache miss)
3581 http fetch GET 200 https://registry.npmjs.org/import-fresh/-/import-fresh-3.3.1.tgz 4134ms (cache miss)
3582 http fetch GET 200 https://registry.npmjs.org/globals/-/globals-14.0.0.tgz 4166ms (cache miss)
3583 http fetch GET 200 https://registry.npmjs.org/which/-/which-2.0.2.tgz 4177ms (cache miss)
3584 http fetch GET 200 https://registry.npmjs.org/@types/json-schema/-/json-schema-7.0.15.tgz 4173ms (cache miss)
3585 http fetch GET 200 https://registry.npmjs.org/optionator/-/optionator-0.9.4.tgz 4200ms (cache miss)
3586 http fetch GET 200 https://registry.npmjs.org/minimatch/-/minimatch-3.1.2.tgz 4220ms (cache miss)
3587 http fetch GET 200 https://registry.npmjs.org/lodash.merge/-/lodash.merge-4.6.2.tgz 4245ms (cache miss)
3588 http fetch GET 200 https://registry.npmjs.org/json-stable-stringify-without-jsonify/-/json-stable-stringify-without-jsonify-1.0.1.tgz 4254ms (cache miss)
3589 http fetch GET 200 https://registry.npmjs.org/@eslint/object-schema/-/object-schema-2.1.7.tgz 4268ms (cache miss)
3590 http fetch GET 200 https://registry.npmjs.org/imurmurhash/-/imurmurhash-0.1.4.tgz 4281ms (cache miss)
3591 http fetch GET 200 https://registry.npmjs.org/file-entry-cache/-/file-entry-cache-8.0.0.tgz 4347ms (cache miss)
3592 http fetch GET 200 https://registry.npmjs.org/js-yaml/-/js-yaml-4.1.0.tgz 4365ms (cache miss)
3593 http fetch GET 200 https://registry.npmjs.org/glob-parent/-/glob-parent-6.0.2.tgz 4372ms (cache miss)
3594 http fetch GET 200 https://registry.npmjs.org/eslint-plugin-jsx-a11y/-/eslint-plugin-jsx-a11y-6.10.2.tgz 4379ms (cache miss)
3595 http fetch GET 200 https://registry.npmjs.org/ignore/-/ignore-5.3.2.tgz 4379ms (cache miss)
3596 http fetch GET 200 https://registry.npmjs.org/fast-deep-equal/-/fast-deep-equal-3.1.3.tgz 4390ms (cache miss)
3597 http fetch GET 200 https://registry.npmjs.org/@humanfs/core/-/core-0.19.1.tgz 4406ms (cache miss)
3598 http fetch GET 200 https://registry.npmjs.org/esutils/-/esutils-2.0.3.tgz 4407ms (cache miss)
3599 http fetch GET 200 https://registry.npmjs.org/escape-string-regexp/-/escape-string-regexp-4.0.0.tgz 4437ms (cache miss)
3600 http fetch GET 200 https://registry.npmjs.org/eslint-visitor-keys/-/eslint-visitor-keys-4.2.1.tgz 4441ms (cache miss)
3601 http fetch GET 200 https://registry.npmjs.org/espree/-/espree-10.4.0.tgz 4451ms (cache miss)
3602 http fetch GET 200 https://registry.npmjs.org/eslint-scope/-/eslint-scope-8.4.0.tgz 4489ms (cache miss)
3603 http fetch GET 200 https://registry.npmjs.org/debug/-/debug-4.4.3.tgz 4505ms (cache miss)
3604 http fetch GET 200 https://registry.npmjs.org/chalk/-/chalk-4.1.2.tgz 4515ms (cache miss)
3605 http fetch GET 200 https://registry.npmjs.org/uri-js/-/uri-js-4.4.1.tgz 4527ms (cache miss)
3606 http fetch GET 200 https://registry.npmjs.org/@humanwhocodes/module-importer/-/module-importer-1.0.1.tgz 4609ms (cache miss)
3607 http fetch GET 200 https://registry.npmjs.org/@types/estree/-/estree-1.0.8.tgz 4621ms (cache miss)
3608 http fetch GET 200 https://registry.npmjs.org/color-name/-/color-name-1.1.4.tgz 4639ms (cache miss)
3609 http fetch GET 200 https://registry.npmjs.org/@humanwhocodes/retry/-/retry-0.4.3.tgz 4671ms (cache miss)
3610 http fetch GET 200 https://registry.npmjs.org/find-up/-/find-up-5.0.0.tgz 4701ms (cache miss)
3611 http fetch GET 200 https://registry.npmjs.org/@eslint/js/-/js-9.38.0.tgz 4787ms (cache miss)
3612 http fetch GET 200 https://registry.npmjs.org/@eslint/config-helpers/-/config-helpers-0.4.2.tgz 4841ms (cache miss)
3613 http fetch GET 200 https://registry.npmjs.org/natural-compare/-/natural-compare-1.4.0.tgz 4903ms (cache miss)
3614 http fetch GET 200 https://registry.npmjs.org/@eslint/plugin-kit/-/plugin-kit-0.4.1.tgz 4946ms (cache miss)
3615 http fetch GET 200 https://registry.npmjs.org/ajv/-/ajv-6.12.6.tgz 5066ms (cache miss)
3616 http fetch GET 200 https://registry.npmjs.org/@eslint/core/-/core-0.16.0.tgz 5114ms (cache miss)
3617 http fetch GET 200 https://registry.npmjs.org/tapable/-/tapable-2.3.0.tgz 5124ms (cache miss)
3618 http fetch GET 200 https://registry.npmjs.org/@eslint/eslintrc/-/eslintrc-3.3.1.tgz 5125ms (cache miss)
3619 http fetch GET 200 https://registry.npmjs.org/cross-spawn/-/cross-spawn-7.0.6.tgz 5216ms (cache miss)
3620 http fetch GET 200 https://registry.npmjs.org/undici-types/-/undici-types-6.21.0.tgz 5216ms (cache miss)
3621 http fetch GET 200 https://registry.npmjs.org/is-glob/-/is-glob-4.0.3.tgz 5224ms (cache miss)
3622 http fetch GET 200 https://registry.npmjs.org/graceful-fs/-/graceful-fs-4.2.11.tgz 5241ms (cache miss)
3623 http fetch GET 200 https://registry.npmjs.org/@eslint-community/regexpp/-/regexpp-4.12.2.tgz 5264ms (cache miss)
3624 http fetch GET 200 https://registry.npmjs.org/@eslint/config-array/-/config-array-0.21.1.tgz 5294ms (cache miss)
3625 http fetch GET 200 https://registry.npmjs.org/@humanfs/node/-/node-0.16.7.tgz 5312ms (cache miss)
3626 http fetch GET 200 https://registry.npmjs.org/@jridgewell/gen-mapping/-/gen-mapping-0.3.13.tgz 5373ms (cache miss)
3627 http fetch GET 200 https://registry.npmjs.org/csstype/-/csstype-3.1.3.tgz 5471ms (cache miss)
3628 http fetch GET 200 https://registry.npmjs.org/eslint-plugin-react-hooks/-/eslint-plugin-react-hooks-7.0.1.tgz 5512ms (cache miss)
3629 http fetch GET 200 https://registry.npmjs.org/@jridgewell/resolve-uri/-/resolve-uri-3.1.2.tgz 5544ms (cache miss)
3630 http fetch GET 200 https://registry.npmjs.org/@jridgewell/sourcemap-codec/-/sourcemap-codec-1.5.5.tgz 5577ms (cache miss)
3631 http fetch GET 200 https://registry.npmjs.org/eslint-plugin-import/-/eslint-plugin-import-2.32.0.tgz 5623ms (cache miss)
3632 http fetch GET 200 https://registry.npmjs.org/@jridgewell/remapping/-/remapping-2.3.5.tgz 5664ms (cache miss)
3633 http fetch GET 200 https://registry.npmjs.org/postcss/-/postcss-8.5.6.tgz 5701ms (cache miss)
3634 http fetch GET 200 https://registry.npmjs.org/lightningcss/-/lightningcss-1.30.2.tgz 5707ms (cache miss)
3635 http fetch GET 200 https://registry.npmjs.org/@tailwindcss/oxide/-/oxide-4.1.16.tgz 5714ms (cache miss)
3636 http fetch GET 200 https://registry.npmjs.org/esquery/-/esquery-1.6.0.tgz 5731ms (cache miss)
3637 http fetch GET 200 https://registry.npmjs.org/@jridgewell/trace-mapping/-/trace-mapping-0.3.31.tgz 5857ms (cache miss)
3638 http fetch GET 200 https://registry.npmjs.org/@tailwindcss/node/-/node-4.1.16.tgz 5864ms (cache miss)
3639 http fetch GET 200 https://registry.npmjs.org/magic-string/-/magic-string-0.30.21.tgz 5875ms (cache miss)
3640 http fetch GET 200 https://registry.npmjs.org/source-map-js/-/source-map-js-1.2.1.tgz 5879ms (cache miss)
3641 http fetch GET 200 https://registry.npmjs.org/@alloc/quick-lru/-/quick-lru-5.2.0.tgz 5882ms (cache miss)
3642 http fetch GET 200 https://registry.npmjs.org/eslint-config-next/-/eslint-config-next-16.0.1.tgz 5907ms (cache miss)
3643 http fetch GET 200 https://registry.npmjs.org/react/-/react-19.2.0.tgz 5963ms (cache miss)
3644 http fetch GET 200 https://registry.npmjs.org/@types/react-dom/-/react-dom-19.2.2.tgz 6045ms (cache miss)
3645 http fetch GET 200 https://registry.npmjs.org/jiti/-/jiti-2.6.1.tgz 6333ms (cache miss)
3646 http fetch GET 200 https://registry.npmjs.org/glob-parent/-/glob-parent-5.1.2.tgz 6380ms (cache miss)
3647 http fetch GET 200 https://registry.npmjs.org/semver/-/semver-7.7.3.tgz 6497ms (cache miss)
3648 http fetch GET 200 https://registry.npmjs.org/@types/react/-/react-19.2.2.tgz 6503ms (cache miss)
3649 http fetch GET 200 https://registry.npmjs.org/brace-expansion/-/brace-expansion-2.0.2.tgz 6522ms (cache miss)
3650 http fetch GET 200 https://registry.npmjs.org/fast-glob/-/fast-glob-3.3.3.tgz 6602ms (cache miss)
3651 http fetch GET 200 https://registry.npmjs.org/lightningcss-darwin-arm64/-/lightningcss-darwin-arm64-1.30.2.tgz 6730ms (cache miss)
3652 http fetch GET 200 https://registry.npmjs.org/ignore/-/ignore-7.0.5.tgz 6674ms (cache miss)
3653 http fetch GET 200 https://registry.npmjs.org/tailwindcss/-/tailwindcss-4.1.16.tgz 6703ms (cache miss)
3654 http fetch GET 200 https://registry.npmjs.org/json5/-/json5-1.0.2.tgz 6760ms (cache miss)
3655 http fetch GET 200 https://registry.npmjs.org/minimatch/-/minimatch-9.0.5.tgz 6763ms (cache miss)
3656 http fetch GET 200 https://registry.npmjs.org/semver/-/semver-7.7.3.tgz 6775ms (cache miss)
3657 http fetch GET 200 https://registry.npmjs.org/debug/-/debug-3.2.7.tgz 6775ms (cache miss)
3658 http fetch GET 200 https://registry.npmjs.org/fdir/-/fdir-6.5.0.tgz 6807ms (cache miss)
3659 http fetch GET 200 https://registry.npmjs.org/glob-parent/-/glob-parent-5.1.2.tgz 6814ms (cache miss)
3660 http fetch GET 200 https://registry.npmjs.org/picomatch/-/picomatch-4.0.3.tgz 6831ms (cache miss)
3661 http fetch GET 200 https://registry.npmjs.org/semver/-/semver-7.7.3.tgz 6843ms (cache miss)
3662 http fetch GET 200 https://registry.npmjs.org/@tailwindcss/postcss/-/postcss-4.1.16.tgz 6852ms (cache miss)
3663 http fetch GET 200 https://registry.npmjs.org/resolve/-/resolve-2.0.0-next.5.tgz 6873ms (cache miss)
3664 http fetch GET 200 https://registry.npmjs.org/debug/-/debug-3.2.7.tgz 6895ms (cache miss)
3665 http fetch GET 200 https://registry.npmjs.org/debug/-/debug-3.2.7.tgz 6901ms (cache miss)
3666 http fetch GET 200 https://registry.npmjs.org/@eslint/core/-/core-0.17.0.tgz 6921ms (cache miss)
3667 http fetch GET 200 https://registry.npmjs.org/eslint-visitor-keys/-/eslint-visitor-keys-3.4.3.tgz 6946ms (cache miss)
3668 http fetch GET 200 https://registry.npmjs.org/@eslint/core/-/core-0.17.0.tgz 6949ms (cache miss)
3669 http fetch GET 200 https://registry.npmjs.org/postcss/-/postcss-8.4.31.tgz 6976ms (cache miss)
3670 http fetch GET 200 https://registry.npmjs.org/globals/-/globals-16.4.0.tgz 6988ms (cache miss)
3671 http fetch GET 200 https://registry.npmjs.org/enhanced-resolve/-/enhanced-resolve-5.18.3.tgz 7203ms (cache miss)
3672 http fetch GET 200 https://registry.npmjs.org/@types/node/-/node-20.19.24.tgz 7249ms (cache miss)
3673 http fetch GET 200 https://registry.npmjs.org/@eslint-community/eslint-utils/-/eslint-utils-4.9.0.tgz 7447ms (cache miss)
3674 http fetch GET 200 https://registry.npmjs.org/eslint/-/eslint-9.38.0.tgz 7705ms (cache miss)
3675 http fetch GET 200 https://registry.npmjs.org/@img/sharp-libvips-darwin-arm64/-/sharp-libvips-darwin-arm64-1.2.3.tgz 8115ms (cache miss)
3676 http fetch GET 200 https://registry.npmjs.org/react-dom/-/react-dom-19.2.0.tgz 8135ms (cache miss)
3677 http fetch GET 200 https://registry.npmjs.org/@tailwindcss/oxide-darwin-arm64/-/oxide-darwin-arm64-4.1.16.tgz 8176ms (cache miss)
3678 http fetch GET 200 https://registry.npmjs.org/typescript/-/typescript-5.9.3.tgz 10267ms (cache miss)
3679 http fetch GET 200 https://registry.npmjs.org/next/-/next-16.0.1.tgz 22507ms (cache miss)
3680 http fetch GET 200 https://registry.npmjs.org/@next/swc-darwin-arm64/-/swc-darwin-arm64-16.0.1.tgz 25146ms (cache miss)
3681 info run sharp@0.34.4 install node_modules/sharp node install/check.js
3682 info run sharp@0.34.4 install { code: 0, signal: null }
3683 info run unrs-resolver@1.11.1 postinstall node_modules/unrs-resolver napi-postinstall unrs-resolver 1.11.1 check
3684 info run unrs-resolver@1.11.1 postinstall { code: 0, signal: null }
3685 silly ADD node_modules/is-weakset
3686 silly ADD node_modules/is-weakmap
3687 silly ADD node_modules/is-map
3688 silly ADD node_modules/generator-function
3689 silly ADD node_modules/async-function
3690 silly ADD node_modules/which-collection
3691 silly ADD node_modules/is-generator-function
3692 silly ADD node_modules/is-finalizationregistry
3693 silly ADD node_modules/is-async-function
3694 silly ADD node_modules/is-number-object
3695 silly ADD node_modules/is-boolean-object
3696 silly ADD node_modules/is-bigint
3697 silly ADD node_modules/isexe
3698 silly ADD node_modules/punycode
3699 silly ADD node_modules/escalade
3700 silly ADD node_modules/@emnapi/wasi-threads
3701 silly ADD node_modules/@tybys/wasm-util
3702 silly ADD node_modules/@emnapi/core
3703 silly ADD node_modules/@napi-rs/wasm-runtime
3704 silly ADD node_modules/napi-postinstall
3705 silly ADD node_modules/@unrs/resolver-binding-win32-x64-msvc
3706 silly ADD node_modules/@unrs/resolver-binding-win32-ia32-msvc
3707 silly ADD node_modules/@unrs/resolver-binding-win32-arm64-msvc
3708 silly ADD node_modules/@unrs/resolver-binding-wasm32-wasi
3709 silly ADD node_modules/@unrs/resolver-binding-linux-x64-musl
3710 silly ADD node_modules/@unrs/resolver-binding-linux-x64-gnu
3711 silly ADD node_modules/@unrs/resolver-binding-linux-s390x-gnu
3712 silly ADD node_modules/@unrs/resolver-binding-linux-riscv64-musl
3713 silly ADD node_modules/@unrs/resolver-binding-linux-riscv64-gnu
3714 silly ADD node_modules/@unrs/resolver-binding-linux-ppc64-gnu
3715 silly ADD node_modules/@unrs/resolver-binding-linux-arm64-musl
3716 silly ADD node_modules/@unrs/resolver-binding-linux-arm64-gnu
3717 silly ADD node_modules/@unrs/resolver-binding-linux-arm-musleabihf
3718 silly ADD node_modules/@unrs/resolver-binding-linux-arm-gnueabihf
3719 silly ADD node_modules/@unrs/resolver-binding-freebsd-x64
3720 silly ADD node_modules/@unrs/resolver-binding-darwin-x64
3721 silly ADD node_modules/@unrs/resolver-binding-darwin-arm64
3722 silly ADD node_modules/@unrs/resolver-binding-android-arm64
3723 silly ADD node_modules/@unrs/resolver-binding-android-arm-eabi
3724 silly ADD node_modules/which-boxed-primitive
3725 silly ADD node_modules/has-bigints
3726 silly ADD node_modules/@typescript-eslint/tsconfig-utils
3727 silly ADD node_modules/@typescript-eslint/project-service
3728 silly ADD node_modules/@typescript-eslint/types
3729 silly ADD node_modules/ts-api-utils
3730 silly ADD node_modules/graphemer
3731 silly ADD node_modules/@typescript-eslint/visitor-keys
3732 silly ADD node_modules/@typescript-eslint/type-utils
3733 silly ADD node_modules/@typescript-eslint/scope-manager
3734 silly ADD node_modules/@typescript-eslint/utils
3735 silly ADD node_modules/@typescript-eslint/typescript-estree
3736 silly ADD node_modules/@typescript-eslint/typescript-estree/node_modules/brace-expansion
3737 silly ADD node_modules/@typescript-eslint/typescript-estree/node_modules/glob-parent
3738 silly ADD node_modules/@typescript-eslint/typescript-estree/node_modules/semver
3739 silly ADD node_modules/@typescript-eslint/typescript-estree/node_modules/minimatch
3740 silly ADD node_modules/@typescript-eslint/typescript-estree/node_modules/fast-glob
3741 silly ADD node_modules/@typescript-eslint/parser
3742 silly ADD node_modules/@typescript-eslint/eslint-plugin
3743 silly ADD node_modules/@typescript-eslint/eslint-plugin/node_modules/ignore
3744 silly ADD node_modules/which-builtin-type
3745 silly ADD node_modules/reflect.getprototypeof
3746 silly ADD node_modules/for-each
3747 silly ADD node_modules/strip-bom
3748 silly ADD node_modules/minimist
3749 silly ADD node_modules/@types/json5
3750 silly ADD node_modules/is-number
3751 silly ADD node_modules/has-flag
3752 silly ADD node_modules/client-only
3753 silly ADD node_modules/side-channel-weakmap
3754 silly ADD node_modules/side-channel-map
3755 silly ADD node_modules/side-channel-list
3756 silly ADD node_modules/shebang-regex
3757 silly ADD node_modules/@emnapi/runtime
3758 silly ADD node_modules/@img/sharp-win32-x64
3759 silly ADD node_modules/@img/sharp-win32-ia32
3760 silly ADD node_modules/@img/sharp-win32-arm64
3761 silly ADD node_modules/@img/sharp-wasm32
3762 silly ADD node_modules/@img/sharp-linuxmusl-x64
3763 silly ADD node_modules/@img/sharp-linuxmusl-arm64
3764 silly ADD node_modules/@img/sharp-linux-x64
3765 silly ADD node_modules/@img/sharp-linux-s390x
3766 silly ADD node_modules/@img/sharp-linux-ppc64
3767 silly ADD node_modules/@img/sharp-linux-arm64
3768 silly ADD node_modules/@img/sharp-linux-arm
3769 silly ADD node_modules/@img/sharp-libvips-linuxmusl-x64
3770 silly ADD node_modules/@img/sharp-libvips-linuxmusl-arm64
3771 silly ADD node_modules/@img/sharp-libvips-linux-x64
3772 silly ADD node_modules/@img/sharp-libvips-linux-s390x
3773 silly ADD node_modules/@img/sharp-libvips-linux-ppc64
3774 silly ADD node_modules/@img/sharp-libvips-linux-arm64
3775 silly ADD node_modules/@img/sharp-libvips-linux-arm
3776 silly ADD node_modules/@img/sharp-libvips-darwin-x64
3777 silly ADD node_modules/@img/sharp-libvips-darwin-arm64
3778 silly ADD node_modules/@img/sharp-darwin-x64
3779 silly ADD node_modules/@img/sharp-darwin-arm64
3780 silly ADD node_modules/@img/colour
3781 silly ADD node_modules/isarray
3782 silly ADD node_modules/queue-microtask
3783 silly ADD node_modules/supports-preserve-symlinks-flag
3784 silly ADD node_modules/path-parse
3785 silly ADD node_modules/scheduler
3786 silly ADD node_modules/react-is
3787 silly ADD node_modules/object-assign
3788 silly ADD node_modules/loose-envify
3789 silly ADD node_modules/nanoid
3790 silly ADD node_modules/callsites
3791 silly ADD node_modules/yocto-queue
3792 silly ADD node_modules/p-limit
3793 silly ADD node_modules/word-wrap
3794 silly ADD node_modules/fast-levenshtein
3795 silly ADD node_modules/deep-is
3796 silly ADD node_modules/tslib
3797 silly ADD node_modules/styled-jsx
3798 silly ADD node_modules/sharp
3799 silly ADD node_modules/sharp/node_modules/semver
3800 silly ADD node_modules/@swc/helpers
3801 silly ADD node_modules/@next/swc-win32-x64-msvc
3802 silly ADD node_modules/@next/swc-win32-arm64-msvc
3803 silly ADD node_modules/@next/swc-linux-x64-musl
3804 silly ADD node_modules/@next/swc-linux-x64-gnu
3805 silly ADD node_modules/@next/swc-linux-arm64-musl
3806 silly ADD node_modules/@next/swc-linux-arm64-gnu
3807 silly ADD node_modules/@next/swc-darwin-x64
3808 silly ADD node_modules/@next/swc-darwin-arm64
3809 silly ADD node_modules/@next/env
3810 silly ADD node_modules/concat-map
3811 silly ADD node_modules/balanced-match
3812 silly ADD node_modules/brace-expansion
3813 silly ADD node_modules/to-regex-range
3814 silly ADD node_modules/fill-range
3815 silly ADD node_modules/picomatch
3816 silly ADD node_modules/braces
3817 silly ADD node_modules/yallist
3818 silly ADD node_modules/p-locate
3819 silly ADD node_modules/lightningcss-win32-x64-msvc
3820 silly ADD node_modules/lightningcss-win32-arm64-msvc
3821 silly ADD node_modules/lightningcss-linux-x64-musl
3822 silly ADD node_modules/lightningcss-linux-x64-gnu
3823 silly ADD node_modules/lightningcss-linux-arm64-musl
3824 silly ADD node_modules/lightningcss-linux-arm64-gnu
3825 silly ADD node_modules/lightningcss-linux-arm-gnueabihf
3826 silly ADD node_modules/lightningcss-freebsd-x64
3827 silly ADD node_modules/lightningcss-darwin-x64
3828 silly ADD node_modules/lightningcss-darwin-arm64
3829 silly ADD node_modules/lightningcss-android-arm64
3830 silly ADD node_modules/detect-libc
3831 silly ADD node_modules/type-check
3832 silly ADD node_modules/prelude-ls
3833 silly ADD node_modules/language-subtag-registry
3834 silly ADD node_modules/json-buffer
3835 silly ADD node_modules/argparse
3836 silly ADD node_modules/set-function-name
3837 silly ADD node_modules/is-extglob
3838 silly ADD node_modules/side-channel
3839 silly ADD node_modules/resolve-from
3840 silly ADD node_modules/parent-module
3841 silly ADD node_modules/hermes-estree
3842 silly ADD node_modules/resolve-pkg-maps
3843 silly ADD node_modules/dunder-proto
3844 silly ADD node_modules/functions-have-names
3845 silly ADD node_modules/keyv
3846 silly ADD node_modules/flatted
3847 silly ADD node_modules/path-exists
3848 silly ADD node_modules/locate-path
3849 silly ADD node_modules/flat-cache
3850 silly ADD node_modules/reusify
3851 silly ADD node_modules/run-parallel
3852 silly ADD node_modules/fastq
3853 silly ADD node_modules/@nodelib/fs.scandir
3854 silly ADD node_modules/micromatch
3855 silly ADD node_modules/merge2
3856 silly ADD node_modules/@nodelib/fs.walk
3857 silly ADD node_modules/@nodelib/fs.stat
3858 silly ADD node_modules/acorn-jsx
3859 silly ADD node_modules/acorn
3860 silly ADD node_modules/esrecurse
3861 silly ADD node_modules/update-browserslist-db
3862 silly ADD node_modules/node-releases
3863 silly ADD node_modules/electron-to-chromium
3864 silly ADD node_modules/caniuse-lite
3865 silly ADD node_modules/baseline-browser-mapping
3866 silly ADD node_modules/@babel/helper-string-parser
3867 silly ADD node_modules/@babel/helper-globals
3868 silly ADD node_modules/@babel/helper-module-imports
3869 silly ADD node_modules/lru-cache
3870 silly ADD node_modules/browserslist
3871 silly ADD node_modules/@babel/helper-validator-option
3872 silly ADD node_modules/@babel/compat-data
3873 silly ADD node_modules/jsesc
3874 silly ADD node_modules/picocolors
3875 silly ADD node_modules/js-tokens
3876 silly ADD node_modules/@babel/helper-validator-identifier
3877 silly ADD node_modules/json5
3878 silly ADD node_modules/gensync
3879 silly ADD node_modules/convert-source-map
3880 silly ADD node_modules/@babel/types
3881 silly ADD node_modules/@babel/traverse
3882 silly ADD node_modules/@babel/template
3883 silly ADD node_modules/@babel/helpers
3884 silly ADD node_modules/@babel/helper-module-transforms
3885 silly ADD node_modules/@babel/helper-compilation-targets
3886 silly ADD node_modules/@babel/generator
3887 silly ADD node_modules/@babel/code-frame
3888 silly ADD node_modules/zod-validation-error
3889 silly ADD node_modules/zod
3890 silly ADD node_modules/hermes-parser
3891 silly ADD node_modules/@babel/parser
3892 silly ADD node_modules/@babel/core
3893 silly ADD node_modules/iterator.prototype
3894 silly ADD node_modules/string.prototype.repeat
3895 silly ADD node_modules/string.prototype.matchall
3896 silly ADD node_modules/prop-types
3897 silly ADD node_modules/object.entries
3898 silly ADD node_modules/estraverse
3899 silly ADD node_modules/es-iterator-helpers
3900 silly ADD node_modules/array.prototype.tosorted
3901 silly ADD node_modules/array.prototype.findlast
3902 silly ADD node_modules/string.prototype.includes
3903 silly ADD node_modules/language-tags
3904 silly ADD node_modules/jsx-ast-utils
3905 silly ADD node_modules/emoji-regex
3906 silly ADD node_modules/damerau-levenshtein
3907 silly ADD node_modules/axobject-query
3908 silly ADD node_modules/axe-core
3909 silly ADD node_modules/ast-types-flow
3910 silly ADD node_modules/aria-query
3911 silly ADD node_modules/is-symbol
3912 silly ADD node_modules/is-date-object
3913 silly ADD node_modules/has-tostringtag
3914 silly ADD node_modules/possible-typed-array-names
3915 silly ADD node_modules/which-typed-array
3916 silly ADD node_modules/unbox-primitive
3917 silly ADD node_modules/typed-array-length
3918 silly ADD node_modules/typed-array-byte-offset
3919 silly ADD node_modules/typed-array-byte-length
3920 silly ADD node_modules/typed-array-buffer
3921 silly ADD node_modules/string.prototype.trimstart
3922 silly ADD node_modules/string.prototype.trim
3923 silly ADD node_modules/stop-iteration-iterator
3924 silly ADD node_modules/set-proto
3925 silly ADD node_modules/safe-regex-test
3926 silly ADD node_modules/safe-push-apply
3927 silly ADD node_modules/safe-array-concat
3928 silly ADD node_modules/regexp.prototype.flags
3929 silly ADD node_modules/own-keys
3930 silly ADD node_modules/object.assign
3931 silly ADD node_modules/object-inspect
3932 silly ADD node_modules/is-weakref
3933 silly ADD node_modules/is-typed-array
3934 silly ADD node_modules/is-shared-array-buffer
3935 silly ADD node_modules/is-set
3936 silly ADD node_modules/is-regex
3937 silly ADD node_modules/is-negative-zero
3938 silly ADD node_modules/is-data-view
3939 silly ADD node_modules/is-callable
3940 silly ADD node_modules/is-array-buffer
3941 silly ADD node_modules/internal-slot
3942 silly ADD node_modules/has-symbols
3943 silly ADD node_modules/has-proto
3944 silly ADD node_modules/globalthis
3945 silly ADD node_modules/get-symbol-description
3946 silly ADD node_modules/get-proto
3947 silly ADD node_modules/function.prototype.name
3948 silly ADD node_modules/es-to-primitive
3949 silly ADD node_modules/es-set-tostringtag
3950 silly ADD node_modules/data-view-byte-offset
3951 silly ADD node_modules/data-view-byte-length
3952 silly ADD node_modules/data-view-buffer
3953 silly ADD node_modules/available-typed-arrays
3954 silly ADD node_modules/arraybuffer.prototype.slice
3955 silly ADD node_modules/array-buffer-byte-length
3956 silly ADD node_modules/gopd
3957 silly ADD node_modules/object-keys
3958 silly ADD node_modules/has-property-descriptors
3959 silly ADD node_modules/define-data-property
3960 silly ADD node_modules/function-bind
3961 silly ADD node_modules/set-function-length
3962 silly ADD node_modules/es-define-property
3963 silly ADD node_modules/call-bind-apply-helpers
3964 silly ADD node_modules/es-shim-unscopables
3965 silly ADD node_modules/es-errors
3966 silly ADD node_modules/math-intrinsics
3967 silly ADD node_modules/is-string
3968 silly ADD node_modules/get-intrinsic
3969 silly ADD node_modules/es-object-atoms
3970 silly ADD node_modules/es-abstract
3971 silly ADD node_modules/define-properties
3972 silly ADD node_modules/call-bound
3973 silly ADD node_modules/call-bind
3974 silly ADD node_modules/tsconfig-paths
3975 silly ADD node_modules/tsconfig-paths/node_modules/json5
3976 silly ADD node_modules/string.prototype.trimend
3977 silly ADD node_modules/semver
3978 silly ADD node_modules/object.values
3979 silly ADD node_modules/object.groupby
3980 silly ADD node_modules/object.fromentries
3981 silly ADD node_modules/hasown
3982 silly ADD node_modules/eslint-module-utils
3983 silly ADD node_modules/eslint-module-utils/node_modules/debug
3984 silly ADD node_modules/doctrine
3985 silly ADD node_modules/array.prototype.flatmap
3986 silly ADD node_modules/array.prototype.flat
3987 silly ADD node_modules/array.prototype.findlastindex
3988 silly ADD node_modules/array-includes
3989 silly ADD node_modules/@rtsao/scc
3990 silly ADD node_modules/unrs-resolver
3991 silly ADD node_modules/tinyglobby
3992 silly ADD node_modules/tinyglobby/node_modules/picomatch
3993 silly ADD node_modules/tinyglobby/node_modules/fdir
3994 silly ADD node_modules/stable-hash
3995 silly ADD node_modules/is-bun-module
3996 silly ADD node_modules/is-bun-module/node_modules/semver
3997 silly ADD node_modules/get-tsconfig
3998 silly ADD node_modules/@nolyfill/is-core-module
3999 silly ADD node_modules/resolve
4000 silly ADD node_modules/is-core-module
4001 silly ADD node_modules/fast-glob
4002 silly ADD node_modules/fast-glob/node_modules/glob-parent
4003 silly ADD node_modules/typescript-eslint
4004 silly ADD node_modules/eslint-plugin-react-hooks
4005 silly ADD node_modules/eslint-plugin-react
4006 silly ADD node_modules/eslint-plugin-react/node_modules/resolve
4007 silly ADD node_modules/eslint-plugin-jsx-a11y
4008 silly ADD node_modules/eslint-plugin-import
4009 silly ADD node_modules/eslint-plugin-import/node_modules/debug
4010 silly ADD node_modules/eslint-import-resolver-typescript
4011 silly ADD node_modules/eslint-import-resolver-node
4012 silly ADD node_modules/eslint-import-resolver-node/node_modules/debug
4013 silly ADD node_modules/@next/eslint-plugin-next
4014 silly ADD node_modules/ms
4015 silly ADD node_modules/which
4016 silly ADD node_modules/shebang-command
4017 silly ADD node_modules/path-key
4018 silly ADD node_modules/color-name
4019 silly ADD node_modules/color-convert
4020 silly ADD node_modules/supports-color
4021 silly ADD node_modules/ansi-styles
4022 silly ADD node_modules/uri-js
4023 silly ADD node_modules/json-schema-traverse
4024 silly ADD node_modules/fast-json-stable-stringify
4025 silly ADD node_modules/@humanfs/core
4026 silly ADD node_modules/levn
4027 silly ADD node_modules/strip-json-comments
4028 silly ADD node_modules/js-yaml
4029 silly ADD node_modules/import-fresh
4030 silly ADD node_modules/globals
4031 silly ADD node_modules/@types/json-schema
4032 silly ADD node_modules/@eslint/object-schema
4033 silly ADD node_modules/optionator
4034 silly ADD node_modules/natural-compare
4035 silly ADD node_modules/minimatch
4036 silly ADD node_modules/lodash.merge
4037 silly ADD node_modules/json-stable-stringify-without-jsonify
4038 silly ADD node_modules/is-glob
4039 silly ADD node_modules/imurmurhash
4040 silly ADD node_modules/ignore
4041 silly ADD node_modules/glob-parent
4042 silly ADD node_modules/find-up
4043 silly ADD node_modules/file-entry-cache
4044 silly ADD node_modules/fast-deep-equal
4045 silly ADD node_modules/esutils
4046 silly ADD node_modules/esquery
4047 silly ADD node_modules/espree
4048 silly ADD node_modules/eslint-visitor-keys
4049 silly ADD node_modules/eslint-scope
4050 silly ADD node_modules/escape-string-regexp
4051 silly ADD node_modules/debug
4052 silly ADD node_modules/cross-spawn
4053 silly ADD node_modules/chalk
4054 silly ADD node_modules/ajv
4055 silly ADD node_modules/@types/estree
4056 silly ADD node_modules/@humanwhocodes/retry
4057 silly ADD node_modules/@humanwhocodes/module-importer
4058 silly ADD node_modules/@humanfs/node
4059 silly ADD node_modules/@eslint/plugin-kit
4060 silly ADD node_modules/@eslint/plugin-kit/node_modules/@eslint/core
4061 silly ADD node_modules/@eslint/js
4062 silly ADD node_modules/@eslint/eslintrc
4063 silly ADD node_modules/@eslint/core
4064 silly ADD node_modules/@eslint/config-helpers
4065 silly ADD node_modules/@eslint/config-helpers/node_modules/@eslint/core
4066 silly ADD node_modules/@eslint/config-array
4067 silly ADD node_modules/@eslint-community/regexpp
4068 silly ADD node_modules/@eslint-community/eslint-utils
4069 silly ADD node_modules/@eslint-community/eslint-utils/node_modules/eslint-visitor-keys
4070 silly ADD node_modules/tapable
4071 silly ADD node_modules/graceful-fs
4072 silly ADD node_modules/csstype
4073 silly ADD node_modules/undici-types
4074 silly ADD node_modules/@tailwindcss/oxide-win32-x64-msvc
4075 silly ADD node_modules/@tailwindcss/oxide-win32-arm64-msvc
4076 silly ADD node_modules/@tailwindcss/oxide-wasm32-wasi
4077 silly ADD node_modules/@tailwindcss/oxide-linux-x64-musl
4078 silly ADD node_modules/@tailwindcss/oxide-linux-x64-gnu
4079 silly ADD node_modules/@tailwindcss/oxide-linux-arm64-musl
4080 silly ADD node_modules/@tailwindcss/oxide-linux-arm64-gnu
4081 silly ADD node_modules/@tailwindcss/oxide-linux-arm-gnueabihf
4082 silly ADD node_modules/@tailwindcss/oxide-freebsd-x64
4083 silly ADD node_modules/@tailwindcss/oxide-darwin-x64
4084 silly ADD node_modules/@tailwindcss/oxide-darwin-arm64
4085 silly ADD node_modules/@tailwindcss/oxide-android-arm64
4086 silly ADD node_modules/@jridgewell/resolve-uri
4087 silly ADD node_modules/@jridgewell/sourcemap-codec
4088 silly ADD node_modules/@jridgewell/trace-mapping
4089 silly ADD node_modules/@jridgewell/gen-mapping
4090 silly ADD node_modules/source-map-js
4091 silly ADD node_modules/magic-string
4092 silly ADD node_modules/lightningcss
4093 silly ADD node_modules/jiti
4094 silly ADD node_modules/enhanced-resolve
4095 silly ADD node_modules/@jridgewell/remapping
4096 silly ADD node_modules/postcss
4097 silly ADD node_modules/@tailwindcss/oxide
4098 silly ADD node_modules/@tailwindcss/node
4099 silly ADD node_modules/@alloc/quick-lru
4100 silly ADD node_modules/typescript
4101 silly ADD node_modules/tailwindcss
4102 silly ADD node_modules/react-dom
4103 silly ADD node_modules/react
4104 silly ADD node_modules/next
4105 silly ADD node_modules/next/node_modules/postcss
4106 silly ADD node_modules/eslint-config-next
4107 silly ADD node_modules/eslint-config-next/node_modules/globals
4108 silly ADD node_modules/eslint
4109 silly ADD node_modules/@types/react-dom
4110 silly ADD node_modules/@types/react
4111 silly ADD node_modules/@types/node
4112 silly ADD node_modules/@tailwindcss/postcss
4113 verbose cwd /Users/keremkirici/Projects/NextJS/portfolio-website/temp
4114 verbose os Darwin 25.0.0
4115 verbose node v20.18.2
4116 verbose npm  v11.5.2
4117 verbose exit 0
4118 info ok
